number,publication,source_note,citation,article_id,citation_format,author,title,volume_number,issue_number,day,month,year,date,publisher,location,editor
2,Adams (PA) Sentinel and General Advertiser,"Adams Sentinel and General Advertiser (1826-67) was a weekly newspaper published in Gettysburg, Pennsylvania, founded by Robert Harper at the turn of the century under the title The Adams Centinel. When his son, Robert G. Harper inherited the editorship, he updated the name. The younger Harper was a conservative Whig, and his paper followed suit. In the middle of the nineteenth century, agriculture was the primary industry in Adams County (pop. 25, 981) but manufacturing in the way of mills, irons forges, and lumbering was also present.","Charles H. Glatfelter, ""Adams County Votes for President, 1804-2008,"" Adams County History, 15, no. 3 (2009): 4-64, accessed February 28, 2016, PDF. Samuel T. Wiley, ed., Biographical and Portrait Cyclopedia of Cumberland, York, Adams Counties, Pennsylvania (Philadelphia: C.A. Rouff Company, 1897). U.S. Census Bureau, ""1850 Census,"" accessed February 28, 2016, PDF.",TheAdamsSentinel1853,newspaper-article,,"""A Female Crusoe.""","54,",2,7,November,1853,1853-11-07,Robert G. Harper,"Gettysburg, Pennsylvania",Robert G. Harper
3,Adventure Magazine,"Adventure Magazine (1910-1971) was a pulp magazine originally created by the Ridgway Company first published by the Butterwick Publishing company; Trumbull White was the first editor. He initiated two principle guidelines: the stories published did not have to take place in faraway locales, but it should be a true story, with specific details. Arthur Hoffman became the editor in 1912, and the magazine reached its height of popularity (more than 300,000 subscribers—including Theodore Roosevelt) during his 15 year editorship. At the time of its twenty-fifth anniversary, Time declared Adventure ""the number one pulp.""","Patrick Scott Belk, ""Adventure Magazine: America’s No. 1 Pulp,"" The Pulp Magazine Project, accessed July 25, 2016.",Woodward1930,magazine-article,"Woodward, Arthur.","""A Female Robinson Crusoe.""",,,1,February,1930,1930-02-01,,"New York, New York",Albert A. Proctor
4,Air Time,Air Time (2004-14) was a publication that was printed by the NAVAIR Range Deaprtment for Department of Defense employees and contractors.,"Patricia Sauers, email message to Paige Kuester, November 21, 2016.",Sauers2013_AirTime,magazine-article,"Sauers, Patricia.","""Lost Indian Cave Found on San Nicolas Island.""","4,",2,,Summer,2013,2013-06-01,,,
12,Ancestors West,Ancestors West (1974-current) is the quarterly publication of the Santa Barbara County Genealocial Society. It publishes articles of interest to those who are tracking their family genealogy. Dorothy James Oksner was the editor in 2004.,"""Ancestors West,"" Santa Barbara County Genealogical Society, accessed September 11, 2016. ""Santa Barbara County Genealogical Society,"" Ancestors West 31 no. 1/2 (2004-05): 2, accessed September 11, 2016, PDF.",Dittman2004,newspaper-newsletter-article,"Dittman, Richard H.","""Good Grief, Charley Brown!""","31,",1 & 2,,Fall/Winter,2004/2005,2004-09-01,,"Santa Barbara, California",
16,Art and Archaeology,"Art and Archaelogy (1914-34) was an illustrated monthly magazine published by the Archaeological Institute of America; its first editor was Francis Willey Kelsey. The magazine was launched in an effort to popularize the field, although not all members of the organization were in favor of the strategy, worrying that it would dilute the professionalism of their research. The point became moot during the Great Depression, when the circulation dropped too low for recovery, and the magazine folded.","Art and Archaeology 3 (1916): 2, accessed July 25, 2016, eBook. John G. Pedley, Life and Work of Francis Willey Kelsey: Archeology, Antiquity, and the Arts (Ann Arbor, MI: University of Michigan Press, 2012), accessed July 25, 2016. Stephen L. Dyson, Ancient Marbles to American Shores: Classical Archaeology in the United States (Philadelphia: University of Pennsylvania Press, 1998), accessed July 25, 2016.",Bryan1930,magazine-article,"Bryan, Bruce.","""San Nicolas Island, Treasure House of the Ancients: Part I.""","29,",4,,April,1930,1930-04-01,,,
41,California Archaeology,California Archaeology (2009-current) is the semi-annual publication of the Society for California Archaeology. It features peer-reviewed articles on archaeology and cultural resource management. Terry Jones has been the editor of California Archaeology since its founding.,"""California Archaeology – The SCA Journal, Society for California Archaeology, accessed September 11, 2016. Mark Allen, ""From the President: A New Journal for the Society for California Archaeology,"" Society for California Archaeology, 2008, accessed September 11, 2016.",SchwartzVellanoweth2013,journal-article,"Schwartz, Steven J. and Rene L. Vellanoweth.","""Lone Woman's Cave Found on San Nicolas Island.""","5,",2,,December,2013,2013-12-01,,,
44,California Historical Society Quarterly,"California Historical Society Quarterly (1920-current) is the flagship journal of the California Historical Society. From the start, the society was open to the historically curious, not just professional historians. Today, the journal goes by the name California History.","Carol Kammen and Amy H. Wilson, eds., Encyclopedia of Local History (Lanham, MD: AltaMira, 2013), accessed August 1, 2016. Frontmatter, California History 43, no. 1-4 (1984): 3, accessed August 1, 2016, eBook.",Thomson1953,journal-article,"Thomson, Virginia.","""Note on George Nidever: A ""Clean-Living and Upright"" Trapper.""","32,",3,,,1953,1953-01-01,,"San Francisco, California",
45,California Territorial Quarterly,"California Territorial Quarterly (1990-current) is a magazine published and edited by Bill and Penny Anderson out of Paradise, California. It was formerly called Dogtown Territorial Quarterly, but changed its name in 2002 to reflect the shift in focus from local history to the history of all California. The Andersons run the magazine in conjunction with their shop, Paradise Coin and Gifts. Articles are reviewed by local historians before being published.","Penny Anderson, ""A Short History of the Dogtown Territorial Quarterly,"" Welcome to the California History Website and Paradise Coin and Gift, accessed September 11, 2016.",Harrigan1998,journal-article,"Harrigan, John P.","""The Lone Woman of San Nicolas Island. ""","33,",33,,,1998,1998-01-01,,"Paradise, California",
67,New York Current Literature,"Current Literature (1888-1925) was a monthly magazine founded and edited by Frederick M. Somers out of New York. Somers sold the magazine in 1891; William George Jordan became the new editor. The magazine, which published fiction and literary reviews quickly out rivaled its competitors of larger pages, superior printing quality, and diversity of material. Current Literature reached a circulation of around 40,000 in the middle of the 1890s. Later, the magazine began publishing more news and commentary than fiction and it changed its name to Current Opinion in 1912.","Frank Luther Mott, American Journalism: A History of Newspapers in the United States Through 250 Years: 1690 to 1940 (New York: Macmillan, 1941), accessed June 21, 2016, eBook.",CurrentLiterature1892,newspaper-article,,"""Isle of Skulls.""","10,",1,,May,1892,1892-05-01,,"New York, New York",
68,Currents,Currents (2001-current) is the quarterly energy and environmental magazine of the U.S. Navy. It focuses on the way that the Navy interacts with the environment and natural resources. Its audience is the Navy and those concerned with its impacts on the natural world.,"""Currents,"" U.S. Navy, accessed September 11, 2016, http://greenfleet.dodlive.mil/currents-magazine/. ""U.S. Navy Currents Magazine"" Facebook page, accessed November 17, 2016.",Sauers2013_Currents,magazine-article,"Sauers, Patricia.","""Point Mugu’s Lead Archaeologist Makes a Significant Find.""",,,,Fall,2013,2013-09-01,,,
69,San Francisco Daily Alta California,"Daily Alta California (1849-1891) was founded in San Francisco (pop. 30,000 in 1856) by Edward C. Kemble. It initially appeared three times a week until 1850, when it became the city’s first daily paper. The populist and independent paper featured the first steam press in the city, which accelerated printing time. The Alta California relayed all state governmental proceedings to the people, making it the newspaper of choice for many locals, even as it faced stiff competition (twelve other newspapers were published in the area in 1854).","""Early SF Newspapers – Alta California,"" San Francisco Public Library Herb Caen Magazines and Newspapers Center, last updated September 5, 2009, accessed February 28, 2016. Frank Luther Mott, American Journalism: A History of Newspapers in the United States Through 250 Years: 1690 to 1940 (New York: Macmillan, 1941), 290. ""San Francisco Facilities in the Early 1850’s,"" The Virtual Museum of the City of San Francisco, accessed February 28, 2016.",DailyAltaCalifornia1853,newspaper-article,,"""Female Robinson Crusoe—The Ladies' Fair.""","4,",295,13,November,1853,1853-11-13,E. Gilbert & Co.,"San Francisco, California",
99,Elementary English,"Elementary English (1924-current) is a journal published by the National Council of Teachers of English out of Urbana, Illinois. Casper Carl Certain was the founding editor; Iris Tiedt was the editor in the 1960s. Its focus is reading and writing pedagogy. Its current title is Language Arts and is published 8 times a year.","Aileen Pace Nilsen, ""On the Twentieth Anniversary of the Founding of NCTE’s Women’s Committee,"" The Women in Literature and Life Assembly, Fall 1992, accessed September 4, 2016. ""Elementary English,"" WorldCat, accessed September 4, 2016. Leile Christenbury, ""NCTE and the Shaping of American Literacy Education,"" Reading the Past, Writing the Future (Urbana, IL: NCTE, 2001), accessed September 4, 2016, PDF. Marilyn Lea Miller, ""Certain, Casper Carl,’ Pioneers and Leaders in Library Services to Youth: A Biographical Dictionary (Westport, CT: Libraries Unlimited, 2003), accessed September 4, 2016, eBook. Peter Hunt, ed., ""Educational Publications,"" International Companion Encyclopedia of Children’s Literature, (London: Routledge, 2004), accessed September 4, 2016, eBook.",Stott1975,journal-article,"Stott, Jon C.","""Narrative Technique and Meaning in Island of the Blue Dolphins.""","52,",4,,April,1975,1975-04-01,,,
113,New York Field and Stream,"Field and Stream (1895-current) is a monthly magazine founded by John P. Burkhard and Henry Wellington Wack out of New York; it was originally founded in St. Paul Minnesota but was relocated in 1898. The magazine had boasted a large circulation in the early 1900s, printing printed articles on hunting, fishing, and different wildlife, depending on the season; it also printed Western serials. It remains one of the top outdoorsman magazines today.","Current Advertising (New York: Charles Austin Bates, 1900), accessed July 10, 2016, eBook. J. I. Merrit, ed., The Best of Field and Stream (Guilford, CT: Lyons, 2002), accessed July 10, 2016. Mike, ""Field and Stream Magazine Company History,"" Field and Stream Magazine Company History, June 5, 2012, accessed July 10, 2016. Thomas H. Pauly, Zane Grey (Urbana: University of Illinois Press, 2005), accessed July 10, 2016, eBook.",Gassaway1905,newspaper-article,"Gassaway, Frank.","""Sea Otter Shooting.""","10th year,",2,,June,1905,1905-06-01,,"New York, New York",
115,Frank Leslie's Popular Monthly,"Frank Leslie’s Popular Monthly (1876-1956) was a monthly magazine established by New Yorker Frank Leslie. The magazine featured an assortment of material, from poetry to literature reviews to science. When Leslie died in 1880, but his wife continued the publication, even changing her name to his so that there were no discrepancies. The magazine’s circulation surged in circulation in the mid-1880s to around 125,000, but as the economy declined in the wake of the financial Panic of 1893, circulation dropped to around 62,000. In 1905, the name was changed to the American Magazine; it was discontinued in 1956.","David E. Sumner, The Magazine Century (New York: Peter Lang, 2010), accessed June 21, 2016, eBook. Encyclopedia of American Ethnic Literature (New York: Infobase Learning, 2013), accessed June 21, 2016, eBook. Frank Luther Mott, American Journalism: A History of Newspapers in the United States Through 250 Years: 1690 to 1940 (New York: Macmillan, 1941), accessed June 21, 2016, eBook. R. Gregory Lande, The Abraham Man (New York: Algora, 2012), accessed June 21, 2016, eBook.",Eames1892,newspaper-article,"Eames, Ninetta.","""Three Weeks on a Weird Island.""","34,",6,,December,1892,1892-12-01,,Many of Frank Leslie's magazines were published in NY: https://books.google.co.za/books?id=lm7rSZ2BoK8C&pg=PA437&lpg=PA437&dq=Leslie+Hooper+American+engraver&source=bl&ots=5mdJNzCagV&sig=DvuUcexqBvuzpiUmalkBgsKpqDI&hl=en&ei=bsIfSuKANaSOjAel5piwBg&sa=X&oi=book_result&ct=result#v=onepage&q=Frank%20Leslie%20Popular%20Monthly&f=false,
125,Harper's New Monthly Magazine,"Harper’s Monthly Magazine (1850-current) is a monthly magazine founded by the publishers Harper & Brothers out of New York; it was originally called Harper’s New Monthly Magazine but the New was dropped in 1900. Henry J. Raymond was the founding editor, and Henry Mills Alden became editor in the 1890s. Each edition of Harper’s New Monthly Magazine included a variety of topics and genres, from English serials to science features and travel articles. When Scribner’s Monthly came on the scene in 1870, it spurred Harper’s to improve its illustrations, adding more images to each edition and improving the quality. By the 1890s, Harper’s had reached its peak as an illustrated magazine.","Frank Luther Mott, American Journalism: A History of Newspapers in the United States Through 250 Years: 1690 to 1940 (New York: Macmillan, 1941), accessed June 21, 2016, eBook.",Bennett1898,magazine-article,"Bennett, John E.","""Our Seaboard Islands of the Pacific.""","97,",582,,November,1898,1898-11-01,,"Ithaca, New York",
130,Hutchings' California Illustrated Magazine,"Hutchings’ Illustrated California Magazine (1856-61) was a magazine published by James M. Hutchings, an Englishman who moved to California during the 1849 Gold Rush. After making a fortune in mining and losing it in a bank fiasco, Hutchings found success in journalism. His magazine reached a circulation of 8,000, outrivaling the Pioneer by including various local and foreign illustrated pieces. Hutchings was an early booster of Yosemite; he owned a hotel in the area and published the first illustrated magazine promoting the region as a destination for leisure.","Hutching’s Illustrated Magazine 1-5 (1856-1861), Yosemite, accessed 10 March 2016. James David Hart, A Companion to California: Newly Revised and Expanded with Illustrations (Berkeley, California: University of California Press, 1987), accessed 10 March 2016, eBook.",Russell1856_HCF,magazine-article,"Russell, C. J. W.","""Narrative of a Woman Who Lived Alone 18 Years Alone, Upon the Island of San Nicolas, Coast of California.""","1,",5,,November,1856,1856-11-01,,"San Francisco, California",
130,Hutchings' California Illustrated Magazine,"Hutchings’ Illustrated California Magazine (1856-61) was a magazine published by James M. Hutchings, an Englishman who moved to California during the 1849 Gold Rush. After making a fortune in mining and losing it in a bank fiasco, Hutchings found success in journalism. His magazine reached a circulation of 8,000, outrivaling the Pioneer by including various local and foreign illustrated pieces. Hutchings was an early booster of Yosemite; he owned a hotel in the area and published the first illustrated magazine promoting the region as a destination for leisure.","Hutching’s Illustrated Magazine 1-5 (1856-1861), Yosemite, accessed 10 March 2016. James David Hart, A Companion to California: Newly Revised and Expanded with Illustrations (Berkeley, California: University of California Press, 1987), accessed 10 March 2016, eBook.",HutchingsCaliforniaMagazine1857,magazine-article,,"""The Indian Woman of San Nicolas.""","1,",8,,February,1857,1857-02-01,,"San Francisco, California",
281,Le Mousquetaire (Paris),"Le Mousquetaire (1853-57) was a daily newspaper founded by the author Alexander Dumas (The Count of Monte Cristo, The Three Musketeers) out of Paris, France. The paper published literature and art reviews, and was also the first place Dumas’ Memoirs appeared in print.","Jack Adler, ""Alexandre Dumas and Auguste Macquet,"" Soulmates from the Pages of History (New York: Algora, 2013), accessed September 19, 2016, eBook.",Revoil1855,newspaper-article,"Bénédict Henry Révoil,","""Madame Robinson,""","21,",,25,February,1855,1855-02-25,,Paris,
143,Littell's Living Age,"Littell’s Living Age (1844-96) was a weekly magazine founded in Boston by Eliakim Littell (succeeded by his son, Robert).  The magazine featured literary fiction, particularly from England, and material reprinted from American periodicals and newspapers.  The magazine’s circulation remained moderate (under 10,000) until 1880, but production costs were kept low by drawing on previously published material.","Frank Luther Mott, A History of American Magazines 1741-1850 (Cambridge: Harvard University Press, 1958), accessed February 28, 2016, eBook.",TheLivingAge1847,magazine-article,,"""A Female Crusoe.""","12,",150,3,March,1847,1847-01-01,,"Ithaca, New York",
184,Overland Monthly,"Overland Monthly (1868-75; 1883-1923) was a monthly magazine out of San Francisco founded by Anton Roman, a bookseller and publisher. Overland Monthly promoted California and California writers, but also featured famous contributors such as Mark Twain, Bret Harte, Ambrose Bierce, Willa Cather, and Jack London. Similar in style to eastern publications like the Atlantic Monthly and Lippincott’s, Overland was one of the few Californian publications to attract readers in the east. The magazine went through many owners and editors, including writer Bret Harte, who became the editor, and brought the magazine to its first spike in popularity. It had a circulation of 3,000 in the first six months of his editorship. Once Hart left in 1870, however, the magazine dwindled until ceasing publication in 1875. Soon after, Anton Roman started another magazine that was eventually renamed the Overland. This magazine was even more popular than the first, reaching a circulation of 18,000 in 1888, 30,000 by 1900, and 75,000 in 1912. In 1923, the Overland absorbed Out West Magazine and tacked that title onto the end of its name. The Overland Monthly and Out West Magazine was moved to Los Angeles in 1931 before it folded completely in 1935.","Frank Luther Mott, A History of American Magazines 1741-1850 (Cambridge: Harvard University Press, 1958), accessed 13 March 2016, eBook.",Walcott1872,magazine-article,"Walcott, Josephine.","""Hona Maria.""","9,",2,,August,1872,1872-08-01,,"San Francisco, California",Anton Roman
184,Overland Monthly,"Overland Monthly (1868-75; 1883-1923) was a monthly magazine out of San Francisco founded by Anton Roman, a bookseller and publisher. Overland Monthly promoted California and California writers, but also featured famous contributors such as Mark Twain, Bret Harte, Ambrose Bierce, Willa Cather, and Jack London. Similar in style to eastern publications like the Atlantic Monthly and Lippincott’s, Overland was one of the few Californian publications to attract readers in the east. The magazine went through many owners and editors, including writer Bret Harte, who became the editor, and brought the magazine to its first spike in popularity. It had a circulation of 3,000 in the first six months of his editorship. Once Hart left in 1870, however, the magazine dwindled until ceasing publication in 1875. Soon after, Anton Roman started another magazine that was eventually renamed the Overland. This magazine was even more popular than the first, reaching a circulation of 18,000 in 1888, 30,000 by 1900, and 75,000 in 1912. In 1923, the Overland absorbed Out West Magazine and tacked that title onto the end of its name. The Overland Monthly and Out West Magazine was moved to Los Angeles in 1931 before it folded completely in 1935.","Frank Luther Mott, A History of American Magazines 1741-1850 (Cambridge: Harvard University Press, 1958), accessed 13 March 2016, eBook.",Dall1874,magazine-article,"Dall, W. H.","""The Lords of the Isles.""","12,",6,,June,1874,1874-06-15,,"San Francisco, California",Anton Roman
184,Overland Monthly,"Overland Monthly (1868-75; 1883-1923) was a monthly magazine out of San Francisco founded by Anton Roman, a bookseller and publisher. Overland Monthly promoted California and California writers, but also featured famous contributors such as Mark Twain, Bret Harte, Ambrose Bierce, Willa Cather, and Jack London. Similar in style to eastern publications like the Atlantic Monthly and Lippincott’s, Overland was one of the few Californian publications to attract readers in the east. The magazine went through many owners and editors, including writer Bret Harte, who became the editor, and brought the magazine to its first spike in popularity. It had a circulation of 3,000 in the first six months of his editorship. Once Hart left in 1870, however, the magazine dwindled until ceasing publication in 1875. Soon after, Anton Roman started another magazine that was eventually renamed the Overland. This magazine was even more popular than the first, reaching a circulation of 18,000 in 1888, 30,000 by 1900, and 75,000 in 1912. In 1923, the Overland absorbed Out West Magazine and tacked that title onto the end of its name. The Overland Monthly and Out West Magazine was moved to Los Angeles in 1931 before it folded completely in 1935.","Frank Luther Mott, A History of American Magazines 1741-1850 (Cambridge: Harvard University Press, 1958), accessed 13 March 2016, eBook.",Schumacher1875,magazine-article,"Schumacher, Paul.","""Some Remains of a Former People.""","15,",4,,October,1875,1875-10-01,,"San Francisco, California",Anton Roman
184,Overland Monthly,"Overland Monthly (1868-75; 1883-1923) was a monthly magazine out of San Francisco founded by Anton Roman, a bookseller and publisher. Overland Monthly promoted California and California writers, but also featured famous contributors such as Mark Twain, Bret Harte, Ambrose Bierce, Willa Cather, and Jack London. Similar in style to eastern publications like the Atlantic Monthly and Lippincott’s, Overland was one of the few Californian publications to attract readers in the east. The magazine went through many owners and editors, including writer Bret Harte, who became the editor, and brought the magazine to its first spike in popularity. It had a circulation of 3,000 in the first six months of his editorship. Once Hart left in 1870, however, the magazine dwindled until ceasing publication in 1875. Soon after, Anton Roman started another magazine that was eventually renamed the Overland. This magazine was even more popular than the first, reaching a circulation of 18,000 in 1888, 30,000 by 1900, and 75,000 in 1912. In 1923, the Overland absorbed Out West Magazine and tacked that title onto the end of its name. The Overland Monthly and Out West Magazine was moved to Los Angeles in 1931 before it folded completely in 1935.","Frank Luther Mott, A History of American Magazines 1741-1850 (Cambridge: Harvard University Press, 1958), accessed 13 March 2016, eBook.",McDougall1890,magazine-article,"McDougall, William H.","""A Woman's Log of 1849.""","16,",93,,September,1890,1890-09-01,,"San Francisco, California",
184,Overland Monthly,"Overland Monthly (1868-75; 1883-1923) was a monthly magazine out of San Francisco founded by Anton Roman, a bookseller and publisher. Overland Monthly promoted California and California writers, but also featured famous contributors such as Mark Twain, Bret Harte, Ambrose Bierce, Willa Cather, and Jack London. Similar in style to eastern publications like the Atlantic Monthly and Lippincott’s, Overland was one of the few Californian publications to attract readers in the east. The magazine went through many owners and editors, including writer Bret Harte, who became the editor, and brought the magazine to its first spike in popularity. It had a circulation of 3,000 in the first six months of his editorship. Once Hart left in 1870, however, the magazine dwindled until ceasing publication in 1875. Soon after, Anton Roman started another magazine that was eventually renamed the Overland. This magazine was even more popular than the first, reaching a circulation of 18,000 in 1888, 30,000 by 1900, and 75,000 in 1912. In 1923, the Overland absorbed Out West Magazine and tacked that title onto the end of its name. The Overland Monthly and Out West Magazine was moved to Los Angeles in 1931 before it folded completely in 1935.","Frank Luther Mott, A History of American Magazines 1741-1850 (Cambridge: Harvard University Press, 1958), accessed 13 March 2016, eBook.",Kinsell1891,magazine-article,"Kinsell, Martinette.","""The Santa Barbara Islands.""","13,",40,,,1891,1891-01-01,,"San Francisco, California",
184,Overland Monthly,"Overland Monthly (1868-75; 1883-1923) was a monthly magazine out of San Francisco founded by Anton Roman, a bookseller and publisher. Overland Monthly promoted California and California writers, but also featured famous contributors such as Mark Twain, Bret Harte, Ambrose Bierce, Willa Cather, and Jack London. Similar in style to eastern publications like the Atlantic Monthly and Lippincott’s, Overland was one of the few Californian publications to attract readers in the east. The magazine went through many owners and editors, including writer Bret Harte, who became the editor, and brought the magazine to its first spike in popularity. It had a circulation of 3,000 in the first six months of his editorship. Once Hart left in 1870, however, the magazine dwindled until ceasing publication in 1875. Soon after, Anton Roman started another magazine that was eventually renamed the Overland. This magazine was even more popular than the first, reaching a circulation of 18,000 in 1888, 30,000 by 1900, and 75,000 in 1912. In 1923, the Overland absorbed Out West Magazine and tacked that title onto the end of its name. The Overland Monthly and Out West Magazine was moved to Los Angeles in 1931 before it folded completely in 1935.","Frank Luther Mott, A History of American Magazines 1741-1850 (Cambridge: Harvard University Press, 1958), accessed 13 March 2016, eBook.",Yates1896,magazine-article,"Yates, Lorenzo Gordin.","""The Deserted Homes of a Lost People: The Santa Barbara Channel Islands.""","27,",161,,May,1896,1896-05-01,,"San Francisco, California",
184,Overland Monthly,"Overland Monthly (1868-75; 1883-1923) was a monthly magazine out of San Francisco founded by Anton Roman, a bookseller and publisher. Overland Monthly promoted California and California writers, but also featured famous contributors such as Mark Twain, Bret Harte, Ambrose Bierce, Willa Cather, and Jack London. Similar in style to eastern publications like the Atlantic Monthly and Lippincott’s, Overland was one of the few Californian publications to attract readers in the east. The magazine went through many owners and editors, including writer Bret Harte, who became the editor, and brought the magazine to its first spike in popularity. It had a circulation of 3,000 in the first six months of his editorship. Once Hart left in 1870, however, the magazine dwindled until ceasing publication in 1875. Soon after, Anton Roman started another magazine that was eventually renamed the Overland. This magazine was even more popular than the first, reaching a circulation of 18,000 in 1888, 30,000 by 1900, and 75,000 in 1912. In 1923, the Overland absorbed Out West Magazine and tacked that title onto the end of its name. The Overland Monthly and Out West Magazine was moved to Los Angeles in 1931 before it folded completely in 1935.","Frank Luther Mott, A History of American Magazines 1741-1850 (Cambridge: Harvard University Press, 1958), accessed 13 March 2016, eBook.",Paul1911,magazine-article,"Paul, Oliver M.","""Female Robinson Crusoe.""",58,3,,July-December,1911,1911-07-15,,"San Francisco, California",
185,Overland Monthly,"Overland Monthly (1868-75; 1883-1923) was a monthly magazine out of San Francisco founded by Anton Roman, a bookseller and publisher. Overland Monthly promoted California and California writers, but also featured famous contributors such as Mark Twain, Bret Harte, Ambrose Bierce, Willa Cather, and Jack London. Similar in style to eastern publications like the Atlantic Monthly and Lippincott’s, Overland was one of the few Californian publications to attract readers in the east. The magazine went through many owners and editors, including writer Bret Harte, who became the editor, and brought the magazine to its first spike in popularity. It had a circulation of 3,000 in the first six months of his editorship. Once Hart left in 1870, however, the magazine dwindled until ceasing publication in 1875. Soon after, Anton Roman started another magazine that was eventually renamed the Overland. This magazine was even more popular than the first, reaching a circulation of 18,000 in 1888, 30,000 by 1900, and 75,000 in 1912. In 1923, the Overland absorbed Out West Magazine and tacked that title onto the end of its name. The Overland Monthly and Out West Magazine was moved to Los Angeles in 1931 before it folded completely in 1935.","Frank Luther Mott, A History of American Magazines 1741-1850 (Cambridge: Harvard University Press, 1958), accessed 13 March 2016, eBook.",Clifford1921,magazine-article,"Clifford, Josephine.","""Hona Maria.""","78,",5,,November,1921,1921-11-01,,"San Francisco, California",
188,Pacific Discovery,"Pacific Discovery (1948-200?) was a magazine published by the California Academy of Sciences out of San Francisco; Don Greame Kelley was the founding editor. The magazine was originally published as a bi-monthly but switched to a quarterly in 1984. Pacific Discovery focused on natural history and conservation. In 1997, the name was changed to California Wild.  Today, the California Academy of Sciences functions primarily as a science education center, housing an aquarium, planetarium, and natural history museum, but it also encompasses the Institute for Biodiversity Science and Sustainability, which employs more than 100 scientists.","""About California Wild,"" California Wild, accessed August 2, 2016. ""Back Issues,"" California Wild, accessed August 2, 2016. California Academy of Sciences, 18 Million Real Things (San Francisco: California Academy of Sciences, 2003), accessed August 2, 2016, eBook. Editors of the Encyclopedia Britannica, ""California Academy of Sciences (CAS),"" Encyclopedia Britannica, accessed August 2, 2016. Proceedings – Pacific Science Congress 13-16 (1959): no page, accessed August 2, 2016, eBook. Susan Wels, California Academy of Sciences: Architecture in Harmony with Nature (San Francisco: Chronicle Books, 2008), accessed August 2, 2016, eBook.",Meighan1954,magazine-article,"Meighan, Clement W.","""The Nicoleño.""","7,",1,,January-February,1954,1954-01-01,,,
188,Pacific Discovery,"Pacific Discovery (1948-200?) was a magazine published by the California Academy of Sciences out of San Francisco; Don Greame Kelley was the founding editor. The magazine was originally published as a bi-monthly but switched to a quarterly in 1984. Pacific Discovery focused on natural history and conservation. In 1997, the name was changed to California Wild.  Today, the California Academy of Sciences functions primarily as a science education center, housing an aquarium, planetarium, and natural history museum, but it also encompasses the Institute for Biodiversity Science and Sustainability, which employs more than 100 scientists.","""About California Wild,"" California Wild, accessed August 2, 2016. ""Back Issues,"" California Wild, accessed August 2, 2016. California Academy of Sciences, 18 Million Real Things (San Francisco: California Academy of Sciences, 2003), accessed August 2, 2016, eBook. Editors of the Encyclopedia Britannica, ""California Academy of Sciences (CAS),"" Encyclopedia Britannica, accessed August 2, 2016. Proceedings – Pacific Science Congress 13-16 (1959): no page, accessed August 2, 2016, eBook. Susan Wels, California Academy of Sciences: Architecture in Harmony with Nature (San Francisco: Chronicle Books, 2008), accessed August 2, 2016, eBook.",Norris1960,magazine-article,"Norris, R. M.","""Desert San Nicolas.""",13,,,,1960,1960-01-01,,"San Francisco, California",
189,Pacific Monthly,"Pacific Monthly (1898-1912) was a monthly magazine originally managed by William Brittle Wells out of Portland, Oregan. Wells was a product of the new Stanford University, and was very Western-minded. Therefore, the magazine was founded to promote the West as a destination for both tourists and settlers. Pacific Monthly printed articles about regional politics and culture, as well as fiction articles. In the 1910s, Pacific Monthly, whose area of coverage centered on the Pacific Nrothwest, merged with the magazine Sunset, whose focus was on California and the Southwest (Sunset had been founded by the Southern Pacific Railroad to attract interest in the region.) When the periodicals merged, the new title became Sunset: The Pacific Monthly.","""Fred Lockley Papers, 1911-1950,"" Archives West, accessed July 17, 2016. ""Sunset as the Magazine of Western Living and The Pacific Monthly,"" Sunset, February 1990: 117.",Tenney1907,magazine-article,"Tenney, W. A.","""The Hermit of San Nicholas.""","18,",1,,,1907,1907-01-01,,"Portland, Oregon",
199,Priestly Studies,"Priestly Studies was a journal published three times a year between 1932-66 by student friars attending the Franciscan School of Theology (also called the ""Old Mission Theological Seminary"") at Santa Barbara, California. In 1968, the school merged with the Graduate Theological Union in Berkeley, California and in 2013, it moved again to Old Mission San Luis Rey in Oceanside, California; it is currently part of the University of San Diego.","""Bibliography,"" Brand Book, 7 (1957): 270, accessed July 27, 2016. Brother Timothy Arthur, email message to Sara Schwebel, October 18, 2013. Pinbar Kenneally, Catholic Seminaries of California as Educational Institutions 1840-1950 (Toronto: n.p., 1956), accessed July 27, 2016, eBook.",Cronin1944,journal-article,"Cronin, Blaise.","""Juana Maria.""","12,",2,,,1944,1944-01-01,,"Santa Barbara, California",
201,Psychology Today,"Psychology Today (1967-current) is a bimonthly magazine founded by Nicholas Charney out of Del Mar, California. Charney wanted to make the academic field of psychology accessible to the average person. Psychology Today focuses on current issues from a psychologicsal point of view. Shortly after its founding, the magazine moved to New York City, where it is published today.","""About Psychology Today,"" Psychology Today, accessed September 4, 2016. Editors of the Encyclopedia Britannica, ""Psychology Today,"" Encyclopedia Britannica, last updated February 8, 2016, accessed September 4, 2016. ""Issue Archive,"" Psychology Today, accessed September 4, 2016. O.L. Freeman, ""’Letting the Air In,’"" Psychology Today, last updated June 9, 2016, accessed September 4, 2016. ""Psyching Out of the Coast,"" New York Magazine 7, no. 50 (1974): 104, eBook, accessed October 23, 2016.",ODell1968,magazine-article,"O'Dell, Scott.","""An Adventure with Memory and Words.""","1,",8,,January,1968,1968-01-01,,"New York, New York",
203,"Putnam's Monthly: A Magazine of Literature, Science, and Art","Putnam's Monthly Magazine of American Literature, Science, and Art (1853-1910) was a magazine founded by George Palmer Putnam out of New York. It only published American authors, appealing to readers and contributors alike as most magazines at the time only republished British writings. While Herman Melville published ""The Encantadas"" in the magazine with his byline, but many prominent authors chose to publish in Putnam’s anonymously.","Hester Blum, The View from the Masthead: Maritime Imagination and Antebellum American Sea Narratives (Chapel Hill: University of North Carolina Press, 2008), accessed 8 March 2016, eBook. ""Making of America,"" Cornell University Library, accessed 8 March 2016.",Melville1854,magazine-article,"Melville, Herman.","""Sketch Eighth: Charles' Isle and the Dog-King,"" in ""The Encantadas, or Enchanted Isles.""","3,",16,,April,1854,1854-04-01,,,
222,Santa Barbara Magazine,"Santa Barbara Magazine (1999-current) is a magazine that was founded by Bill Smith out of Santa Barbara California. This magazine caters to affluent reidents of Southern California, with content on local history, people, places, and businesses.","Santa Barbara Magazine Staff, phone conversation to Paige Kuester, November 30, 2016. ""To Advertise,"" Santa Barbara Magazine, accessed November 30, 2016, http://sbmag.com/to-advertise/.",Howorth1988-Cave,magazine-article,"Howorth, Peter C.","""San Nicolas Island: The Elusive Source of the Chumash Magic Stones,"" and ""The Cave of the Whales.""","14,",4,,July/August,1988,1988-07-01,,"Santa Barbara, California",
222,Santa Barbara Magazine,"Santa Barbara Magazine (1999-current) is a magazine that was founded by Bill Smith out of Santa Barbara California. This magazine caters to affluent reidents of Southern California, with content on local history, people, places, and businesses.","Santa Barbara Magazine Staff, phone conversation to Paige Kuester, November 30, 2016. ""To Advertise,"" Santa Barbara Magazine, accessed November 30, 2016, http://sbmag.com/to-advertise/.",Howorth1988-Magic,magazine-article,"Howorth, Peter C.","""San Nicolas Island: The Elusive Source of the Chumash Magic Stones,"" and ""The Cave of the Whales.""","14,",4,,July/August,1988,1988-07-01,,"Santa Barbara, California",
224,Santa Barbara (CA) Seasons,"Santa Barbara Seasons (2000-current) is a joint blog/print magazine that has been edited by Leslie Dinaberg since 2010. It promotes the city and culture of Santa Barbara, catering to an affluent readership in that city and in Los Angeles. Seasons has a print circulation of 25,0000 in 2016.","""An Evening with Michael McDonald and Friends,"" Santa Barbara Seasons, October 1, 2001, accessed September 11, 2016. Leslie Dinaberg, LeslieDinaberg.com, 2016, accessed September 11, 2016. Lisa Angle, ""Review: Magazine Publishing and Writing in a 2.0 World,"" The Association for Women in Communications, November 16, 2012, accessed September 11, 2016. ""Media Kit,"" Santa Barbara Seasons, accessed September 16, 2016. ""Media Kit,"" Santa Barbara Seasons, accessed September 16, 2016, PDF.",TelleenLawton2013_Blog,blog/website,"Telleen-Lawton, Karen.","""The Lost Woman of San Nicolas Island,""",blog,,11,July,2013,2013-07-11,,"Santa Barbara, California",
224,Santa Barbara (CA) Seasons,"Santa Barbara Seasons (2000-current) is a joint blog/print magazine that has been edited by Leslie Dinaberg since 2010. It promotes the city and culture of Santa Barbara, catering to an affluent readership in that city and in Los Angeles. Seasons has a print circulation of 25,0000 in 2016.","""An Evening with Michael McDonald and Friends,"" Santa Barbara Seasons, October 1, 2001, accessed September 11, 2016. Leslie Dinaberg, LeslieDinaberg.com, 2016, accessed September 11, 2016. Lisa Angle, ""Review: Magazine Publishing and Writing in a 2.0 World,"" The Association for Women in Communications, November 16, 2012, accessed September 11, 2016. ""Media Kit,"" Santa Barbara Seasons, accessed September 16, 2016. ""Media Kit,"" Santa Barbara Seasons, accessed September 16, 2016, PDF.",TelleenLawton2013_Mag,magazine-article,"Telleen-Lawton, Karen.","""The Lost Woman of San Nicolas Island.""",blog,,11,July,2013,2013-07-11,,"Santa Barbara, California",
229,Scribner's Monthly,"Scribner’s Monthly (1870-1930) was a magazine founded by Dr. Josiah Gilbert Holland, Roswell Smith, and Charles Scribner. This Presbyterian paper quickly came to rival the Methodist Harper’s Monthly, publishing fiction, poems, moral advice, travel guides, current events, and more. Scribner's was especially known for its prominent use of illustrations. In 1885, circulation was about 200,000.","Frank Luther Mott, A History of American Magazines 1741-1850 (Cambridge: Harvard University Press, 1958), accessed 28 February 2016, eBook.",Hardacre1880_SM,magazine-article,"Hardacre, Emma.","""Eighteen Years Alone: A Tale of the Pacific.""",20,,,,1880,1880-05-01,,"New York, New York",
230,Sea History Magazine,"Sea History Magazine (1970-current) is the quarterly magazine of the National Maritime Historical Society and is published for its members, which at the beginning of the twenty-first century numbered more than 10,000. Sea History Magazine’s focus is maritime history, broadly construed.","National Maritime Historical Society, accessed November 6, 2016, https://www.seahistory.org.",King2013,magazine-article,"King, Richard.","""Animals in Sea History: Sea Otter.""",,145,,Winter,2013-14,2013-12-01,National Maritime Historical Society.,,
127,Historical Society of Southern California Quarterly,"Southern California Quarterly (1884-current) is the flagship journal of the Historical Society of Southern California; its focus is the history of Southern California, but it also publisges on Calfornia state history, and the West more generally. Its audience includes both professional historians and the general public.","""About,"" Southern California Quarterly, accessed August 2, 2016.",Romer1959,journal-article,"Romer, Margaret.","""The Last of the Canaliños.""","41,",3,,,1959,1959-01-01,University of California Press,,
295,St. John's (CAN) Public Ledger,"St. John’s Public Ledger (1827-82) was a semi-weekly newspaper founded by Henry Winton out of St. John’s, Newfoundland, Canada. Winton was very outspoken about his anti-catholic beliefs, which led to physical attacks against him that ultimately ended in someone cutting off part of his ears. His son, also Henry Winton, took over the paper in the 1850s. St. John’s was a growing city in the 1870s and had many different small-cale manufacturing industries.","Philip Tocque, ""Chapter XVI: Population, Religion, and Education,"" Newfoundland: As It Was, and As It Is in 1877 (Toronto: John B. Magurn, 1878), accessed October 6, 2016, eBook. Shannon Ryan, ""Newspapers,"" The Ice Hunters: A History of Newfoundland Sealing to 1914 (St. John’s, NF: Breakwater, 1994), accessed October 6, 2016. ""St. John’s,"" Historica Canada, Anthony Wilson Smith, accessed October 6, 2016, http://www.thecanadianencyclopedia.ca/en/article/st-johns/. William Wilson, ""Literature,"" Newfoundland and its Missionaries (Cambridge, MA: Dakin and Metcalf, 1866), accessed October 6, 2016, eBook.",ThePublicLedger1879,newspaper-article,,"""A Female Robinson Crusoe,""","5,",no. 30,30,May,1879,1879-05-30,F. W. Bowden,"St. John's, Newfoundland, Canada",
324,The Dawn: A Journal for Australian Women,"The Dawn: A Journal for Australian Women (1888-1905) was a monthly suffragist publication that was founded and published by Louisa Lawson (pen name for Dora Falconer) out of New South Wales, Australia. The newspaper provided a forum for women’s political writing but also published articles on various aspects of women’s lives, including childrearing and cooking. Its primary audience was working class women, and it circulated rurally in rural as well as urban areas.","Annie Holden Ronning, ""Louisa Lawson and the Woman Question,"" Coolabah no. 26 (2015): 74-86, PDF.",TheDawn1881,journal-article,"[Fred Spalding Witter],","""A Female Robinson Crusoe,""",8,no. 3,1,July,1895,1895-07-01,,"Sydney, New South Wales, Australia",
260,Touring Topics,"Touring Topics (1909-current) is a magazine founded by the Auto Club of Southern California and is distributed to its members. The magazine originally focused on automobiles exclusively, and it called for the improvement of local roads and road signs. When Phil Townsend Hanna became the editor of Touring Topics in 1926, the magazine expanded its coverage into the arts, featuring literary pieces and landscapes by local artists, and also travel and tourism, promoting the West Coast as superior to the East Coast for living and for business. In 1934, the publication’s name was changed to Westways to reflect the magazine’s new focus.","Christopher Smith, ""Westways Magazine Celebrates a Century of Car Culture,"" Los Angeles Times, February 23, 2009, accessed July 25, 2016. John Crosse, ""Touring Topics/Westway: The Phil Townsend Hanna and ‘Scenic View Ahead: The Westwats Cover Art Program, 1928-1981,"" Southern California Architectural History, accessed July 25, 2016.",Wolfe1928,magazine-article,"Wolfe, Gordon.","""The Lost Woman of San Nicolas.""","20,",7,,,1928,1928-01-01,,"Los Angeles, California",
165,Nebraska Advertiser,"A Source Note for this publication can be found on the Library of Congress' 
Chronicling America: Historic American Newspapers webpage.",,Gassaway1905_NA,newspaper-article,"Gassaway, Frank.","""Story of a Woman Crusoe.""","50,",14,1,September,1905,1905-09-01,,"Nemaha, Nebraska",
91,Dearborn (MI) Independent,"A Source Note for this publication can be found on the Library of Congress' 
Chronicling America: Historic American Newspapers webpage.",,TheDearbornIndependent1920,newspaper-article,,"""Homes of Prehistoric Folk to Be Explored.""",,,31,July,1920,1920-07-31,,"Dearborn, Michigan",
211,Sacramento Daily Union,A Source Note for this publication can be found on the Library of Congress' Chronicling America: Historic American Newspapers webpage.,,SacramentoDailyUnion1853_Nov1,newspaper-article,,"""The Wild Woman of California.""","6,",813,1,November,1853,1853-11-01,,"Sacramento, California",
211,Sacramento Daily Union,A Source Note for this publication can be found on the Library of Congress' Chronicling America: Historic American Newspapers webpage.,,SacramentoDailyUnion1853_Nov15,newspaper-article,,"""Wild Woman of San Nicholas.""",6,825,15,November,1853,1853-11-15,,"Sacramento, California",
211,Sacramento Daily Union,A Source Note for this publication can be found on the Library of Congress' Chronicling America: Historic American Newspapers webpage.,,SacramentoDailyUnion1856,newspaper-article,,"""Further Particulars of the California Crusoe.""",,,29,December,1856,1856-12-29,E.G. Jefferis & Co.,"Sacramento, California",
212,Sacramento Daily Record-Union,A Source Note for this publication can be found on the Library of Congress' Chronicling America: Historic American Newspapers webpage.,,SacramentoDailyRecordUnion1881,newspaper-article,,"""In the Art Loan Exhibition at Santa Barbara...""",,,19,February,1881,1881-02-19,,"Sacramento, California",
196,Franklin (LA) Planters' Banner,"A Source Note for this publication can be found on the Library of Congress' 
Chronicling America: Historic American Newspapers webpage.",,PlantersBanner1853,newspaper-article,,"""A Female Crusoe.""",,,17,November,1853,1853-11-17,,"Franklin, Louisiana",E.C. Kemble & J.E. Dnrivage
335,Wichita (KS) Daily Eagle,"A Source Note for this publication can be found on the Library of Congress' 
Chronicling America: Historic American Newspapers webpage.",,TheWichitaDailyEagle1892,newspaper-article,,"""The Isle of Skulls. A Woman's Lonely Life Surrounded by the Bones of Her Tribe,""",16,no. 138,26,April,1892,1892-04-26,,"Wichita, Kansas",
330,Barber County (KS) Index,"A Source Note for this publication can be found on the Library of Congress' 
Chronicling America: Historic American Newspapers webpage.",,TheBarberCountyIndex1887,newspaper-article,,"""A Mountain Mystery. The Strange Apparition Seen by Two Veracious California Hunters,""",7,no. 44,30,March,1887,1887-03-30,,"Medicine Lodge, Kansas",
197,Honolulu Polynesian,"A Source Note for this publication can be found on the Library of Congress' 
Chronicling America: Historic American Newspapers webpage.",,ThePolynesian1847,newspaper-article,,"""A Female Crusoe.""","4,",12,7,August,1847,1847-08-07,,"Honolulu, Hawaii",
314,New Orleans (LA) Daily Crescent,"A Source Note for this publication can be found on the Library of Congress' 
Chronicling America: Historic American Newspapers webpage.",,NewOrleansDailyCrescent1857,newspaper-article,"C. J. W. Russell,","""A California Crusoe. Narrative of a Woman Who Lived Eighteen Years Alone on San Nicolas Island,""",9,no. 279,26,January,1857,1857-01-26,,"New Orleans, Louisiana",
245,Washington (DC) Suburban Citizen,"A Source Note for this publication can be found on the Library of Congress' 
Chronicling America: Historic American Newspapers webpage.",,MEDudley1901_TSC,newspaper-article,"Dudley, M. E.","""The Woman of San Nicolas Island. A Strange Story of the Pacific Coast.""","13,",41,2,November,1901,1901-11-02,,"Washington, DC",
322,Millheim (PA) Journal,"A Source Note for this publication can be found on the Library of Congress' 
Chronicling America: Historic American Newspapers webpage.",,TheMillheimJournal1879,newspaper-article,,"""A Female Crusoe,""",53,no. 48,4,December,1879,1879-12-04,,"Millheim, Pennsylvania",
167,New York Daily Tribune,"A Source Note for this publication can be found on the Library of Congress' 
Chronicling America: Historic American Newspapers webpage.",,NewYorkDailyTribune1847,newspaper-article,,"""A Female Crusoe.""","6,",243,18,January,1847,1847-01-18,Greeley & McElrath,"New York, New York",Horace Greeley
167,New York Daily Tribune,"A Source Note for this publication can be found on the Library of Congress' 
Chronicling America: Historic American Newspapers webpage.",,NewYorkDailyTribune1893,newspaper-article,,"""Personal.""","53,","17,048",19,July,1893,1893-07-19,,"New York, New York",
248,New York Sun,"A Source Note for this publication can be found on the Library of Congress' 
Chronicling America: Historic American Newspapers webpage.",,TheSun1892,newspaper-article,,"""Golgotha In the Pacific. An Expedition Now Exploring the Channel Islands. Mystery of a Group of Islands On the Pacific Coast-The Lone Woman of San Nicolas, the Last of Her Race-Skeletons of Gianta Whose Story is Unknown.""","64,",34,4,October,1896,1896-10-04,,"New York, New York",
248,New York Sun,"A Source Note for this publication can be found on the Library of Congress' 
Chronicling America: Historic American Newspapers webpage.",,TheSun1896,newspaper-article,,"""Golgotha In the Pacific. An Expedition Now Exploring the Channel Islands. Mystery of a Group of Islands On the Pacific Coast-The Lone Woman of San Nicolas, the Last of Her Race-Skeletons of Gianta Whose Story is Unknown.""","64,",34,4,October,1896,1896-10-04,,"New York, New York",
48,Cambria (PA) Freeman,"A Source Note for this publication can be found on the Library of Congress' 
Chronicling America: Historic American Newspapers webpage.",,CambriaFreeman1879,newspaper-article,,"""A Female Robinson Crusoe.""","13,",9,21,March,1879,1879-03-21,,"Ebensburg, Pennsylvania",
48,Cambria (PA) Freeman,"A Source Note for this publication can be found on the Library of Congress' 
Chronicling America: Historic American Newspapers webpage.",,CambriaFreeman1880,newspaper-article,,"""An Indian Female Crusoe. The Strange Story of a Woman Who Lived Eighteen Years Alone On an Island in the Pacific.""","14,",35,24,September,1880,1880-09-24,Henry A. McPike,"Ebensburg, Pennsylvania",Henry A. McPike
48,Cambria (PA) Freeman,"A Source Note for this publication can be found on the Library of Congress' 
Chronicling America: Historic American Newspapers webpage.",,CambriaFreeman1885,newspaper-article,,"""A Female Crusoe.""","19,",22,3,July,1885,1885-07-03,,"Ebensburg, Pennsylvania",
331,Ravenna (OH) Democratic Press,"A Source Note for this publication can be found on the Library of Congress' 
Chronicling America: Historic American Newspapers webpage.",,TheDemocraticPress1887,newspaper-article,,"""A Mountain Mystery,""",19,no. 30,3,March,1887,1887-03-03,,"Ravenna, Ohio",
198,Revenna (OH) Portage Sentinel,"A Source Note for this publication can be found on the Library of Congress' 
Chronicling America: Historic American Newspapers webpage.",,ThePortageSentinel1853,newspaper-article,,"""A Female Robinson Crusoe.""","9,",27,28,December,1853,1853-12-28,,"Revenna, Ohio",
13,New Lisbon (OH) Anti-Slavery Bugle,"A Source Note for this publication can be found on the Library of Congress' 
Chronicling America: Historic American Newspapers webpage.",,TheAntiSlaveryBugle1853,newspaper-article,C.,"""A Female Crusoe.""",,,3,December,1853,1853-12-03,Ohio American Antislavery Society,"New-Lisbon, Ohio",Marius R. Robinson
317,Memphis (TN) Daily Appeal,"A Source Note for this publication can be found on the Library of Congress' 
Chronicling America: Historic American Newspapers webpage.",,TheMemphisDailyAppeal1857,newspaper-article,"C. J. W. Russell,","""A California Crusoe. Narrative of a Woman Who Lived Eighteen Years Alone Upon the Island of San Nicolas,""",8,no. 3,24,April,1857,1857-04-24,"M'Clanahan, Hutton & Co.","Memphis, Tennessee",
216,Salt Lake (UT) Tribune,A Source Note for this publication can be found on the Library of Congress' Chronicling America: Historic American Newspapers webpage.,,Gassaway1905_TSLT,newspaper-article,"Gassaway, Frank.","""Story of a Woman Crusoe.""","71,",100,23,July,1905,1905-07-23,,"Salt Lake City, Utah",
216,Salt Lake (UT) Tribune,A Source Note for this publication can be found on the Library of Congress' Chronicling America: Historic American Newspapers webpage.,,TheSaltLakeTribune1910,review-book,,"""The Attractive Isles. The Channel Islands of California: a Book for the Angler, Sportsman, and Tourist. By Charles Frederick Holder With Nearly 150 Illustrations from Photographs, and Twelve Maps, Published by A. C. McClurg & Co., Chicago.""","81,",59,12,June,1910,1910-06-12,Salt Lake Tribune Publishing Co.,"Salt Lake City, Utah",
95,Salt Lake City Deseret Evening News,"A Source Note for this publication can be found on the Library of Congress' 
Chronicling America: Historic American Newspapers webpage.",,TheDeseretEveningNews1900,newspaper-article,,"""An Isle of Skulls. California Islands That Were Once Inhabited by a Race now Extinct--Awful Desolation of Spot Which Once Supported Life.""","52nd year,",16,8,December,1900,1900-12-08,,"Salt Lake City, Utah",
241,St. Louis Republic,"A Source Note for this publication can be found on the Library of Congress' 
Chronicling America: Historic American Newspapers webpage.",,StLouisRepublic1893,newspaper-article,,"""A Feminine Crusoe. She Lived Seventeen Years Alone On an Island. Rescued to Die the Sooner--A Strange Story Juana Maria Better-Than-Nothing's' Adventures On a Desert Island.""",86,,14,October,1893,1893-10-14,,"St. Louis, Missouri",
241,St. Louis Republic,"A Source Note for this publication can be found on the Library of Congress' 
Chronicling America: Historic American Newspapers webpage.",,Gassaway1905_TSLR,newspaper-article,"Gassaway, Frank.","""Woman Crusoe Dies Insane On Island. Marooned Seventeen Years, Her Fate Is Unlike That of the ero of Defoe's Novel.""",98th year,,16,July,1905,1905-07-16,,"St. Louis, Missouri",
207,Webster (NE) Red Cloud Chief,"A Source Note for this publication can be found on the Library of Congress' 
Chronicling America: Historic American Newspapers webpage.",,TheRedCloudChief1879,newspaper-article,,"""A Feminine Crusoe.""","6,",3,27,March,1879,1879-03-27,M. L. Thomas,"Webster, Nebraska",M. L. Thomas
134,Stroudsburg (PA) Jeffersonian,"A Source Note for this publication can be found on the Library of Congress' 
Chronicling America: Historic American Newspapers webpage.",,TheJeffersonian1853,newspaper-article,,"""A Female Crusoe.""",,,24,November,1853,1853-11-24,Theodore Schoch,"Stroudsburg, Pennsylvania",Theodore Schoch
319,Wilmington (NC) Journal,"A Source Note for this publication can be found on the Library of Congress' 
Chronicling America: Historic American Newspapers webpage.",,WilmingtonJournal1857,newspaper-article,"C. J. W. Russell,","""A California Cruise [Crusoe]. Narrative of a Woman Who Lived Eighteen Years Alone Upon the Island of San Nicholas,""",13,no. 24,13,February,1857,1857-02-13,,"Wilmington, North Carolina",
97,Edgefield (SC) Advertiser,"A Source Note for this publication can be found on the Library of Congress' 
Chronicling America: Historic American Newspapers webpage.",,EdgefieldAdvertiser1847,newspaper-article,,"""A Female Crusoe.""","12,",3,10,February,1847,1847-02-10,,"Edgefield, South Carolina",
313,Holmes County (OH) Republican,"A Source Note for this publication can be found on the Library of Congress' 
Chronicling America: Historic American Newspapers webpage.",,HolmesCountyRepublican1857,newspaper-article,"C. J. W. Russell,","""Selected Tale. A California Crusoe. Narrative of a Woman Who Lived Eighteen Years Alone Upon the Island of San Nicolas,""",1,no. 37,7,May,1857,1857-05-07,,"Millersburg, Ohio",
237,Ironton (OH) Spirit of the Times,A Source Note for this publication can be found on the Library of Congress' Chronicling America: Historic American Newspapers webpage.,,SpiritOfTheTimes1853,newspaper-article,,"""A Female Crusoe.""","1,",50,20,December,1853,1853-12-20,,"Ironton, Ohio",
6,Alexandria (VA) Gazette,"A Source Note for this publication can be found on the Library of Congress' 
Chronicling America: Historic American Newspapers webpage.",,AlexandriaGazette1889,newspaper-article,,"""A Veritable Female Crusoe.""","90,",169,18,July,1889,1889-07-18,,"Alexandria, Virginia",
332,Worthington (MN) Advance,"A Source Note for this publication can be found on the Library of Congress' 
Chronicling America: Historic American Newspapers webpage.",,TheWorthingtonAdvance1887,newspaper-article,,"""An Indian Ghost,""",15,no. 31,24,March,1887,1887-03-24,,"Worthington, Minnesota",
14,Arizona Weekly Journal-Miner,"A Source Note for this publication can be found on the Library of Congress' 
Chronicling America: Historic American Newspapers webpage.",,ArizonaWeeklyJournalMiner1893,newspaper-article,,"""An Island Transformed.""","30,",10,19,July,1893,1893-07-19,,"Prescott, Arizona",
126,Jonesborough (TN) Herald and Tribune,"A Source Note for this publication can be found on the Library of Congress' 
Chronicling America: Historic American Newspapers webpage.",,HeraldAndTribune1885,newspaper-article,,"""A Feminine Crusoe.""","16,",14,28,May,1885,1885-05-28,Herald and Tribune Co,"Jonesborough, Tennessee",W.P. Brownlow and JNO. H. Whitaker
147,Los Angeles Herald,"A Source Note for this publication can be found on the Library of Congress' 
Chronicling America: Historic American Newspapers webpage.",,LosAngelesHerald1891,newspaper-article,,"""A Ghastly Spot. San Nicolas Island Covered With Human Bones. Thousands of Skeletons Strewn on the Beach for a Distance of Five Miles. An Old Indian Graveyard.""","36,",134,31,August,1891,1891-08-31,,"Los Angeles, California",
147,Los Angeles Herald,"A Source Note for this publication can be found on the Library of Congress' 
Chronicling America: Historic American Newspapers webpage.",,Eames1893,newspaper-article,"Eames, Ninetta.","""The Island of San Nicholas. The Lone Woman Who Was the Last of Her Race. A Broad Plateau Literally Strewn With Human Bones. A Little Island Which Contains Many Elements of Historical Mystery. The Experience of Recent Visitors.""","39,",152,12,March,1893,1893-03-12,Ayers & Lynch,"Los Angeles, California",
147,Los Angeles Herald,"A Source Note for this publication can be found on the Library of Congress' 
Chronicling America: Historic American Newspapers webpage.",,Roberts1893,newspaper-article,"Roberts, Edward","""A Female Crusoe. Story of the Lone Woman of San Nicolas. She Returned for Her Child and Spent About Twenty Years on the Desolate Island.""","40,",92,12,July,1893,1893-07-12,Ayers & Lynch,"Los Angeles, California",
147,Los Angeles Herald,"A Source Note for this publication can be found on the Library of Congress' 
Chronicling America: Historic American Newspapers webpage.",,Warner1894,newspaper-article,"Paul, Oliver M.","""A Female Robinson Crusoe. A Romance of Truth From the Santa Barbara Islands.""","26,",144,21,February,1897,1897-02-21,Ayers & Lynch,"Los Angeles, California",
147,Los Angeles Herald,"A Source Note for this publication can be found on the Library of Congress' 
Chronicling America: Historic American Newspapers webpage.",,Paul1897,newspaper-article,,"""Catalina Chatter. The Summer Season's Premature End. Duyckinck's Thousand Fish.""","25,",355,20,September,1898,1898-09-20,Ayers & Lynch,"Los Angeles, California",
147,Los Angeles Herald,"A Source Note for this publication can be found on the Library of Congress' 
Chronicling America: Historic American Newspapers webpage.",,LosAngelesHerald1898,newspaper-article,"Hall, Percy W.","""The Sad Story of a Vanquished Race. A Story That Will Stagger Humanity. Characteristics of the People Who Once Inhabited the Nearby Islands.""","27,",315,12,August,1900,1900-08-12,Ayers & Lynch,"Los Angeles, California",
147,Los Angeles Herald,"A Source Note for this publication can be found on the Library of Congress' 
Chronicling America: Historic American Newspapers webpage.",,Hall1900,newspaper-article,"Reynolds, James E.","""The Lost Woman of San Nicolas.""","29,",236,25,May,1902,1902-05-25,Ayers & Lynch,"Los Angeles, California",
147,Los Angeles Herald,"A Source Note for this publication can be found on the Library of Congress' 
Chronicling America: Historic American Newspapers webpage.",,Reynolds1902,newspaper-article,"Reynolds, James E.","""The Lost Woman of San Nicolas.""","29,",236,25,May,1902,1902-05-25,Ayers & Lynch,"Los Angeles, California",
312,Honolulu (Hawaii) Pacific Commercial Advertiser,"A Source Note for this publication can be found on the Library of Congress' 
Chronicling America: Historic American Newspapers webpage.",,CommercialAdvertiser1857,newspaper-article,"C. J. W. Russell,","""A California Crusoe. Narrative of a Woman Who Lived Eighteen Years Alone Upon the Island of San Nicolas,""",2,no. 6,6,August,1857,1857-08-06,,"Honolulu, Hawaii",
215,Salt Lake Evening Democrat,A Source Note for this publication can be found on the Library of Congress' Chronicling America: Historic American Newspapers webpage.,,SaltLakeEveningDemocrat1885,newspaper-article,,"""A Feminine Crusoe.""",,,14,July,1885,1885-07-14,,"Salt Lake City, Utah",Alfales Young
28,Bemidji (MN) Daily Pioneer,"A Source Note for this publication can be found on the Library of Congress' 
Chronicling America: Historic American Newspapers webpage.",,TheBemidjiDailyPioneer1921,newspaper-article,,"""Alone For Eighteen Years. Indian Woman, Abandoned on Desert Island, FInally Found by Party of Otter Hunters.""","19,",75,16,July,1921,1921-07-16,,"Bemidji, Minnesota",
327,Fort Worth (TX) Daily Gazette,"A Source Note for this publication can be found on the Library of Congress' 
Chronicling America: Historic American Newspapers webpage.",,FortWorthDailyGazette1887,newspaper-article,,"""Two Indian Ghosts. A Lost Maiden, and a Chief Who Leaped from a Cliff,""",12,no. 200,15,February,1887,1887-02-15,,"Forth Worth, Texas",
333,Laporte (PA) Sullivan Republican,"A Source Note for this publication can be found on the Library of Congress' 
Chronicling America: Historic American Newspapers webpage.",,SullivanRepublican1892,newspaper-article,,"""Covered with Skeletons. San Nicolas Island and Its Gruesome Story,""",10,no. 24,25,March,1892,1892-03-25,,"Laporte, PA",
37,Brownsville (TX) Daily Herald,"A Source Note for this publication can be found on the Library of Congress' 
Chronicling America: Historic American Newspapers webpage.",,Gassaway1905_BDH,newspaper-article,"Gassaway, Frank.","""A Woman Crusoe.""","13,",289,6,June,1905,1905-06-06,,"Brownsville, Texas",
326,Indiana State Sentinel,"A Source Note for this publication can be found on the Library of Congress' 
Chronicling America: Historic American Newspapers webpage.",,TheIndianaStateSentinel1885,newspaper-article,"[Fred Spalding Witter],","""The Lost Woman of San Nicolas. One of the Strange Stories of Santa Barbara, California,""",31,no. 19,10,June,1885,1885-06-10,,"Indianapolis, Indiana",
326,Indiana State Sentinel,"A Source Note for this publication can be found on the Library of Congress' 
Chronicling America: Historic American Newspapers webpage.",,Blanco1882_TIS,newspaper-article,"[Fred Spalding Witter],","""The Lost Woman of San Nicolas. One of the Strange Stories of Santa Barbara, California,""",31,no. 19,10,June,1885,1885-06-10,,"Indianapolis, Indiana",
162,Barbourville (KY) Mountain Advocate,"A Source Note for this publication can be found on the Library of Congress' 
Chronicling America: Historic American Newspapers webpage.",,Lyttle1908,newspaper-article,"Lyttle, G. Brittain.","""Education As a Leading Factor In Human Life.""","5,",36,16,October,1908,1908-10-16,Daniel William Clark,"Barbourville, Kentucky",Daniel William Clark
253,Tiffin (OH) Tribune,"A Source Note for this publication can be found on the Library of Congress' 
Chronicling America: Historic American Newspapers webpage.",,TiffinTribune1879,newspaper-article,,"""A Female Crusoe.""","31,",27,3,April,1879,1879-04-03,,"Tiffin, Ohio",
22,Lake Providence (LA) Banner-Democrat,"A Source Note for this publication can be found on the Library of Congress' 
Chronicling America: Historic American Newspapers webpage.",,TheBannerDemocrat1901,newspaper-article,,"""The Woman of San Nicolas Island. A Strange Story of the Pacific Coast.""","14,",11,28,December,1901,1901-12-28,,"Lake Providence, Louisiana",
38,Bryan (TX) Daily Eagle,"A Source Note for this publication can be found on the Library of Congress' 
Chronicling America: Historic American Newspapers webpage.",,TheBryanDailyEagle1897,newspaper-article,,"""Golgotha Of Pacific. An Island Covered With Old Human Bones. Extinct Race of Veritable Giants--Capture of Sole Survivor of the Ancient Race That Inhabited San Nicolas Island.""","2,",178,26,June,1897,1897-06-26,,"Bryan, Texas",
328,Mexico (MO) Weekly Ledger,"A Source Note for this publication can be found on the Library of Congress' 
Chronicling America: Historic American Newspapers webpage.",,MexicoWeeklyLedger1887,newspaper-article,,"""A Mountain Mystery,""",28,no. 45,17,February,1887,1887-02-17,,"Mexico, Missouri",
213,Saint Paul (MN) Globe,A Source Note for this publication can be found on the Library of Congress' Chronicling America: Historic American Newspapers webpage.,,TheSaintPaulGlobe1896,newspaper-article,,"""Isles of Mystery. Mementoes of An Extinct Race In the Pacific Ocean. Deserted Channel Islands. Thoroughly Explored at Last by Prof. Charles Fred Holden. San Nicolas' Lone Woman. Remains That Tell of an Interesting Tribe of Quite Aesthetic Tastes.""","29,",363,28,December,1896,1896-12-28,,"Saint Paul, Minnesota",
24,Beaver (OK) Herald,"A Source Note for this publication can be found on the Library of Congress' 
Chronicling America: Historic American Newspapers webpage.",,Julian1901_TBH,newspaper-article,"Julian, Edward.","""Stories Of Riches. They Came from All Parts of Our Wonderful Country. New Deposits of Precious Metals and Minerals Discovered in the Far West--The Wonders of San Nicolas.""","15,",33,19,December,1901,1901-12-19,,"Beaver, Oklahoma",
156,San Francisco Morning Call,"A Source Note for this publication can be found on the Library of Congress' 
Chronicling America: Historic American Newspapers webpage.",,TheMorningCall1893,newspaper-article,,"""A Stricken Isle. Earthquake Shocks San Nicolas. Gales and Tidal Waves. Terrible Experience of Fishermen Off the Coast of Southern California.""","74,",73,7,July,1893,1893-07-07,San Francisco Call Co.,"San Francisco, California",
325,Morrisville and Hyde Park (VT) News and Citizen,"A Source Note for this publication can be found on the Library of Congress' 
Chronicling America: Historic American Newspapers webpage.",,NewsAndCitizen1885,newspaper-article,"[Fred Spalding Witter],","""A Female Crusoe. The Singular Story of the Lost Woman of San Nicolas. Found on an Island Where She had Remained for Sixteen Years,""",13,no. 15,25,June,1885,1885-06-25,,"Morrisville, Vermont",
268,Vermont Phoenix,"A Source Note for this publication can be found on the Library of Congress' 
Chronicling America: Historic American Newspapers webpage.",,Hardacre1880_VP,newspaper-article,"Hardacre, Emma.","""Eighteen Years Alone. A Tale of the Pacific.""","47,",37,10,September,1880,1880-09-10,,"Brattleboro, Vermont",
71,Omaha (NE) Daily Bee,"A Source Note for this publication can be found on the Library of Congress' 
Chronicling America: Historic American Newspapers webpage.",,TheDailyBee1885,newspaper-article,,"""A Feminine Crusoe. Eighteen Years on a Desert Island--How She Lived and Dressed.""",,236,22,May,1885,1885-05-22,The Bee Publishing Co,"Omaha, Nebraska",Edward Rosewater
71,Omaha (NE) Daily Bee,"A Source Note for this publication can be found on the Library of Congress' 
Chronicling America: Historic American Newspapers webpage.",,TheOmahaDailyBee1887,newspaper-article,,"""A Feminine Crusoe. Eighteen Years on a Desert Island--How She Lived and Dressed.""",,236,22,May,1885,1885-05-22,The Bee Publishing Co,"Omaha, Nebraska",Edward Rosewater
71,Omaha (NE) Daily Bee,"A Source Note for this publication can be found on the Library of Congress' 
Chronicling America: Historic American Newspapers webpage.",,TheOmahaDailyBee1892,newspaper-article,,"""A Feminine Crusoe. Eighteen Years on a Desert Island--How She Lived and Dressed.""",,236,22,May,1885,1885-05-22,The Bee Publishing Co,"Omaha, Nebraska",Edward Rosewater
72,Salem (OR) Daily Capital Journal,"A Source Note for this publication can be found on the Library of Congress' 
Chronicling America: Historic American Newspapers webpage.",,Gassaway1905_DCJ,newspaper-article,"Gassaway, Frank.","""A Woman Crusoe.""","15,",176,28,July,1905,1905-07-28,,"Salem, Oregon",
291,Lismore (AUS) Northern Star and Richmond and Tweed Rivers Advocate,"The  Northern Star and Richmond and Tweed Rivers Advocate (1876-current) is a newspaper founded by William Kelleway, an Englishman, out of Lismore, New South Wales, Australia. Lismore had just recently been founded as a town in the 1870s, and it was known for its timber and cattle.","""Biography: William Kelleway,"" Clarence and Richmond Examiner, September 2, 1911, accessed October 2, 2016, http://www.austlit.edu.au/austlit/page/6328835. Bridget Griffen-Foley and Janet E. McNaught, ""Northern Star,"" A Companion to the Australian Media (North Melbourne: Australian Scholarly, 2014), accessed October 2, 2016, eBook. ""History of Lismore,"" Lismore City Council, accessed October 2, 2016, http://www.lismore.nsw.gov.au/cp_themes/default/page.asp?p=DOC-XOP-77-61-33.",TheNorthernStar1879,newspaper-article,,"""A Female Crusoe,""","4,",no. 19,17,May,1879,1879-05-17,,"Lismore, New South Wales",
1,Adams County (IA) Free Press,"The Adams County Free Press (1883-present) is a weekly paper published in Corning, the county seat of Adams County, Iowa. E.C. Russell, a lawyer, founded and edited the paper until his nomination by President Grover Cleveland to port appraiser of Portland, Oregon. J.W. Weed, a saddler, purchased the paper in 1890. R. G. Weissall became the editor in 1900 and continued until 1918. Adams County had a population of 13,601 in 1900, but it declined to 10,998 by 1910. Agriculture was the primary industry in this area.","""About Adams County free press. (Corning, Adams County, Iowa) 1883-current,"" Chronicling America, accessed February 9, 2016. Biographical History of Montgomery and Adams County, Iowa, (Chicago: Lewis Publishing Company, 1892), print. ""Corning Departmental Club and Civic Department of Corning, Iowa,""History of Adams County Iowa, (Dallas: Taylor Publishing Co., 1984), print. ""Died,"" Adams County Free Press, (Corning, Iowa) 29 March 1905: 8, accessed February 9, 2016.",Gassaway1905_ACFP,newspaper-article,"Gassaway, Frank.","""Story of a Woman Crusoe. Unlike Defoe's Hero, Her End Is Pathetic In the Extreme.""","23,",31,12,August,1905,1905-08-12,,"Corning, Iowa",
8,Alamance (NC) Gleaner,"The Alamance Gleaner (1875-1963) was a weekly Democratic newspaper founded by Confederate army captain E. S. Parker out of Graham, North Carolina, the seat of Alamance County. John D. Kernodle, Sr. was the publisher of the Alamance Gleaner from 1880 to 1944. Graham, which is located in northern North Carolina (pop. 2,366 in 1920), was becoming a manufacturing community in the 1920s, with textile milles, coffin making, and various building material industries.","""About The Alamance gleaner. (Graham, Alamance County, N.C.) 1875-1963,"" Chronicling America, accessed July 18, 2016. Amy Edwards Barr and Jerry Peterman, Images of America: Graham (Charleston, SC: Arcadia, 2013), accessed July 18, 2016, eBook. ""Graham, North Carolina,"" City of Graham, accessed July 18, 2016, PDF. U.S. Census Bureau, ""1920 Census,"" accessed July 18, 2016, PDF. Walter Whitaker, Centennial History of Alamance County  1849-1949 (Burlington, North Carolina: Burlington Chamber of Commerce, 1949), accessed February 14, 2016, eBook.",TheAlmanceGleaner1921,newspaper-article,,"""Alone For Eighteen Years. Indian Woman, Abandoned on Desert Island, FInally Found by Party of Otter Hunters.""","47,",21,30,June,1921,1921-06-30,,"Graham, North Carolina",
5,Albany (NY) Evening Journal,"The Albany Evening Journal (1830-1925) was a daily paper originally founded as an Anti-Mason publication by Thurlow Weed. Under his editorship for 33 years, the paper transitioned from Anti-Masonic to Whig to Republican, becoming the second leading party paper in the state, behind the New York Tribune. Weed is credited with putting the only two Whig presidents in the White House. Interests in politics expanded during the years of the Evening Journal’s publication, and the city’s population increased dramatically with an influx of immigrants. The population reached 50,763 in 1850 (up 50% from the 1840 census) and 90,758 by 1880. The Journal, very affordable for its type, catered to a daily circulation of 4,500, with weekly numbers reaching 18,000 in 1878.","""About Albany evening journal. (Albany, [N.Y.]) 1830-1925,"" Chronicling America, accessed January  31, 2016. Anthony Opalka, ""Albany: One of America’s First Cities,"" Albany Institute of History & Art, last updated 2016, accessed January 31, 2016. ""City History,"" City of Albany, NY, last updated 2013, accessed January 31, 2016. Editors of Encyclopedia Britannica, ""Thurlow Weed,"" Encyclopedia Britannica, last updated 2016, accessed January 31, 2016.  Frank Luther Mott, American Journalism: A History of Newspapers in the United States Through 250 Years: 1690 to 1940 (New York: Macmillan, 1941), 256-66. John J. McEneny, Albany: Capital City on the Hudson (Sun Valley, CA: American Historical Press, 2006), 143. Pettengill’s Newspaper Directory and Advertiser’s Hand-book for 1878 (New York: S.M. PettenGill & Co., Publishers, 1878), accessed January 31, 2016, eBook. U.S. Census Bureau, ""1850 Census,"" accessed Janurary 31, 2016, PDF. U.S. Census Bureau, ""1880 Census,"" accessed January 31, 2016, PDF.",AlbanyEveningJournal1853,newspaper-article,,"""A Female Robinson Crusoe.""","24,","7,172",2,November,1853,1853-11-02,,"Albany, New York",
5,Albany (NY) Evening Journal,"The Albany Evening Journal (1830-1925) was a daily paper originally founded as an Anti-Mason publication by Thurlow Weed. Under his editorship for 33 years, the paper transitioned from Anti-Masonic to Whig to Republican, becoming the second leading party paper in the state, behind the New York Tribune. Weed is credited with putting the only two Whig presidents in the White House. Interests in politics expanded during the years of the Evening Journal’s publication, and the city’s population increased dramatically with an influx of immigrants. The population reached 50,763 in 1850 (up 50% from the 1840 census) and 90,758 by 1880. The Journal, very affordable for its type, catered to a daily circulation of 4,500, with weekly numbers reaching 18,000 in 1878.","""About Albany evening journal. (Albany, [N.Y.]) 1830-1925,"" Chronicling America, accessed January  31, 2016. Anthony Opalka, ""Albany: One of America’s First Cities,"" Albany Institute of History & Art, last updated 2016, accessed January 31, 2016. ""City History,"" City of Albany, NY, last updated 2013, accessed January 31, 2016. Editors of Encyclopedia Britannica, ""Thurlow Weed,"" Encyclopedia Britannica, last updated 2016, accessed January 31, 2016.  Frank Luther Mott, American Journalism: A History of Newspapers in the United States Through 250 Years: 1690 to 1940 (New York: Macmillan, 1941), 256-66. John J. McEneny, Albany: Capital City on the Hudson (Sun Valley, CA: American Historical Press, 2006), 143. Pettengill’s Newspaper Directory and Advertiser’s Hand-book for 1878 (New York: S.M. PettenGill & Co., Publishers, 1878), accessed January 31, 2016, eBook. U.S. Census Bureau, ""1850 Census,"" accessed Janurary 31, 2016, PDF. U.S. Census Bureau, ""1880 Census,"" accessed January 31, 2016, PDF.",AlbanyEveningJournal1879,newspaper-article,,"""A Feminine Crusoe. Alone on a Dreary Desert Island for Eighteen Years.""","49,","14,830",14,February,1879,1879-02-14,The Journal Co.,"Albany, New York",Henry James Ten Eyck
7,Allegany County (NY) Republican,"The Allegany County Republican (1880-?) was a weekly newspaper out of Allegany County, New York, which was officially founded in 1880, although had been under various names and owners since 1830. From 1880 to 1901, Lamonte G. Raymond was the sole editor (and sometimes writer) of the paper, well known for his unconventional methods: he seldom wrote out his articles before printing them, preferring to compose the article right in the printing press. When Lewis C. Rice took over the paper, it was circulating 1,086 papers a week around the county (pop. 41,501). Allegany was mainly manufactural at this time, with flour mills and textile factories, but also supported farming and dairy industries.","""About Allegany County Republican. (Angelica Court House, N.Y.) 1880-????,"" Chronicling America, accessed February 9, 2016. Fourth Estate: A Weekly Newspaper for Publishers, Advertisers, Advertising Agents and Allied Interests, Issues 358-409 (n.p.: Fourth Estate Publishing Company, 1901), accessed February 9, 2016, eBook. History and Present Condition of the Newspaper and Periodical Press of the United States: With a Catalogue of the Publication of the Census Year (Washington, DC: U.S. Government Printing Office, 1884), accessed February 9, 2016, eBook. N.W. Ayer and Son, N.W. Ayer & Son’s American Newspaper Annual (Philadelphia: N.W. Ayer & Son, 1902), accessed February 9, 2016 eBook.",AlleganyCountyRepublican1901,newspaper-article,,"""The Woman of San Nicolas Island. A Strange Story of the Pacific Coast.""","81,",43,25,October,1901,1901-10-25,,"Friendship, New York",
9,American Anthropologist,"The American Anthropologist (1888-current) is the journal of the American Anthropological Association. It was originally a quarterly publication of the Anthropological Association of Washington. In 1902, however, it became the official publication of the newly incorporated American Anthropological Association. For a period beginning in 1896, the  American Anthropologist was published monthly; today it is a quarterly academic journal.","Alan L. Bain, Guide to the American Anthropological Association Records, 1904-2005 (Suitland, Maryland: National Anthropological Archives, 2015), accessed July 10, 2016, eBook. ""American Anthropologist,"" American Anthropological Association, accessed July 10, 2016. Daniel S. Lamp, ""The Story of the Anthropological Society of Washington,"" American Anthropologist 8 (1906): 564-79.",AmericanAnthropologist1905,journal-article,,"""Proceedings of the California Meeting of the American Anthropological Association, August 29-September 2, 1905.""","7,",4,,,1905,1905-08-29,American Anthropological Association,"Lancaster, Pennsylvania",Charles Peabody (Secretary) http://www.jstor.org/stable/view/659119
11,Amsterdam (NY) Daily Democrat,"The Amsterdam Daily Democrat (1879-86) was founded when William J. Kline turned the weekly newspaper, the Democrat, into a daily paper. In 1886, the new daily paper changed its name again, to the Daily Democrat. At three cents a copy, this Republican paper reached a daily circulation by 1887. It served the city of Amsterdam, New York (pop. 16,000 in 1887) and the surrounding areas along the Mohawk River. During the late nineteenth century, this area of upstate New York was a center for the manufacture of household goods; agriculture was also a central economic activity.","""About The Amsterdam daily Democrat. (Amsterdam, N.Y.) 1879-1886,"" Chronicling America, accessed  January 30, 2016. Andrew Van Vranken Raymond, Union University: Its History, Influence, Characteristics and Equipment, Volume 2 (New York: Lewis Publishing House, 1907) accessed January 30, 2016, eBook.  George Overcash Seilhamer, Leslie’s History of the Republican Party. V.2 (New York: L.A. Williams Pub. And Engraving, 1899), accessed January 30, 2016, eBook. Rowell’s American Newspaper Directory (New York: George P. Rowell, 1887), accessed January 30, 2016, eBook. William H. Kirwin, ed., Kirwin & Co.’s Amsterdam Directory, Port Jackson and Rock City Included (Amsterdam, NY: Daily Democrat Publishing House, 1883) accessed January 30, 2016, eBook.",TheAmsterdamDailyDemocrat1885,newspaper-article,,"""A Feminine Crusoe. How She Lived Eighteen Years On a Desert Island. The Story of the Lost Woman of San Nicolas--Her Ingenuity and Fertility of Invention--A Wonderful History.""","6,",255,17,June,1885,1885-06-17,William J. Kline,"Amsterdam, New York",William J. Kline
282,Archiv für anthropologie,"The Archiv für Anthropologie (1866-1943) was a quarterly publication founded by Alexander Ecker and Ludwig Lindenschmidt out of Braunschweig, Germany. Ecker was an anthropologiwst interested in craniology, and Lindenschmidt was a historian. The journal, which published anthropological research and information on museum exhibits was the first of its kind in Germany and immediately preceded the founding of the German Anthropological Association. After the founding of the Association, Archiv für Anthropologie became the its flagship publication until World War II disrupted its publication.","""Alexander Ecker,"" Whonamedit?, Ole Daniel Enerson, accessed September 19, 2016, http://www.whonamedit.com/doctor.cfm/3145.html. Chris Manias, ""Building the Science of Man,"" Race, Science and the Nation (New York: Routledge, 2013), accessed September 19, 2016, eBook. Frank Spencer, ""Archiv für Anthropologie,"" History of Physical Anthropology, Volume 1 (New York: Garland, 1997), accessed September 19, 2016, eBook. Jane M. Oppenheimer, ""Karl Ernst, Ritter von Baer,"" Encyclopedia Britannica, accessed September 19, 2016. Jörg Orshiedt, Ursula Willwer-Backofen, and Stefan Flohr, ""Germany/Deutschland,"" Routledge Handbook of Archaeologial Human Remains and Legislation (London: Routledge, 2011), accessed September 19, 2016, eBook. Tim Murray, ""Romano-Germanic Central Museum Established in Mainz by Ludwig Lindenschmidt,"" Milestones in Archaeology (Santa Barbara, CA: ABC-CLIO, 2007), accessed September 19, 2016, eBook.",Schumacher1875_AFA,journal-article,"Paul Schumacher,","""Die Anfertigung der Angelhaken aus Muschelschalen bei deǹ früheren Bewohnern der Inseln im Santa Barbara Canal"" [The Manufacture of Shell Fish-hooks by the Early Inhabitants of the Santa Barbara Channel Islands],","8,",,,,1875,1875-01-01,,"Braunschweig [Brunswick], Germany",
283,Melbourne (AUS) Argus,"The Argus (1846-1957) was a newspaper founded by William Kerr out of Melbourne, Australia; it was originially a biweekly but later switched to a daily. William Kerr only retained control of the newspaper for two years because of libel suits leveled against hi. After Kerr’s departure, the paper became increasingly conservative. Its biggest comepetitor was the Age, which was much more liberal. Although the Argus had a smaller readership, it was read by the elite of the city, giving it more of an impact. In the 1870s, Melbourne was flourishing from the gold rush, attracting many settlers as well as private enterprise.","Garry Owen, ""The Argus,"" Chronicles of Early Melbourne 1835-1852 (Melbourne: Fergusson and Mitchel, 1888), accessed September 18, 2016, eBook. ""History of Melbourne,"" Only Melbourne, accessed September 18, 2016, http://www.onlymelbourne.com.au/history-of-melbourne-581#.WB9EAjKZOu5. Lurline Stuart, ""Argus Newspaper,"" Melbourne, School of Historical and Philosophical Studies, University of Melbourne, July 2008, last accessed September 18, 2016. Tim Bonyhady, ""Fern Fever,"" Colonial Earth (Melbourne: Melbourne University Press, 2000), accessed Septemeber 18, 2016, eBook.",TheArgus1857,newspaper-article,,"No title,",,no. 10267,15,May,1879,1879-05-15,,"Melbourne, Australia",
283,Melbourne (AUS) Argus,"The Argus (1846-1957) was a newspaper founded by William Kerr out of Melbourne, Australia; it was originially a biweekly but later switched to a daily. William Kerr only retained control of the newspaper for two years because of libel suits leveled against hi. After Kerr’s departure, the paper became increasingly conservative. Its biggest comepetitor was the Age, which was much more liberal. Although the Argus had a smaller readership, it was read by the elite of the city, giving it more of an impact. In the 1870s, Melbourne was flourishing from the gold rush, attracting many settlers as well as private enterprise.","Garry Owen, ""The Argus,"" Chronicles of Early Melbourne 1835-1852 (Melbourne: Fergusson and Mitchel, 1888), accessed September 18, 2016, eBook. ""History of Melbourne,"" Only Melbourne, accessed September 18, 2016, http://www.onlymelbourne.com.au/history-of-melbourne-581#.WB9EAjKZOu5. Lurline Stuart, ""Argus Newspaper,"" Melbourne, School of Historical and Philosophical Studies, University of Melbourne, July 2008, last accessed September 18, 2016. Tim Bonyhady, ""Fern Fever,"" Colonial Earth (Melbourne: Melbourne University Press, 2000), accessed Septemeber 18, 2016, eBook.",TheArgus1879,newspaper-article,,"No title,",,no. 10267,15,May,1879,1879-05-15,,"Melbourne, Australia",
15,Arkansas City (KS) Traveler,"The Arkansas City Traveler (1870-current) is a daily newspaper out of Arkansas City, Kansas; the founder of the paper is unclear, with sources listing either a Professor Norton or M. G. Mains as the original proprietor. In 1880, the paper became a member of the Associated Press, receiving news by horse or telegram. Thomas W. Eckert and Richard C. Howard became the owners in 1889. Arkansas City had a population of 8,347 in 1890, although this number often fluctuated as American Indian lands farther west were opened up for white settlement and Arkansas City residents moved westward.","""About Us,"" arkcity.net, accessed June 19, 2016. ""Arkansas City, Kansas History,"" Kansas State History, accessed June 19, 2016. ""History of Arkansas City, Kansas,"" United States History, accessed June 19, 2016. U.S. Census Bureau, ""1890 Census,"" accessed June 17, 2016, PDF. William E. Connelly, A Standard History of Kansas and Kansans (Chicago: Lewis, 1918), accessed June 19, 2016, eBook.",ArkansasCityTraveler1892,newspaper-article,,"""Wild Dogs Ate Her Child. The Story of San Nicolas Island and Its Last Inhabitant.""","5,",189,7,April,1892,1892-04-07,,"Arkansas City, Kansas",
17,Atlanta (GA) Constitution,"The Atlanta Constitution (1868-2001) was a daily newspaper founded by Carey Wentworth Styles out of Atlanta, Georgia. Evan P. Howell became the main editor in 1876 and continued in this role until 1897. An ex-Confederate soldier, Howell became a proponent of the New South, promoting reconciliation through the paper’s news and editorials. In 1878, he started publishing Joel Chandler Harris’ ""Uncle Remus"" stories. Henry Grady was the managing editor of the Atlanta Constitution in the 1880s during Howell’s editorship; Grady saw the newspaper, in part, as a tool in to promoting Atlanta to northern investors. The Constitution had a daily circulation of 5,000 in 1881. Atlanta was growing throughout the 1880s, increasing from a population of 21,879 in 1880 to 65,533 in 1890. The main industries were cotton and railroad manufacturing. The Constitution rivaled the Atlanta Journal after the Journal was founded in 1883, but the two newspapers merged in 2001 to become the Atlanta Journal-Constitution.","Andy Ambrose, ""Atlanta,"" New Georgia Encyclopedia, last updated Aust 11, 2015, accessed April 18, 2016. C.A. Cooke, C.A. Cooke and Co.’s United States Newspaper Directory Revised (Chicago: n.p., 1881), accessed April 18, 2016, eBook. Chuck Perry, ""Atlanta Journal-Constitution,"" New Georgia Encyclopedia, last updated August 9, 2013, accessed April 18, 2016. Darren Grem, ""Henry W. Grady (1850-1889),"" New Georgia Encyclopedia last updated January 6, 2016, accessed July 4, 2016. ""Evan P. Howell,"" Georgia Historical Quarterly 1, no. 1 (1917): 52-57. U.S. Census Bureau, ""1880 Census,"" accessed April 18, 2016, PDF. U.S. Census Bureau, ""1890 Census,"" accessed April 18, 2016, PDF.",Witter1885_TAC,newspaper-article,"Witter, Fred Spalding.","""A Feminine Crusoe.""",,,20,May,1885,1885-05-20,Constitution Publishing Co,"Atlanta, Georgia",Clark Howell
18,Augusta (GA) Chronicle,"The Augusta Chonicle (1785-current) is a daily newspaper originally founded by Greenberg Hughes out of Augusta, Georgia, as the Augusta Gazette. The paper underwent many name changes but settled at the current Augusta Chonicle in 1885 (5,000 circulation). Patrick Walsh, a city booster and the editor and owner from 1872-99, used the Chonicle as a city booster to attract northern tourism and business and also to voice his disapproval of African-American lynching. Augusta grew significantly in the last part of the nineteenth century, from a population of 21,891 in 1880 to 39,441 in 1900. The main industry was cotton milling.","Alan Sverdlik, ""Augusta Chronicle,"" New Georgia Encyclopedia, last updated August 8, 2013, accessed April 18, 2016. Cha. C. Ford’s Newspaper Manual (New Haven, CT: Chas. C. Ford, 1885), accessed April 18, 2016, eBook. ""History of Augusta,"" National Park Service, accessed April 18 2016. Staff, ""’Chronicle’ Grew Despite Early Trials,"" Augusta Chronicle, last updated August 29, 2010, accessed April 18, 2016. U.S. Census Bureau, ""1880 Census,"" accessed April 18, 2016, PDF. U.S. Census Bureau, ""1900 Census,"" accessed April 18, 2016, PDF.",AugustaChronicle1885,newspaper-article,,"""A Feminine Crusoe.""",,,29,May,1885,1885-05-29,,"Augusta, Georgia",
19,Baltimore (MD) American,"The Baltimore American (1799-1986) was a newspaper founded by Alexander Martin out of Baltimore, Maryland; it was originally called the American and Daily Advertiser, but changed names numerous times throughout its run. The paper claimed to trace its lineage to the 1773 Maryland Journal and Baltimore Advertiser, but no evidence has been found to verify this. General Felix Angus was the owner in the early 1900s, when the circulation was around 65,554. The city of Baltimore (pop. 508,957 in 1900) suffered from the Great Baltimore Fire during Angus’ reign. The paper was sold to Frank Munsey in 1920, and again in 1923 to William Randolph Hearst who combined the American with the Baltimore News to form the News-American.","""Baltimore News American Collection,"" Archives UM, accessed July 10, 2016, http://digital.lib.umd.edu/archivesum/actions.DisplayEADDoc.do?source=MdU.ead.mdia.0001.xml. Clayton Colman Hall, Baltimore: Its History and Its People (New York: Lewis Historical, 1912), accessed July 10, 2016, eBook. ""History of Baltimore, Maryland,"" United States History, accessed July 10, 2016, http://www.u-s-history.com/pages/h3856.html. ""The Baltimore American,"" Mahin’s Magazine 2 (1903): 702, eBook. U.S. Census Bureau, ""1900 Census,"" accessed July 10, 2016, PDF.",Gassaway1905_BA,newspaper-article,"Gassaway, Frank.","""Story of a Woman Crusoe.""",199,"86,210",13,July,1905,1905-07-13,,"Baltimore, Maryland",
21,Bangor (ME) Daily Whig and Courier,"The Bangor Daily Whig and Courier (1834-1900) was a daily newspaper founded by William E. P. Rogers out of Bangor, Maine. It was a conservative Whig paper, but turned Republican once that party rose to prominence. Charles A. Boutelle and Benjamin A. Burr were the editors and owners in the 1880s. Bangor had a population of 16,857 and was known for its lumbering industry.","""About Bangor daily Whig & courier. Bangor, Me.) 1834-1900,"" Chronicling America, accessed April 18, 2016. Bangor Public Library, ""Charles A. Boutelle, Washington, DC, 1898,"" Maine Memory Network, accessed April 18, 2016. Geo. J. Varney, ""History of Bangor, Maine,"" A Gazetteer of the State of Maine (Boston: B.B. Russell, 1886), accessed April 18, 2016. The Golden Argosy, Vol. 5 (New York: Frank A. Munsey, 1886), accessed April 18, 2016, eBook. John E. Godfrey, Bangor (Penobscot County, ME: Press of Penobscot County, n.d.), accessed April 18, 2016. Proceedings of the Maine Press Association (Bar Harbor, ME: Mount Desert, 1884), accessed April 18, 2016.",BangorDailyWhigAndCourier1885,newspaper-article,,"""Queen of San Nicolas. The Feminine Crusoe of the Pacific Ocean--Eighteen Years Alone on a Desert Island Seventy Miles From Shore.""","52,",121,21,May,1885,1885-05-21,,"Bangor, Maine",
334,Barcaldine (AUS) Western Champion and General Advertiser for the Central-Western Districts,"The Barcaldine Western Champion (1891-1937) was a weekly newspaper founded by William Campbell, Charles James, and Frederic James originally out of Blackall, New South Wales, Australia; however, the paper was moved to Barcaldine in 1886 because the railroad was newly located in Barcaldine. Barcaldine was a new town in the 1880s, and is considered the birthplace of the modern Australian labor movement because many different worker and union meetings were held there. The Barcaldine Western Champion was a conservative paper, editorializing against strikes. The Champion folded during the Great Depression in the 1930s.","""Barcaldine and Barcaldine Shire,"" Queensland Places, Centre for the Government of Queensland, accessed November 5, 2016, http://queenslandplaces.com.au/barcaldine-and-barcaldine-shire. ""Front Line in a War of Words,"" GXpress, accessed November 5, 2016, http://www.gxpress.net/rod-kirkpatrick-front-line-in-a-war-of-words-cms-2695.",TheWesternChampion1892,newspaper-article,,"""A Terrible Country. Covered with Skeletons,""",2,no. 33,6,September,1892,1892-09-06,,"Barcaldine, Queensland, Australia",
23,Bath (NY) Plaindealer,"The Bath Plaindealer (1883-192?) is a weekly newspaper founded by A. Ellas McCall, Orson L. Drew, and William Black out of Bath, New York. From 1884 on, only McCall was the owner and editor. In 1880, the population of Bath was 7,396, and the main industries were agriculture and lumbering.","""About Bath plaindealer. (Bath, N.Y.) 1883-192?,"" Chronicling America, accessed April 24, 2016. Harlo Hakes, ed., Landmakrs of Steuben County, New York (Syracuse, NY: D. Mason, 1896), accessed April 24, 2016, eBook. ""History,"" Town of Bath, accessed April 4, 2016. Irvin W. Near, A History of Steuben County, New York and its People (Chicago: Lewis, 1911), accessed April 4, 2016, eBook. U.S. Census Bureau, ""1880 Census,"" accessed April 4, 2016, PDF.",TheBathPlaindealer1885,newspaper-article,,"""A Female Crusoe. The Singular Story of the Lost Woman of San Nicolas Island. Found on an Island Where She had Remained for Sixteen Years.""","3,",6,6,June,1885,1885-06-06,,"Bath, New York",
25,Danville (VA) Bee,"The Bee (1899-current) is a daily newspaper out of Danville, Virginia; it was originally founded as the evening version of the Register. The James family owned both papers from 1899-1996. Elizabeth Stuart James Grant was the publisher in the 1940s. The Bee and the Register were combined in 1989 to form the Danville Register & Bee which is the paper’s current name. Danville, in Southern Virginia, had a population of 32,749 in 1940.","""About The Bee. (Danville, Va.) 19??-1989,"" Chronicling America, accessed July 27, 2016. ""A Continuing Legacy: E. Stuart James Grant Trust,"" Virginia Military Institute, accessed July 27, 2016. Lee Wayland, If Streets Could Talk (n.p.: Lulu, 2011), accessed July 27, 2016, eBook. U.S. Census Bureau, ""1940 Census,"" accessed July 26, 2016, PDF.",Davidson1943_TB,newspaper-article,"Davidson, Garber.","""Archeologists Bare Channel Islands' Secret; Story of Mother Love Delayed 90 Years.""",,,19,July,1943,1943-07-19,,"Danville, Virginia",
26,Beloit (KS) Daily Call,"The Beloit Daily Call (1901-current) is a daily newspaper founded out of Beloit, Kansas; Alan B. Adamson was the editor until 1923, when Harry K. Houghton took over. Beloit had a population of 3,315 in 1920.","""A.B. Adamson, editor of the Beloit Daily Call,"" Kansas Newspapers, accessed July 18, 2016, http://www.kansasnewspapers.org/article.php?id=71. ""About The Beloit daily call. (Beloit, Kan.) 1905-current,"" Chronicling America, accessed July 18, 2016. U.S. Census Bureau, ""1920 Census,"" accessed July 18, 2016, PDF.",TheBeloitDailyCall1921_Jun28,newspaper-article,,"""Alone For Eighteen Years. Indian Woman, Abandoned on Desert Island, FInally Found by Party of Otter Hunters.""","20,",105,28,June,1921,1921-06-28,,"Beloit, Kansas",
26,Beloit (KS) Daily Call,"The Beloit Daily Call (1901-current) is a daily newspaper founded out of Beloit, Kansas; Alan B. Adamson was the editor until 1923, when Harry K. Houghton took over. Beloit had a population of 3,315 in 1920.","""A.B. Adamson, editor of the Beloit Daily Call,"" Kansas Newspapers, accessed July 18, 2016, http://www.kansasnewspapers.org/article.php?id=71. ""About The Beloit daily call. (Beloit, Kan.) 1905-current,"" Chronicling America, accessed July 18, 2016. U.S. Census Bureau, ""1920 Census,"" accessed July 18, 2016, PDF.",TheBeloitDailyCall1921_Jul7,newspaper-article,,"""Alone For Eighteen Years. Indian Woman, Abandoned on Desert Island, FInally Found by Party of Otter Hunters.""","20,",,7,July,1921,1921-07-07,,"Beloit, Kansas",
27,Belvidere (IL) Standard and Boone Co. Advertiser,"The Belvidere Standard and Boone Co. Advertiser (1852-54) was a weekly newspaper founded by Ralph Roberts in Belvidere, Illinois, the seat of Boone County. Originally, it had Democratic political affiliations, but it became Republican in 1856. Boone County was primarily agricultural at the midpoint of the nineteenth century, but Belvidere itself (pop. 400) was on the popular road between Chicago and Rockford and it was a commercial center with flour mills and 40 stores in town.","""About Belvidere,"" City of Belvidere, Illinois, accessed February 28, 2016. ""About Belvidere standard and Boone County advertiser. (Belvidere, Ill.) 1853-1854,"" Chronicling America, accessed February 28, 2016. ""Frank Moran-The Early Years,"" Belvidere Daily RepublicanHistorical Encyclopedia of Illinois and History of Boone County (Chicago: Munsell Publishing, 1909), accessed February 28, 2016, PDF. The Past and Present of Boone County, Illinois (Chicago: H.F. Kett., 1877), accessed February 28, 2016, eBook. U.S. Census Bureau, ""1850 Census,"" accessed February 28, 2016, PDF.",BelvidereStandard1853,newspaper-article,,"""A Female Crusoe.""","49,",33,6,December,1853,1853-12-06,,"Belvidere, Illinois",
29,Bismarck (ND) Daily Tribune,"The Bismarck Daily Tribune (1881-current) is a daily newspaper founded by Col. Clement A. Lounsberry out of Bismarck, North Dakota (then Dakota Territory). Before becoming a daily, the paper was published as a tri-weekly paper under the name Bismarck Tribune. As the first newspaper in Dakota Territory, the Tribune served readers in a vast geographic area. The paper generally reprinted news received via telegraph, but Lounsberry was the first to break the story of the Battle of Little Big Horn. He had sent a reporter to follow Custer, and while the reporter was killed, his diary survived, and Lounsberry used this as his source. In 1884, Lounsberry sold the Tribune to Marshall Jewell to pursue political and publishing opportunities. Bismarck was a growing town in the 1880s (pop. 2,186 in 1890) as the railroad arrived, bringing gold and new milling industry. The Bismarck Daily Tribune dropped the ""Daily"" from its title in 1916.","""About Bismarck daily tribune. (Bismarck, Dakota [N.D.]) 1881-1916,"" Chronicling America, accessed April 24, 2016. ""Bismarck: History,"" City-Data.com, accessed April 24, 2016. Curt Eriksmoen, Jan Eriksmoen, ed., ""Eriksmoen: Little paper broke a big story,"" Bismarck Tribune, accessed April 24, 2016. Ross F. Collins, ""Bismarck Tribune,"" Encyclopedia of the Great Plains, accessed April 24, 2016. U.S. Census Bureau, ""1890 Census,"" accessed April 24, 2016, PDF.",BismarckDailyTribune1885,newspaper-article,,"""A Feminine Crusoe.""","13,",100,28,June,1885,1885-06-28,,"Bismarck, North Dakota",
29,Bismarck (ND) Daily Tribune,"The Bismarck Daily Tribune (1881-current) is a daily newspaper founded by Col. Clement A. Lounsberry out of Bismarck, North Dakota (then Dakota Territory). Before becoming a daily, the paper was published as a tri-weekly paper under the name Bismarck Tribune. As the first newspaper in Dakota Territory, the Tribune served readers in a vast geographic area. The paper generally reprinted news received via telegraph, but Lounsberry was the first to break the story of the Battle of Little Big Horn. He had sent a reporter to follow Custer, and while the reporter was killed, his diary survived, and Lounsberry used this as his source. In 1884, Lounsberry sold the Tribune to Marshall Jewell to pursue political and publishing opportunities. Bismarck was a growing town in the 1880s (pop. 2,186 in 1890) as the railroad arrived, bringing gold and new milling industry. The Bismarck Daily Tribune dropped the ""Daily"" from its title in 1916.","""About Bismarck daily tribune. (Bismarck, Dakota [N.D.]) 1881-1916,"" Chronicling America, accessed April 24, 2016. ""Bismarck: History,"" City-Data.com, accessed April 24, 2016. Curt Eriksmoen, Jan Eriksmoen, ed., ""Eriksmoen: Little paper broke a big story,"" Bismarck Tribune, accessed April 24, 2016. Ross F. Collins, ""Bismarck Tribune,"" Encyclopedia of the Great Plains, accessed April 24, 2016. U.S. Census Bureau, ""1890 Census,"" accessed April 24, 2016, PDF.",BismarckDailyTribune1892,newspaper-article,,"""The Isle of Skulls,""","12,",,27,April,1892,1892-04-27,,"Bismarck, North Dakota",
30,Morganton (NC) Blue Ridge Blade,"The Blue Ridge Blade (1876-1885) was a weekly newspaper founded by Willoughby Francis Avery and H.H. Crowson, out of Morganton, North Carolina. Avery died soon after its founding, leaving Crowson as the editor. The paper was not only strongly Democratic, but also white supremacist. In 1879, Morganton had a population of 554, with agriculture as the main industry.","Edward William Phifer, Jr., Burke (Morganton, North Carolina: Edward William Phifer, Jr , 1982).George P. Rowell & Co’s American Newspaper Directory (New York: George P. Rowell & Co., 1879), accessed 20 March 2016, eBook.",TheBlueRidgeBlade1879,newspaper-article,,"""A Female Robinson Crusoe.""","4,",7,12,April,1879,1879-04-12,,"Morganton, North Carolina",
284,Mount Gambier (AUS) Border Watch,"The Border Watch (1861-present) is a semi-weekly newspaper out of Mount Gambier South Australia, founded by Janet Laurie, a Scottish immigrant, and John Watson, later mayor of Mount Gambier. Laurie soon turned the paper over to her son, Andrew Laurie, and Laurie and Watson contriued propiership of the paper through the early 1900s. In the 1870s, Mount Gambier in southeast South Australia was known for its animal husbandry and tourism on Blue Lake.","""About Us,"" The Border Watch, Fairfax Media, accessed September 25, 2016, http://www.borderwatch.com.au/about-us/. ""The Border Watch,"" Country Press SA, accessed September 25, 2016, http://www.sacountrypress.com.au/newspaper-lists/mount-gambier. ""Border Watch,"" SA Newspapers, Government of South Australia, accessed September 25, 2016, http://www.samemory.sa.gov.au/site/page.cfm?c=2585. ""South-East,"" The Manning Index of South Australian History, Government of South Australia, accessed September 25, 2016, http://www.slsa.sa.gov.au/manning/pn/s/stheast.htm.",TheBorderWatch1879,newspaper-article,,"""Alone for Eighteen Years,""","19,",no. 1643,2,August,1879,1879-08-02,,"Mount Gambier, South Australia",
32,Boston Atlas,"The Boston Atlas (1832-57) was a daily newspaper founded by John Eastburn as a Whig-party press (the Boston Post was the Democratic paper). The paper struggled to gain readership at its onset, but followed the rise of the Whig party in the 1840s to become one of the most popular party papers in the Northeast. It was the first to introduce next-day election results by a type of pony express, and had the outcome of the votes by the next morning’s paper. Even though the Atlas diversified its coverage­–for example, it carried travel correspondence from the new territories–it still followed the decline of the party, and in 1857, was merged with other small newspapers in Boston to become the Boston Traveller.","""About The Boston daily Atlas. (Boston [Mass.]) 1844-1857,"" Chronicling America, accessed February 9, 2016. Brayton Harris, War News: Gray in Black & White: Newspapers in the Civil War, CreateSpace, last modified 2010, accessed February 9, 2016, eBook. Frank Luther Mott, American Journalism: A History of Newspapers in the United States Through 250 Years: 1690 to 1940 (New York: Macmillan, 1941), 262. Frederic Hudson, Journalism in the United States, from 1690 to 1872, Part 1 (New York: Psychology Press, 2000), accessed February 9, 2016, eBook. James Schouler, Historical Briefs (New York: Dodd, Mead, 1896), accessed February 9, 2016. eBook. R. Hildreth, My Connection with The Atlas Newspaper (Boston: Whipple and Damrell, 1839), accessed February 9, 2016, eBook. Richard Allen Schwarzlose, The Nations Newsbrokers: The formative years, from pretelegraph to 1865 (Evanston, IL: Northwestern University Press, 1989) accessed February 9, 2016, eBook. ""Whig Party,"" History, accessed February 9, 2016.",TheBostonAtlas1847,newspaper-article,,"""A Female Crusoe.""","15,",163,7,January,1847,1847-01-07,Wm. Hayden & Thos. M. Brewer,"Boston, Massachusetts",Wm. Hayden
33,Boston Evening Transcript,"The Boston Evening Transcript (1872-1941) was a daily newspaper founded by Lynde M. Walter, out of Boston; it specialized in art and drama news and reviews. In the 1880s, the paper was edited by Edward H. Clement, and had a circulation of 17,000, behind the Herald and the Daily Advertiser. Boston itself was growing with a population of 362,839 in 1880.","""About Boston evening transcript. (Boston, Mass.) 1872-1941,"" Chronicling America, accessed 20 March 2016. Frank Luther Mott, American Journalism: A History of Newspapers in the United States Through 250 Years: 1690 to 1940 (New York: The Macmillan Company, 1941). ""Population Trends in Boston 1640-1990,"" Boston History and Architecture, accessed 20 March 2016.",BostonEveningTranscript1879,newspaper-article,,"""A Female Crusoe.""","50,","15,915",5,March,1879,1879-03-05,,"Boston, Massachusetts",
34,Boston Weekly Globe,"The Boston Globe (1873-current) is a daily newspaper started by Charles H. Taylor and Eben Jordan out of Boston; there was also a weekly edition, the Boston Weekly Globe, from 1872 to 1892. In the last half of the nineteenth century, the paper commanded the largest circulation of any newspaper in the country outside of New York City, with a circulation of 35,000 in 1885. The focus was on eye-catching headlines featuring sensational stories. Boston had a population of 448,477 in 1890.","""About The Boston weekly globe. (Boston, Mass.) 1873-1892,"" Chronicling America, accessed April 24, 2016. ""Boston Globe–Brief History,"" Columbia University, accessed April 24, 2016. ""Boston Globe-History,"" Boston Globe, accessed April 24, 2016. Editors of the Encyclopedia Britannica, ""The Boston Globe,"" Encyclopedia Britannica, accessed April 24, 2016. N.W. Ayer & Son’s American Newspaper Annual (Philadelphia: N.W. Ayer & Son, 1884), accessed April 24, 2016 eBook. U.S. Census Bureau, ""1890 Census,"" accessed April 24, 2016, PDF.",TheBostonWeeklyGlobe1885,newspaper-article,,"""Queen Of San Nicolas. The Feminine Crusoe of the Pacific Ocean. Eighteen Years Alone on a Desert Island Seventy Miles from Shore. Her Dress of Feathers and Her Strange Language.""","8,",20,19,May,1885,1885-05-19,,"Boston, Massachusetts",
329,St. Paul (MN) Sunday Globe,"The Boston Globe (1873-current) is a daily newspaper started by Charles H. Taylor and Eben Jordan out of Boston; there was also a weekly edition, the Boston Weekly Globe, from 1872 to 1892. In the last half of the nineteenth century, the paper commanded the largest circulation of any newspaper in the country outside of New York City, with a circulation of 35,000 in 1885. The focus was on eye-catching headlines featuring sensational stories. Boston had a population of 448,477 in 1890.","""About The Boston weekly globe. (Boston, Mass.) 1873-1892,"" Chronicling America, accessed April 24, 2016. ""Boston Globe–Brief History,"" Columbia University, accessed April 24, 2016. ""Boston Globe-History,"" Boston Globe, accessed April 24, 2016. Editors of the Encyclopedia Britannica, ""The Boston Globe,"" Encyclopedia Britannica, accessed April 24, 2016. N.W. Ayer & Son’s American Newspaper Annual (Philadelphia: N.W. Ayer & Son, 1884), accessed April 24, 2016 eBook. U.S. Census Bureau, ""1890 Census,"" accessed April 24, 2016, PDF.",SundayGlobe1887,newspaper-article,,"""A Mountain Mystery. The Strange Sight Seen by Some Ventura Hunters,""",9,no. 58,27,February,1887,1887-02-27,,"St. Paul, Minnesota",
337,Brisbane (AUS) Telegraph,"The Brisbane Telegraph (1872-1985) was a daily afternoon paper out of Brisbane, Queensland, Australia; its first editor was Theophilus Parsons Pugh. Brisbane, the capital of Queensland was a business hub in the late 1890s; its population in 1900 was 130,000.","""Brisbane Telegrapgh,"" Paper World, accessed November 5, 2016, https://www.paperworld.com.au/newspapers/queensland/brisbane-telegraph.html. Rod Fisher, ""Death of Mr. T.P. Pugh,"" Boosting Brisbane: Imprinting the Colonial Capital of Queensland (Brisbane, Queensland: Boolarong Press, 2009), accessed November 5, 2016, eBook. ""Settlement of Brisbane,"" Brisbane, Australia, accessed November 5, 2016, http://www.brisbane-australia.com/brisbane-history.html 
. Tim Lambert, ""A Brief History of Brisbane, Australia,"" A World History Encyclopedia, accessed November 5, 2016, http://www.localhistories.org/brisbane.html.",TheTelegraph1898,newspaper-article,,"""A Giant Race,""",,no. 7907,15,March,1898,1898-03-15,,"Brisbane, Queensland, Australia",
35,Brookfield (NY) Courier,"The Brookfield Courier (1876-82) was an independent weekly newspaper founded by Frank M. Spooner and Frank E. Munger out of Brookfield, New York. A year after its founding, Spooner’s father, Henry L., bought out and took over Munger’s part in the paper. The Courier primarily focused on local news. In 1880, it had a circulation of 1,200, while Brookfield itself had a population of 3,685. The main industry was agriculture.","""About The Brookfield courier. (Brookfield, Madison Co., N.Y.) 1876-1882,"" Chronicling America, accessed April 10, 2016. James Hadden Smith, History of Chenango and Madison Counties, New York (Syracuse, NY: D. Mason, 1880), accessed April 10, 2016, eBook. John E. Smith, ed., ""The Town of Brookfield,"" History of Brookfield, NY (Boston: Boston History, 1899), accessed April 10, 2016, eBook. Pettengill’s Newspaper Directory and Advertiser’s Hand-book for 1878 (New York: S.M. Pettengill, 1878), accessed January 31, 2016, eBook.",Hardacre1880_TBC,newspaper-article,"Hardacre, Emma.","""Eighteen Years Alone: A Tale of the Pacific.""","5,",19,1,September,1880,1880-09-01,Stillman & Spooner,"Brookfield, New York",Frank M. Spooner
36,Brooklyn Daily Eagle,"The Brooklyn Daily Eagle (1841-1955) was a daily newspaper founded by Isaac Van Anden and Henry Cruse Murphy; it was originally created as a Democratic Party organ for the 1842 election, but continued long after the political contest. Walt Whitman was its most famous editor, serving in this capacity from 1846-48. St. Clair McKelway was the editor from 1886-1915. During the 1890s, the Brooklyn Daily Eagle commanded the highest daily afternoon newspaper circulation in the country. The Eagle was outspoken against the consolidation of Brooklyn with the rest of New York and editorialized against the political machines that ran the city. After more than one hundred years of circulation, the paper folded in 1955 after a prolonged strike of the New York Newspaper Guild. Attempts to revive the paper in the 1960s were unsuccessful. The current Brooklyn paper entitled the Brooklyn Daily Eagle has no technical relation to the historical newspaper.","Lisa M. Hamm, ""Feathers Fly Over Right to Publish ‘Brooklyn Eagle,’"" South Coast Today, last updated January 10, 2011, accessed July 4, 2016. Phoebe Neidl, ""About Us,"" Brooklyn Daily Eagle, January 10, 2012, accessed July 4, 2016. Susan Belasco, ""The Brooklyn Daily Eagle,"" The Walt Whitman Archive, accessed July 4, 2016. Suzanne Spellen, ""A Look at Brooklyn, Then and Now,"" Brownstoner, April 10, 2015, accessed July 4, 2016.",TheBrooklynDailyEagle1904,newspaper-article,,"""Relics Of A Vanished Race Found On a Lonely Island Of California Interest Scientists Deeply.""","65,",9,10,January,1904,1904-01-10,,"Brooklyn, New York",
36,Brooklyn Daily Eagle,"The Brooklyn Daily Eagle (1841-1955) was a daily newspaper founded by Isaac Van Anden and Henry Cruse Murphy; it was originally created as a Democratic Party organ for the 1842 election, but continued long after the political contest. Walt Whitman was its most famous editor, serving in this capacity from 1846-48. St. Clair McKelway was the editor from 1886-1915. During the 1890s, the Brooklyn Daily Eagle commanded the highest daily afternoon newspaper circulation in the country. The Eagle was outspoken against the consolidation of Brooklyn with the rest of New York and editorialized against the political machines that ran the city. After more than one hundred years of circulation, the paper folded in 1955 after a prolonged strike of the New York Newspaper Guild. Attempts to revive the paper in the 1960s were unsuccessful. The current Brooklyn paper entitled the Brooklyn Daily Eagle has no technical relation to the historical newspaper.","Lisa M. Hamm, ""Feathers Fly Over Right to Publish ‘Brooklyn Eagle,’"" South Coast Today, last updated January 10, 2011, accessed July 4, 2016. Phoebe Neidl, ""About Us,"" Brooklyn Daily Eagle, January 10, 2012, accessed July 4, 2016. Susan Belasco, ""The Brooklyn Daily Eagle,"" The Walt Whitman Archive, accessed July 4, 2016. Suzanne Spellen, ""A Look at Brooklyn, Then and Now,"" Brownstoner, April 10, 2015, accessed July 4, 2016.",Gassaway1905_BDE,newspaper-article,"Gassaway, Frank.","""A Woman Crusoe.""","66,",'158,'8,June,1905,1905-06-08,,"Brooklyn, New York",
303,Tokomairiro (NZL) Bruce Herald,"The Bruce Herald (1864-1971) was a newspaper founded by Joseph Mackay out of Milton, New Zealand. The paper had many different owners during the last half of the nineteenth century, from Francis Grant & Co. to Reginald Pyke. The paper had a circulation of at least 500 in 1879. Milton was known for its oat and flour mill.","""Bruce Herald,"" Papers Past, National Library of New Zealand Te Puna Matauranga o Aotearoa, New Zealand Government, accessed October 16, 2016. Geo. P. Rowell & Co’s American Newspaper Directory (New York: Geo. P. Rowell & Co., 1879), accessed 20 March 2016, eBook. Malcolm McKinnon ""Otago Places: Tokomairiro and Tuapeka,"" Te Ara: Encyclopedia of New Zealand, New Zealand Government, accessed October 16, 2016, http://www.teara.govt.nz/en/otago-places/page-10.",TheBruceHerald1884,newspaper-article,,"""A Female Crusoe,""","17,",no. 1626,11,July,1884,1884-07-11,,"Tokomairiro, Otago, New Zealand",
303,Tokomairiro (NZL) Bruce Herald,"The Bruce Herald (1864-1971) was a newspaper founded by Joseph Mackay out of Milton, New Zealand. The paper had many different owners during the last half of the nineteenth century, from Francis Grant & Co. to Reginald Pyke. The paper had a circulation of at least 500 in 1879. Milton was known for its oat and flour mill.","""Bruce Herald,"" Papers Past, National Library of New Zealand Te Puna Matauranga o Aotearoa, New Zealand Government, accessed October 16, 2016. Geo. P. Rowell & Co’s American Newspaper Directory (New York: Geo. P. Rowell & Co., 1879), accessed 20 March 2016, eBook. Malcolm McKinnon ""Otago Places: Tokomairiro and Tuapeka,"" Te Ara: Encyclopedia of New Zealand, New Zealand Government, accessed October 16, 2016, http://www.teara.govt.nz/en/otago-places/page-10.",TheBruceHerald1902,newspaper-article,,"""The Island of Mystery,""","39,",no. 64,15,August,1902,1902-08-15,,"Tokomairiro, Otago, New Zealand",
39,Buffalo (NY) Courier-Record,"The Buffalo Courier-Record (1897-98) was a newspaper that was founded by William J. Conners when he consolidated two newspapers out of Buffalo, New York: the Record and the Buffalo Courier. After 1898 the newspaper reverted to the name Buffalo Courier. Buffalo was an industrial city of with prominent iron works, flour mills, and meat-packing plants; it had a population of 255,664 in 1900.","Editors of the Encyclopedia Britannica, "" Buffalo,"" Encyclopedia Britannica, accessed June 27, 2016. Truman C. White, Our Country and Its People (Boston: Boston History, 1898), accessed June 27, 2016, eBook. U.S. Census Bureau, ""1900 Census,"" accessed June 26, 2016, PDF.",BuffaloCourierRecord1897,newspaper-article,,"""Fruitful Field of Exploration. Channel Islands, off the California Coast. Golgotha of the Pacific. Acres of Barren Rocks and Sandy Wastes Strewn with Human Bones. Natives Only a Memory. Wold Woman of San Nicolas--Strange Relics of a Vanished Race--Heaps of Whalebone.""","62,",150,30,May,1897,1897-05-30,,"Buffalo, New York",
40,Burlington (VT) Free Press,"The Burlington Weekly Free Press (1866-1928) was a weekly newspaper out of Burlington, Vermont that was originally founded by lawyers Seneca Austin and Luman Foote as the Free Press. The paper added a daily edition in 1848. George G. Benedict, a Civil War veteran, was the editor from 1866-1907. Burlington had a population of 11,365 in 1880, with a prospering lumber industry.","""About Burlington weekly free press. (Burlington, Vt.) 1866-1928, Chronicling America, accessed 14 March 2016. ""Chittenden County Town Census Records,"" Vermont History Explorer, accessed 14 March 2016, PDF. ""Early Industrial History,"" City of Burlington, Vermont, accessed 14 March 2016. John J. Duffy, Samuel B. Hand, and Ralph H. Orth, eds., ""Burlington Free Press,"" The Vermont Encyclopedia (Burlington, Vermont: University of Vermont Press, 2003), accessed 14 March 2016, eBook. Sam Hemingway, ""A Change for the ages: Burlington Free Press leaves home of 187 years,"" Burlington Free Press (Burlington, Vermont), accessed 14 March 2016.",BurlingtonFreePress1879,newspaper-article,,"""A Feminine Crusoe.""","50,",36,7,March,1879,1879-03-07,The Free Press Association,"Burlington, Vermont",G.G. Benedict
42,California Farmer and Journal of Useful Sciences,"The California Farmer and Journal of Useful Sciences (1854-89) was a weekly journal founded by James LaFayette Warren; it catered to farmers in San Francisco and Sacramento, where agriculture was booming during the 1850s.","Kevin Starr, California: A History (New York: Modern Library, 2005), 110.",Taylor1860_12(11),journal-article,"Taylor, Alex S.","""Santa Barbara,"" in ""California Notes. The Indianology of California. [Continued.] No. 7. Santa Ynez and the Santa Barbara County Indians.""","12,",11,4,May,1860,1860-05-04,John F. Morse & Co.,"San Francisco, California",Warren
42,California Farmer and Journal of Useful Sciences,"The California Farmer and Journal of Useful Sciences (1854-89) was a weekly journal founded by James LaFayette Warren; it catered to farmers in San Francisco and Sacramento, where agriculture was booming during the 1850s.","Kevin Starr, California: A History (New York: Modern Library, 2005), 110.",Taylor1860_13(16),magazine-article,"Taylor, Alex S.","""California Notes. The Indianology of California. [Continued.] Miscellaneous.""","13,",16,8,June,1860,1860-06-08,John F. Morse & Co.,"San Francisco, California",Warren
43,California Folklore Quarterly,"The California Folklore Quarterly (1942-47) was a quarterly journal founded by the California Folklore Society; Archer Taylor was the first editor. They journal printed all things folklore, including current news, books, and reviews. The publication’s name was changed to the current Western Folklore in 1947 to reflect the expanding range of material published. The name California Folklore Society was also changed–it is now known as the Western States Folklore Society.","Archer Taylor and Wayland D. Hand, ""Twenty-Five Years of Folklore Study in the West, Western Folklore 25, no. 4 (1966): 229-45, accessed July 27, 2016, eBook. Wayland Hand, ""‘California Folklore Quarterly’ and ‘Western Folklore’: An Editorial Survey 1942-1966,"" Western Folklore 25, no. 4 (1966): 247-53, accessed July 27, 2016, eBook. ""Western Folklore,"" Western States Folklore Society, accessed July 27, 2016.",Fife1943,journal-article,"Fife, Austin E.","""The Wild Girl of the Santa Barbara Channel Islands.""","2,",2,,April,1943,1943-04-01,,"Berkeley, California",
43,California Folklore Quarterly,"The California Folklore Quarterly (1942-47) was a quarterly journal founded by the California Folklore Society; Archer Taylor was the first editor. They journal printed all things folklore, including current news, books, and reviews. The publication’s name was changed to the current Western Folklore in 1947 to reflect the expanding range of material published. The name California Folklore Society was also changed–it is now known as the Western States Folklore Society.","Archer Taylor and Wayland D. Hand, ""Twenty-Five Years of Folklore Study in the West, Western Folklore 25, no. 4 (1966): 229-45, accessed July 27, 2016, eBook. Wayland Hand, ""‘California Folklore Quarterly’ and ‘Western Folklore’: An Editorial Survey 1942-1966,"" Western Folklore 25, no. 4 (1966): 247-53, accessed July 27, 2016, eBook. ""Western Folklore,"" Western States Folklore Society, accessed July 27, 2016.",Altrocchi1944,journal-article,"Altrocchi, Rudolph.","""The Wild Girl of the Santa Barbara Channel Islands.""","3,",1,,,1944,1944-02-14,S. B. Hustvedt/Archer Taylor,"Los Angeles, California",
43,California Folklore Quarterly,"The California Folklore Quarterly (1942-47) was a quarterly journal founded by the California Folklore Society; Archer Taylor was the first editor. They journal printed all things folklore, including current news, books, and reviews. The publication’s name was changed to the current Western Folklore in 1947 to reflect the expanding range of material published. The name California Folklore Society was also changed–it is now known as the Western States Folklore Society.","Archer Taylor and Wayland D. Hand, ""Twenty-Five Years of Folklore Study in the West, Western Folklore 25, no. 4 (1966): 229-45, accessed July 27, 2016, eBook. Wayland Hand, ""‘California Folklore Quarterly’ and ‘Western Folklore’: An Editorial Survey 1942-1966,"" Western Folklore 25, no. 4 (1966): 247-53, accessed July 27, 2016, eBook. ""Western Folklore,"" Western States Folklore Society, accessed July 27, 2016.",HanchettFife1944,journal-article,"Hanchett, L.L., Lennox Tierney and Austin E. Fife.","""The Lost Woman of San Nicolás.""","3,",2,,April,1944,1944-04-15,,"Berkeley, California",
274,Western Folklore,"The California Folklore Quarterly (1942-47) was a quarterly journal founded by the California Folklore Society; Archer Taylor was the first editor. They journal printed all things folklore, including current news, books, and reviews. The publication’s name was changed to the current Western Folklore in 1947 to reflect the expanding range of material published. The name California Folklore Society was also changed–it is now known as the Western States Folklore Society.","Archer Taylor and Wayland D. Hand, ""Twenty-Five Years of Folklore Study in the West, Western Folklore 25, no. 4 (1966): 229-45, accessed July 27, 2016, eBook. Wayland Hand, ""‘California Folklore Quarterly’ and ‘Western Folklore’: An Editorial Survey 1942-1966,"" Western Folklore 25, no. 4 (1966): 247-53, accessed July 27, 2016, eBook. ""Western Folklore,"" Western States Folklore Society, accessed July 27, 2016.",Carl1952,journal-article,"Carl, Robert L.","""The Lost Woman of San Nicolas Island.""","11,",2,,April,1952,1952-04-01,,"Long Beach, California",
47,Californian Illustrated Magazine,"The Californian Illustrated Magazine (1891-94) was a monthly periodical magazine founded by Charles Frederick Holder out of San Francisco, California. Its main focus was literary fiction, but the magazine also published articles on other topics, such as politics and science. It was heavily illustrated with scenes of California. Holder became the director of the Santa Catalina Zoological Station in 1894 and sold the magazine.","Frank Luther Mott, American Journalism: A History of Newspapers in the United States Through 250 Years: 1690 to 1940 (New York: Macmillan, 1941), accessed June 21, 2016, eBook. Hazel Dicken Garcia, Journalistic Standards in Nineteenth-century America (Madison, University of Wisconsin Press, 1989), accessed June 21, 2016, eBook.",Holder1892,newspaper-article,"Holder, Charles Frederick.","""A Four-In-Hand In Southern California.""","1,",1,,March,1892,,,"San Francisco, California",
47,Californian Illustrated Magazine,"The Californian Illustrated Magazine (1891-94) was a monthly periodical magazine founded by Charles Frederick Holder out of San Francisco, California. Its main focus was literary fiction, but the magazine also published articles on other topics, such as politics and science. It was heavily illustrated with scenes of California. Holder became the director of the Santa Catalina Zoological Station in 1894 and sold the magazine.","Frank Luther Mott, American Journalism: A History of Newspapers in the United States Through 250 Years: 1690 to 1940 (New York: Macmillan, 1941), accessed June 21, 2016, eBook. Hazel Dicken Garcia, Journalistic Standards in Nineteenth-century America (Madison, University of Wisconsin Press, 1989), accessed June 21, 2016, eBook.",Gibbons1893,magazine-article,"Gibbons, James M.","""The Wild Woman of San Nicolas.""",4,5,,October,1893,1893-10-01,,N/A?,
49,Cambridge (MA) Chronicle,"The Cambridge Chronicle (1846-present) is a weekly newspaper out of Cambridge, Massachusetts; it was founded by Andrew Reid three days after the town, located just north of Boston, was incorporated into a city. Reid was in charge of the paper for only a few months before his health failed and John Ford took over. Cambridge was an industrial city in the 1850s, with factories producing including soap and glassware; its population was about 15,000. Home to Harvard University since the 17th century, Cambridge would also become the site of the Massachusetts Institute of Technology (MIT) in 1861. A yearly subscription of the Chronicle was cost $2 in 1854.","""About Cambridge chronicle. (Cambridge, Md.) 1828-1855),"" Chronicling America, accessed February 9, 2016.
Cambridge Chronicle, October 8, 1921, accessed February 9, 2016, PDF. ""The Founder And Three Editors of The Cambridge Chronicle,"" The Cambridge Historical Society, last updated April 1, 2014, accessed February 9, 2016.  The Massachusetts Register and United States Calendar for the Year of Our Lord 1854 (Boston: George Adams, 1854), accessed February 9, 2016, eBook. U.S. Census Bureau, ""1850 Census,"" accessed February 9, 2016, PDF.",CambridgeChronicle1853,newspaper-article,,"""A Female Robinson Crusoe.""","8,",46,12,November,1853,1853-11-12,Andrew Reid,"Cambridge, Massachusetts",
50,Canonsburg (PA) Notes,"The Canonsburg Notes (1875-1980) was a newspaper founded by Fulton Phillips out of Canonsburg, Pennsylvania; it was originally a weekly called the Rural Notes, but went through many name changes including the Daily Notes and the Chartiers Valley Notes. D. H. Fee and his brother William bought the paper in 1882, and introduced the daily edition in 1894. The Canonsburg Notes had a weekly circulation of 1,112 in 1900. Canonsburg (pop. 2,714 in 1900) and was known for coal mining and is located just southwest of Pittsburgh.","""About The daily notes. (Canonsburg, Pa.) 1903-1980,"" Chronicling America, accessed July 3, 2016. ""Canonsburg Notes Now Weekly Paper,"" Observer-Reporter, January 15, 1980, accessed July 3, 2016. ""History of Canonsburg,""  Canonsburg Borough, accessed July 3, 2016. Jerry Grefenstette, Canonsburg (Charleston, SC: Arcadia, 2009), accessed July 3, 2016, eBook. Martha Cross Sarget, ""Fee, David Hamilton,"" PA-Roots, last updated January 20, 2006, accessed July 3, 2016. Rowell’s American Newspaper Directory (New York: Geo. P. Rowell & Company, 1887), accessed July 3, 2016, eBook. U.S. Census Bureau, ""1900 Census,"" accessed July 3, 2016, PDF.",MEDudley1901_TCN_Nov8,newspaper-article,"Dudley, M. E.","""The Woman of San Nicolas Island. A Strange Story of the Pacific Coast.""","8th year,","2,343",8,November,1901,1901-11-08,,"Canonsburg, Pennsylvania",
50,Canonsburg (PA) Notes,"The Canonsburg Notes (1875-1980) was a newspaper founded by Fulton Phillips out of Canonsburg, Pennsylvania; it was originally a weekly called the Rural Notes, but went through many name changes including the Daily Notes and the Chartiers Valley Notes. D. H. Fee and his brother William bought the paper in 1882, and introduced the daily edition in 1894. The Canonsburg Notes had a weekly circulation of 1,112 in 1900. Canonsburg (pop. 2,714 in 1900) and was known for coal mining and is located just southwest of Pittsburgh.","""About The daily notes. (Canonsburg, Pa.) 1903-1980,"" Chronicling America, accessed July 3, 2016. ""Canonsburg Notes Now Weekly Paper,"" Observer-Reporter, January 15, 1980, accessed July 3, 2016. ""History of Canonsburg,""  Canonsburg Borough, accessed July 3, 2016. Jerry Grefenstette, Canonsburg (Charleston, SC: Arcadia, 2009), accessed July 3, 2016, eBook. Martha Cross Sarget, ""Fee, David Hamilton,"" PA-Roots, last updated January 20, 2006, accessed July 3, 2016. Rowell’s American Newspaper Directory (New York: Geo. P. Rowell & Company, 1887), accessed July 3, 2016, eBook. U.S. Census Bureau, ""1900 Census,"" accessed July 3, 2016, PDF.",MEDudley1901_TCN_Nov9,newspaper-article,"Dudley, M. E.","""The Woman of San Nicolas Island. A Strange Story of the Pacific Coast.""","8th year,","2,343",9,November,1901,1901-11-09,,"Canonsburg, Pennsylvania",
51,Catholic Library World,"The Catholic Library World (1929-current) is the official quarterly journal of the Catholic Library Association. It features articles on all things that are related to libraries, with a particular focus on connecttions to Catholicism. The publication also reviews children’s literature.","""Call for Submissions-Catholic Library World,"" H-Net, accessed September 4, 2016. Gillian Adams and Sheila Ray, ""Reviewing and Scholarly Journals,"" International Companion Encyclopedia of Children’s Literature (London: Routledge, 2004), accessed September 4, 2016, eBook. ""Publications,"" Catholic Library Association, accessed September 4, 2016.",Thompson1978,journal-article,"Thompson, Sally Anne M.","""Scott O'Dell - Weaver of Stories.""","49,",8,,,1978,1978-01-01,,,
54,Chanute (KS) Daily Tribune,"The Chanute Daily Tribune (1892-current) is a daily newspaper founded by G. M. Dewey out of Chanute, Kansas. J. M. Cavaness was the president of the company from 1902 through the 1910s. Chanute, in southeast Kansas (pop. 10,286 in 1920), was known for its oil refineries.","""About The Chanute tribune. (Chanute, Kan.) 1946-current,"" Chronicling America, accessed July 19, 2016. Aspen Junge, ""Petroleum Refining: A 125 Year Kansas Legacy,"" Kansas Department of Health and Environment, June 30, 2010, accessed July 19, 2016. History of Neosho and Wilson Counties, Kansas (Fort Scott, KS: Monitor Printing, 1902), accessed July 19, 2016. Kansas State Historical Society, Thirteenth Biennial of the . . . Kansas State Historical Society (Topeka, KS: W. Y. Morgan, 1902), accessed July 19, 2016, eBook. U.S. Census Bureau, ""1920 Census,"" accessed July 18, 2016, PDF. William Elsey Connelley, History of Kansas Newspapers (Topeka, KS: Kansas State Printing Plant, 1916), accessed July 19, 2016, eBook.",TheChanuteDailyTribune1921,newspaper-article,,"""Alone For Eighteen Years. Indian Woman, Abandoned on Desert Island, FInally Found by Party of Otter Hunters.""","30,",103,8,August,1921,1921-08-08,,"Cahanute, Kansas",
55,Chatham (NC) Record,"The Chatham Record (1878-current) is a weekly newspaper founded by Henry Armand London out of Chatham, North Carolina. London owned and edited the paper until his death in 1918. Chatham County (pop. 23,912 in 1900) is located in the middle of the state and was mainly agricultural in the early 1900s.","""About The Chatham record. (Pittsboro, N.C.) 1878-current,"" Chronicling America, accessed July 10, 2016. ""History of Pittsboro, North Carolina,"" Almost Everything You’ve Wanted to Know About North Carolina, accessed July 10, 2016. U.S. Census Bureau, ""1900 Census,"" accessed July 10, 2016, PDF. William S. Powell, ed., ""London, Henry Armand,"" Dictionary of North Carolina (Chapel Hill: University of North Carolina Press, 1991), accessed July 10, 2016.",Gassaway1905_TCR,newspaper-article,"Gassaway, Frank.","""A Woman Crusoe.""","28,",12,2,November,1905,1905-11-02,,"Pittsboro, North Carolina",
56,Chicago Daily Tribune,"The Chicago Daily Tribune (1847-current) is a daily newspaper founded by James Kelly and John E. Wheeler out of Chicago. Initially, the paper only had 400 subscribers, even though Chicago itself had a population of 16,000 at that time. James Medill (later mayor of Chicago) and Dr. Charles Ray, editors in the 1850s, greatly increased the Tribune’s circulation. The paper was a strong supporter of the Republican Party, and especially Abraham Lincoln, who often came to conferences at the Tribune offices. By the end of the Civil War, the paper had a circulation of just under 47,000. The Tribune covered local news. scandals, and sports, and it published literary pieces from well known writers, even printing a revised edition of the New Testament in 1881. In the 1880s, with Medill still serving as editor, the paper devoted significant coverage to labor unrest, including the Haymarket Affair; at this time, daily circulation was around 60,000. The 1890’s brought the World’s Fair to Chicago, then the second largest city in the nation (1.2 million pop.). When Medill died in 1899, he left a newspaper legacy behind him that his family took up, especially his grandchildren, who all went into the newspaper business at the Tribune and other newspapers. In 1963, the paper dropped the Daily from its name.","Frank Luther Mott, American Journalism: A History of Newspapers in the United States Through 250 Years: 1690 to 1940 (New York: The Macmillan Company, 1941). Lloyd Wendt, Chicago Tribune (Chicago: Rand McNally, 1979).",Russell1857_CDT,newspaper-article,"Russell, C. J. W.","""Narrative of a Woman Who Lived Alone 18 Years Alone, Upon the Island of San Nicolas, Coast of California.""","10,",264,16,April,1857,1857-04-16,"Wheeler, Stewart & Scripps","Chicago, Illinois",
56,Chicago Daily Tribune,"The Chicago Daily Tribune (1847-current) is a daily newspaper founded by James Kelly and John E. Wheeler out of Chicago. Initially, the paper only had 400 subscribers, even though Chicago itself had a population of 16,000 at that time. James Medill (later mayor of Chicago) and Dr. Charles Ray, editors in the 1850s, greatly increased the Tribune’s circulation. The paper was a strong supporter of the Republican Party, and especially Abraham Lincoln, who often came to conferences at the Tribune offices. By the end of the Civil War, the paper had a circulation of just under 47,000. The Tribune covered local news. scandals, and sports, and it published literary pieces from well known writers, even printing a revised edition of the New Testament in 1881. In the 1880s, with Medill still serving as editor, the paper devoted significant coverage to labor unrest, including the Haymarket Affair; at this time, daily circulation was around 60,000. The 1890’s brought the World’s Fair to Chicago, then the second largest city in the nation (1.2 million pop.). When Medill died in 1899, he left a newspaper legacy behind him that his family took up, especially his grandchildren, who all went into the newspaper business at the Tribune and other newspapers. In 1963, the paper dropped the Daily from its name.","Frank Luther Mott, American Journalism: A History of Newspapers in the United States Through 250 Years: 1690 to 1940 (New York: The Macmillan Company, 1941). Lloyd Wendt, Chicago Tribune (Chicago: Rand McNally, 1979).",ChicagoDailyTribune1872,newspaper-article,N/A                            N/A                         N/A                           N/A,"""Hona  Maria.""","25,",362,11,August,1872,1872-08-11,Tribune Co.,"Chicago, Illinois",
56,Chicago Daily Tribune,"The Chicago Daily Tribune (1847-current) is a daily newspaper founded by James Kelly and John E. Wheeler out of Chicago. Initially, the paper only had 400 subscribers, even though Chicago itself had a population of 16,000 at that time. James Medill (later mayor of Chicago) and Dr. Charles Ray, editors in the 1850s, greatly increased the Tribune’s circulation. The paper was a strong supporter of the Republican Party, and especially Abraham Lincoln, who often came to conferences at the Tribune offices. By the end of the Civil War, the paper had a circulation of just under 47,000. The Tribune covered local news. scandals, and sports, and it published literary pieces from well known writers, even printing a revised edition of the New Testament in 1881. In the 1880s, with Medill still serving as editor, the paper devoted significant coverage to labor unrest, including the Haymarket Affair; at this time, daily circulation was around 60,000. The 1890’s brought the World’s Fair to Chicago, then the second largest city in the nation (1.2 million pop.). When Medill died in 1899, he left a newspaper legacy behind him that his family took up, especially his grandchildren, who all went into the newspaper business at the Tribune and other newspapers. In 1963, the paper dropped the Daily from its name.","Frank Luther Mott, American Journalism: A History of Newspapers in the United States Through 250 Years: 1690 to 1940 (New York: The Macmillan Company, 1941). Lloyd Wendt, Chicago Tribune (Chicago: Rand McNally, 1979).",ChicagoDailyTribune1891,newspaper-article,N/A                            N/A                         N/A                           N/A,"""She Lived Alone Among Skeletons.""","51,",278,5,October,1891,1891-10-05,,"Chicago, Illinois",
56,Chicago Daily Tribune,"The Chicago Daily Tribune (1847-current) is a daily newspaper founded by James Kelly and John E. Wheeler out of Chicago. Initially, the paper only had 400 subscribers, even though Chicago itself had a population of 16,000 at that time. James Medill (later mayor of Chicago) and Dr. Charles Ray, editors in the 1850s, greatly increased the Tribune’s circulation. The paper was a strong supporter of the Republican Party, and especially Abraham Lincoln, who often came to conferences at the Tribune offices. By the end of the Civil War, the paper had a circulation of just under 47,000. The Tribune covered local news. scandals, and sports, and it published literary pieces from well known writers, even printing a revised edition of the New Testament in 1881. In the 1880s, with Medill still serving as editor, the paper devoted significant coverage to labor unrest, including the Haymarket Affair; at this time, daily circulation was around 60,000. The 1890’s brought the World’s Fair to Chicago, then the second largest city in the nation (1.2 million pop.). When Medill died in 1899, he left a newspaper legacy behind him that his family took up, especially his grandchildren, who all went into the newspaper business at the Tribune and other newspapers. In 1963, the paper dropped the Daily from its name.","Frank Luther Mott, American Journalism: A History of Newspapers in the United States Through 250 Years: 1690 to 1940 (New York: The Macmillan Company, 1941). Lloyd Wendt, Chicago Tribune (Chicago: Rand McNally, 1979).",ChicagoDailyTribune1892,newspaper-article,N/A                            N/A                         N/A                           N/A,"""Covered with Human Skeletons: The Story of San Nicolas Island and its Last Inhabitant.""","51,",107,16,April,1892,1892-04-16,Tribune Co.,"Chicago, Illinois",
56,Chicago Daily Tribune,"The Chicago Daily Tribune (1847-current) is a daily newspaper founded by James Kelly and John E. Wheeler out of Chicago. Initially, the paper only had 400 subscribers, even though Chicago itself had a population of 16,000 at that time. James Medill (later mayor of Chicago) and Dr. Charles Ray, editors in the 1850s, greatly increased the Tribune’s circulation. The paper was a strong supporter of the Republican Party, and especially Abraham Lincoln, who often came to conferences at the Tribune offices. By the end of the Civil War, the paper had a circulation of just under 47,000. The Tribune covered local news. scandals, and sports, and it published literary pieces from well known writers, even printing a revised edition of the New Testament in 1881. In the 1880s, with Medill still serving as editor, the paper devoted significant coverage to labor unrest, including the Haymarket Affair; at this time, daily circulation was around 60,000. The 1890’s brought the World’s Fair to Chicago, then the second largest city in the nation (1.2 million pop.). When Medill died in 1899, he left a newspaper legacy behind him that his family took up, especially his grandchildren, who all went into the newspaper business at the Tribune and other newspapers. In 1963, the paper dropped the Daily from its name.","Frank Luther Mott, American Journalism: A History of Newspapers in the United States Through 250 Years: 1690 to 1940 (New York: The Macmillan Company, 1941). Lloyd Wendt, Chicago Tribune (Chicago: Rand McNally, 1979).",ChicagoDailyTribune1902,newspaper-article,N/A                            N/A                         N/A                           N/A,"""To Explore the Strange Island of San Nicolas: An Expedition from the University of California Will Visit the Gruesome Land That is Spread Over with Skulls and Thighbones of a Lost Race.""","50,",61,2,March,1902,1902-03-02,Tribune Co.,"Chicago, Illinois",
58,New York Christian Advocate and Journal,"The Christian Advocate and Journal (1833-1865) was a weekly Methodist Episcopal newspaper out of New York, which has had variations of the original title name throughout its publication. Barber Badger was the titular director of the original publication, but the paper fell under the auspices of various editors until 1840, when Thomas E. Bond took over. Bond was a dentist and a minister, and he was chosen as the paper’s editor by the Methodist Conference because of his steadfastness to Church ideals, during a time of religious and political turmoil. The Church was split over the issue of slavery, and the pro-slavery churches split off from the conference in 1845. Despite the controversy, the newspaper retained a circulation of 25,000 that year, with a price of $1.25 per issue.","Donald G. Matthews, Slavery and Methodism (Princeton: Princeton University Press, 1965), 272-273. ""Editorial."" The Christian Advocate (New York), September 13, 1906, accessed February 28, 2016, eBook. Methodist Episcopal Church, Journal of the General Conference of the Methodist Episcopal Church (New York: Lane & Scott, 1848), accessed February 28, 2016, eBook.",ChristianAdvocateAndJournal1847,newspaper-article,,"""A Female Crusoe.""","22,",9,3,March,1847,1847-03-03,,"New York, New York",
59,Christian Science Monitor,"The Christian Science Monitor (1908-current) is a daily publication out of Boston founded by Mary Baker Eddy, also founder of the First Church of Christ, Scientist. Eddy began the paper to provide an alternative to periodicals known for their yellow journalism and for attacking her church. Though the First Church of Christ, Scientist, owns the Christian Science Monitor, it professes secular reporting. Erwin D. Canham was the editor from 1940-64, and he is credited with increasing circulation and expanding the paper’s scope to worldwide news coverage. The Monitor reached its highest circulation in 1970, with 223,000 readers.","""About The Christian Science Monitor,"" Christian Science Monitor, accessed August 28, 2016. Jon Fine, ""The Christian Science Monitor to Become a Weekly,"" Bloomberg, October 28, 2008, accessed August 28, 2016. William Dicke, ""Erwin Canham, Longtime Editor of the Christian Science Monitor,"" New York Times, January 4, 1982, accessed August 28, 2016.",Trott1964,newspaper-article,"Trott, Harlan.","""Island Mystery about Kind Mrs. Robinson Crusoe.""","56,",44,17,January,1964,1964-01-17,,"Boston, Massachusetts",
60,New York Christian Union,"The Christian Union (1870-93) is a monthly Christian magazine started by the renowned Congregationalist minister Henry Ward Beecher, out of New York. Lyman Abbott became the editor in 1881. The magazine continued after 1893 as the Outlook, still a religious publication, with articles by Beecher, but with a more literary focus, featuring story serials by Harriet Beecher Stowe and Louisa Mae Alcott, among others.","Frank Luther Mott, A History of American Magazines 1741-1850 (Cambridge: Harvard University Press, 1958), accessed February 28, 2016, eBook. ""Henry Ward Beecher,"" NNBD, accessed April 24, 2016. ""Lyman Abbott,"" encyclopedia.com, accessed April 24, 2016.",ChristianUnion1885,magazine-article,,"""A Female Crusoe.""","31,",21,21,May,1885,1885-05-21,,"New York, New York",
61,Cincinnati Commercial Tribune,"The Cincinnati Commercial Gazette (1883-96) was a daily Republican newspaper founded by Murat Halstead from the Cincinnati Gazette and the Cincinnati Commercial. Cincinnati had a population of 300,000 in 1890, with large industries in iron production and meatpacking.","""About Cincinnati commercial gazette. (Cincinnati, [Ohio]) 1883-1896,"" Chronicling America, accessed April 24, 2016. Annual Reports for 1900 (Columbus, OH: Fred J. Heer, 1900), accessed April 24, 2016, eBook. ""Cincinnati, Ohio,"" Ohio History Connection, accessed April 10, 2016. Marvin Bergman, Iowa History Reader (Iowa City: University of Iowa Press, 1996), accessed April 24, 2016, eBook. ""Murat Halstead,"" Ohio History Central, accessed April 24, 2016. U.S. Census Bureau, ""1890 Census,"" accessed April 24, 2016, PDF.",CincinnatiCommercialTribune1885,newspaper-article,,"""A Feminine Crusoe. Eighteen Years on a Desert Island--How She Lived and Dressed.""","45,",231,18,May,1885,1885-05-18,,"Cincinnati, Ohio",
62,Cincinnati Enquirer,"The Cincinnati Enquirer (1841-current) is a daily newspaper founded by John and Charles Brough out of Cincinnati. It boasts the oldest continuous Sunday edition in print in the United States today; while it was not the first newspaper to print regularly on Sundays, the others have been discontinued. Founder John Brough started his newspaper career at the age of twelve, when he apprenticed with papers in his home of Marietta, Ohio. He also cultivated an early interest in politics, becoming state auditor and a member of the Ohio legislature. With his brother Charles, he bought the Cincinnati Advertiser in 1841, and changed its name to the Enquirer. The new paper followed John’s political allegiances, starting off as a Democratic paper, but switching to a National Union Party (Republican) paper around election time in 1864. John was nominated by the National Union Party to become governor, and served from 1864-65, when he died of gangrene from an ankle sprain. However, by this point, the Cincinnati Enquirer was already under the ownership of Washington McLean, who passed down the paper to his son, John, in 1881; John McLean more than quintupled the paper’s circulation to around 90,000. Cincinnati had a population of 300,000 in 1890, with large industries in iron production and meat packing.","""Cincinnati, Ohio,"" Ohio History Connection, accessed April 10, 2016. Dan Horn and Jeff Suess, ""Enquirer Reveals Much about Cincinnati,"" Cincinatti.com, accessed April 10, 2016. Joel M. Beall, ""The Cincinnati Enquirer Turns 174 Years Old,"" Cincinatti.com, accessed April 10, 2016. ""John R. McLean,"" Ohio History Connection, accessed April 10, 2016. ""John Brough,"" Ohio History Connection, accessed April 10, 2016. Keith Altavilla, ""Brough, John (1811-1865),"" Spencer C. Tucker, ed., American Civil War (Santa Barbara, CA: ABC-CLIO, 2015), accessed April 10, 2016.",Stuart1880_TCE,newspaper-article,"Stuart, Absalom B.","""A Female Crusoe. An Indian Woman Who Lived Eighteen Years Alone on an Island in the Pacific.""","38,",248,4,September,1880,1880-09-04,,"Cincinnati, Ohio",
62,Cincinnati Enquirer,"The Cincinnati Enquirer (1841-current) is a daily newspaper founded by John and Charles Brough out of Cincinnati. It boasts the oldest continuous Sunday edition in print in the United States today; while it was not the first newspaper to print regularly on Sundays, the others have been discontinued. Founder John Brough started his newspaper career at the age of twelve, when he apprenticed with papers in his home of Marietta, Ohio. He also cultivated an early interest in politics, becoming state auditor and a member of the Ohio legislature. With his brother Charles, he bought the Cincinnati Advertiser in 1841, and changed its name to the Enquirer. The new paper followed John’s political allegiances, starting off as a Democratic paper, but switching to a National Union Party (Republican) paper around election time in 1864. John was nominated by the National Union Party to become governor, and served from 1864-65, when he died of gangrene from an ankle sprain. However, by this point, the Cincinnati Enquirer was already under the ownership of Washington McLean, who passed down the paper to his son, John, in 1881; John McLean more than quintupled the paper’s circulation to around 90,000. Cincinnati had a population of 300,000 in 1890, with large industries in iron production and meat packing.","""Cincinnati, Ohio,"" Ohio History Connection, accessed April 10, 2016. Dan Horn and Jeff Suess, ""Enquirer Reveals Much about Cincinnati,"" Cincinatti.com, accessed April 10, 2016. Joel M. Beall, ""The Cincinnati Enquirer Turns 174 Years Old,"" Cincinatti.com, accessed April 10, 2016. ""John R. McLean,"" Ohio History Connection, accessed April 10, 2016. ""John Brough,"" Ohio History Connection, accessed April 10, 2016. Keith Altavilla, ""Brough, John (1811-1865),"" Spencer C. Tucker, ed., American Civil War (Santa Barbara, CA: ABC-CLIO, 2015), accessed April 10, 2016.",TheCincinnatiEnquirer1895,newspaper-article,,"""Exploration Of the Channel Islands, Which Constitute California's Only Archipelago, To Be Undertaken By Stanford Students. A Rich Field For Anthropological and Archæological Research--Uncanny Traditions.""","52,",'97,'7,April,'1895,1895-04-07,Faran & McLean,"Cincinnati, Ohio",
62,Cincinnati Enquirer,"The Cincinnati Enquirer (1841-current) is a daily newspaper founded by John and Charles Brough out of Cincinnati. It boasts the oldest continuous Sunday edition in print in the United States today; while it was not the first newspaper to print regularly on Sundays, the others have been discontinued. Founder John Brough started his newspaper career at the age of twelve, when he apprenticed with papers in his home of Marietta, Ohio. He also cultivated an early interest in politics, becoming state auditor and a member of the Ohio legislature. With his brother Charles, he bought the Cincinnati Advertiser in 1841, and changed its name to the Enquirer. The new paper followed John’s political allegiances, starting off as a Democratic paper, but switching to a National Union Party (Republican) paper around election time in 1864. John was nominated by the National Union Party to become governor, and served from 1864-65, when he died of gangrene from an ankle sprain. However, by this point, the Cincinnati Enquirer was already under the ownership of Washington McLean, who passed down the paper to his son, John, in 1881; John McLean more than quintupled the paper’s circulation to around 90,000. Cincinnati had a population of 300,000 in 1890, with large industries in iron production and meat packing.","""Cincinnati, Ohio,"" Ohio History Connection, accessed April 10, 2016. Dan Horn and Jeff Suess, ""Enquirer Reveals Much about Cincinnati,"" Cincinatti.com, accessed April 10, 2016. Joel M. Beall, ""The Cincinnati Enquirer Turns 174 Years Old,"" Cincinatti.com, accessed April 10, 2016. ""John R. McLean,"" Ohio History Connection, accessed April 10, 2016. ""John Brough,"" Ohio History Connection, accessed April 10, 2016. Keith Altavilla, ""Brough, John (1811-1865),"" Spencer C. Tucker, ed., American Civil War (Santa Barbara, CA: ABC-CLIO, 2015), accessed April 10, 2016.",TheCincinnatiEnquirer1897,newspaper-article,,"""Island. Covered With Human Bones. San Nicolas, the Golgotha of the Pacific. Strange Story of the Wild Woman Found There--Home of an Ancient Savage Race.""","54,",135,15,May,1897,1897-05-15,,"Cincinnati, Ohio.",
62,Cincinnati Enquirer,"The Cincinnati Enquirer (1841-current) is a daily newspaper founded by John and Charles Brough out of Cincinnati. It boasts the oldest continuous Sunday edition in print in the United States today; while it was not the first newspaper to print regularly on Sundays, the others have been discontinued. Founder John Brough started his newspaper career at the age of twelve, when he apprenticed with papers in his home of Marietta, Ohio. He also cultivated an early interest in politics, becoming state auditor and a member of the Ohio legislature. With his brother Charles, he bought the Cincinnati Advertiser in 1841, and changed its name to the Enquirer. The new paper followed John’s political allegiances, starting off as a Democratic paper, but switching to a National Union Party (Republican) paper around election time in 1864. John was nominated by the National Union Party to become governor, and served from 1864-65, when he died of gangrene from an ankle sprain. However, by this point, the Cincinnati Enquirer was already under the ownership of Washington McLean, who passed down the paper to his son, John, in 1881; John McLean more than quintupled the paper’s circulation to around 90,000. Cincinnati had a population of 300,000 in 1890, with large industries in iron production and meat packing.","""Cincinnati, Ohio,"" Ohio History Connection, accessed April 10, 2016. Dan Horn and Jeff Suess, ""Enquirer Reveals Much about Cincinnati,"" Cincinatti.com, accessed April 10, 2016. Joel M. Beall, ""The Cincinnati Enquirer Turns 174 Years Old,"" Cincinatti.com, accessed April 10, 2016. ""John R. McLean,"" Ohio History Connection, accessed April 10, 2016. ""John Brough,"" Ohio History Connection, accessed April 10, 2016. Keith Altavilla, ""Brough, John (1811-1865),"" Spencer C. Tucker, ed., American Civil War (Santa Barbara, CA: ABC-CLIO, 2015), accessed April 10, 2016.",TheCincinnatiEnquirer1899,newspaper-article,,"""Woman. Hermit of San Nicholas. Her Unbroken Solitude of Eighteen Years. Small Island in the Pacific Which Has Proved a Treasure House for the Archaeologists.""","56,",84,25,March,1889,1899-03-25,,"Cincinnati, Ohio",
63,Cold Spring (NY) Recorder,"The Cold Spring Recorder (1866-current) is a weekly newspaper founded by Charles Blanchard out of Cold Spring, New York. Otis Montrose was the owner from 1920-37, when the Recorder merged with the Putnam County News to form the Putnam County News and Recorder, which is the name the paper currently goes by. Cold Spring, north of New Yor City on the Hudson River, had a population of 1,784 in 1930.","""About The Cold Spring recorder. (Cold Spring, N.Y.) 1866-1937,"" Chronicling America, accessed July 26, 2016. Aiden Galliagn, ""PCNR Celebrates Ailes Family Ownership, Prepares for 150th Birthday,"" Putnam County News and Recorder, July 1, 2015, accesed July 26, 2016. U.S. Census Bureau, ""1930 Census,"" accessed July 26, 2016, PDF.",TheColdSpringRecorder1930,newspaper-article,,"""Crusoe Not in It With Indian Woman Recluse.""","64,","3,305",25,July,1930,1930-07-25,,"Cold Spring, New York",
320,Launceston (AUS) Cornwall Chronicle,"The Cornwall Chronicle (1835-80) was a newspaper founded by William Mann and William Goodwin out of Launceston, Tasmania, Australia. Goodwin was so outspoken in his political views that Mann left the partnership soon after the paper’s founding. The Chronicle’s rival, the Examiner, acquired the Chronicle in 1880. Launceston, in northern Tasmania, experienced a mining boom in the late 1870s.","""About Us,"" Examiner, Fairfax, accessed October 23, 2016, http://www.examiner.com.au/about-us/. C. J. Craig, ""Goodwin, William Lushington (1798-1862),"" Australian History of Biography, National Centre of Biography, Australian National University, 1966, accessed October 30, 2016, eBook. ""History of Launceston,"" Launceston City Council, accessed October 23, 2016, http://www.launceston.tas.gov.au/lcc/index.php?c=85. Julian Burgess, ""Launceston’s Historic Newspaper,"" The Local History Site: Tasmania, Australia, March 26, 2016, accessed October 30, 2016, http://www.julianburgess.com.au/single-post/56fa478c0cf2e1f8bbc1149e.",CornwallChronicle1879,newspaper-article,,"""Swearing by Dispatch,""",43,no. 5205,21,May,1879,1879-05-21,,"Launceston, Tasmania, Australia",
65,Cortland (NY) News,"The Cortland News (1880-87) was a weekly newspaper founded by C.H. Buell and E.M. Lansing out of Cortland, New York. Frank G. Kinney took over in 1882, and then the Cortland News was sold to Silas Hammond Strowbridge in 1884. Cortland was known for its dairying, along with wagon and small tools manufacturing during this time. The population was growing: 4,050 residents in 1880 up to 8,590 in 1890.","""About The Cortland news. (Cortland, N.Y.) 1880-1???,"" Chronicling America, accessed April 24, 2016. Jeff Pain, ""Cortland News Suspends Publication,"" Cortland Contrarian, posted July 18, 2014, accessed April 24, 2016. ""Local History,"" Cortland NY accessed April 24, 2016. U.S. Census Bureau, ""1880 Census,"" accessed April 24, 2016, PDF. U.S. Census Bureau, ""1890 Census,"" accessed April 24, 2016, PDF.",CortlandNews1885,newspaper-article,,"""Crusoe In Petticoats. A Woman Who Was Eighteen Years on a Desert Island.""","6,",2,26,June,1885,1885-06-26,Clayton H. Buell,"Cortland, New York",
311,Cortland (NY) Standard,"The Cortland Standard (1867-current) is a newspaper founded by Francis G. Kinney out of Cortland, New York; it was founded as weekly but began publishing daily in 1892. William H. Clark ran the paper from 1876-1928. Cortland was known for its wire, nail, and steel manufacturing in the first half of the twentieth century.","""History,"" Cortland Standard, accessed October 23, 2016, http://cortlandstandard.net/w/history/. ""Industry,"" Cortland, NY, City of Cortland, accessed October 23, 2016.",CortlandStandard1926,newspaper-article,,"""Alone For Eighteen Years. Indian Woman, Abandoned on Desert Island, Finally Found by Party of Otter Hunters,""",,no. 239,10,December,1926,1926-12-10,,"Cortland, New York",
66,Council Grove (KS) Republican,"The Council Grove Republican (1879-current) is a newspaper founded by Frank A. Moriarty; it was a consolidation of two newspapers, the Council Grove Democrat and the Republican, both out of the county seat of Morris County, Kansas. The paper had a circulation of around 600 when it started. The city of Council Grove had a population of 1,042 in 1880.","""About The Council Grove Republican. (Council Grove, Kan.) 1879-1924,"" Chronicling America, accessed 20 March 2016. Lalla Maloy Brigham, The Story of Council Grove on the Santa Fe Trail (n.p.: 1921), accessed 20 March 2016, eBook. Pettengill’s Newspaper Directory (New York: S. M. Pettengill & Co., 1878), accessed 20 March 2016, eBook.",TheCouncilGroveRepublican1879,newspaper-article,,"""A Feminine Crusoe. Alone on a Dreary Desert Island for 18 Years.""","49,",21 (whole no. 703):,22,February,1879,1879-02-22,,"Council Grove, Kansas",
70,Crawfordsville (IN) Daily Argus News,"The Daily Argus News (1885-1900) was a Democratic newspaper founded by S. M. Coffman and W. E. Rosebro, who merged the Argus (founded 1882) and Daily News (1883), both out of Crawfordsville, Indiana. It was a democratic newspaper. Crawfordsville had a population of 6,089 in 1890.","""About The daily argus news. (Crawfordsville, Ind.) 1885-1900,"" Chronicling America, accessed June 17, 2016. Herman Fred Shermer, ""A History of Publishing in Montgomery County, Indiana, 1831-1940,"" Indiana Magazine of History, accessed June 17, 2016. ""Newspapers in Montgomery County,"" USGenWeb Project, accessed June 17, 2016.  U.S. Census Bureau, ""1890 Census,"" accessed June 17, 2016, PDF.",TheDailyArgusNews1889,newspaper-article,,"""A Female Crusoe. A Woman Left Alone on an Uninhabited Island for Fifteen Years.""","7,",283,2,April,1889,1889-04-02,,"Crawfordsville, Indiana",
73,McKinney (TX) Daily Courier-Gazette,"The Daily Courier Gazette (1906-current) is a daily newspaper out of McKinney, Texas; it was founded by Tom W. Perkins and Walter B. Wilson, as a combination of the newspapers that they owned, the Courier and the Gazette, respectively. The partners ran the paper together until Wilson’s death in 1939. McKinney, a town north of Dallas (pop. 6,677 in 1920), was a regional business hub during the first part of the twentieth century.","""About McKinney courier-gazette. (McKinney, Tex.) 1965-1983,"" Chronicling America, accessed July 19, 2016. David Minor, ""McKinney, TX,"" Handbook of Texas Online, accessed July 19, 2016. ""A Guide to the Walter B. Wilson Collection, 1895-1939,"" Brisco Center for American History, accessed July 19, 2016. J. Lee Stambaugh and Lillian J. Stambaugh, A History of Collin County, Texas (Austin, TX: Texas State Historical Association, 1958), accessed July 19, 2016, eBook. U.S. Census Bureau, ""1920 Census,"" accessed July 19, 2016, PDF.",TheDailyCourierGazette1921,newspaper-article,,"""Alone For Eighteen Years. Indian Woman, Abandoned on Desert Island, FInally Found by Party of Otter Hunters.""",24th year,,4,July,1921,1921-07-04,,"McKinney, Texas",
74,Huntington (IN) Daily Democrat,"The Daily Democrat (1884, 1886, 1888-97) was a daily newspaper founded by Will R. Emery and Ben F. Biliter out of Huntington, Indiana. It was originally just a campaign paper, hence its periodic issuing, but after the 1888 elections, the proprietors decided to continue the paper, which was combined with the Daily News to become the Daily News-Democrat. Huntington was known for its limestone quarrying at this time, and had a population of 7,328 in 1890.","Biographical Memoirs of Huntington County, Ind. (Chicago: B. F. Bowen, 1901), accessed June 19, 2016, eBook. Indiana Historical Bureau, ""The ‘Lime City,’"" in.gov, accessed June 19, 2016, PDF. U.S. Census Bureau, ""1890 Census,"" accessed June 17, 2016, PDF.",TheDailyDemocrat1891_Feb7,newspaper-article,,"""A Female Crusoe. A Woman Left Alone on an Uninhabited Island for Fifteen Years.""","5,",262,7,February,1891,1891-02-07,,"Huntington, Indiana",
74,Huntington (IN) Daily Democrat,"The Daily Democrat (1884, 1886, 1888-97) was a daily newspaper founded by Will R. Emery and Ben F. Biliter out of Huntington, Indiana. It was originally just a campaign paper, hence its periodic issuing, but after the 1888 elections, the proprietors decided to continue the paper, which was combined with the Daily News to become the Daily News-Democrat. Huntington was known for its limestone quarrying at this time, and had a population of 7,328 in 1890.","Biographical Memoirs of Huntington County, Ind. (Chicago: B. F. Bowen, 1901), accessed June 19, 2016, eBook. Indiana Historical Bureau, ""The ‘Lime City,’"" in.gov, accessed June 19, 2016, PDF. U.S. Census Bureau, ""1890 Census,"" accessed June 17, 2016, PDF.",TheDailyDemocrat1891_Feb10,newspaper-article,,"""A Female Crusoe. A Woman Left Alone on an Uninhabited Island for Fifteen Years.""","5,",264,10,February,1891,1891-02-10,,"Huntington, Indiana",
75,Sacramento (CA) Daily Democratic State Journal,"The Daily Democratic State Journal (1853-1858) was a morning paper founded in Sacramento, California, by V.E. Geiger and Co. After a crippling fire in the printing office, the paper changed ownership and editorship no less than five times, until it was given up for good. Sacramento itself, newly incorporated as a city in 1850, was devastated throughout the decade by fires, floods, and cholera. Despite this, the population was quickly growing, reaching upwards of 10,000 in the early ’50s. The Daily Democratic State Journal was the only newspaper at the time to feature a foreign language (French) column for this expanding population.","""California History: Old Sacramento-Walking on History,"" Legends of America, accessed  February 28, 2016. ""City History,"" bycitylight.com, accessed February 28, 2016. William L. Willis, History of Sacramento County California (Los Angeles: Historic Record Company, 1913), accessed February 28, 2016, eBook.",DailyDemocraticStateJournal1853,newspaper-article,,"""The Wild Indian Woman.""","3,",201,13,October,1853,1853-10-13,V.E. Geiger & Co.,"Sacramento, California",
102,San Francisco Evening Bulletin,"The Daily Evening Bulletin (1855-95) was a daily newspaper founded by James King of William out of San Francisco. The newspaper’s unrelenting attacks on everyone and everything wrong with the city generated a circulation of 3,500, the largest in the city, within two months of being in print. The bold reporting ultimately led to the founder’s death, however, when King published an article about James Casey, an ex-convict turned city supervisor, and Casey fatally shot King in response. The paper continued to flourish long after King’s death, however, benefitting from San Francisco’s rapid growth during the gold rush. The city had a population of 56, 802 in 1860.","""About Daily evening bulletin. (San Francisco [Calif.]) 1855-1895,"" Chronicling America, accessed 10 March 2016. Charles F. Adams, Murder by the Bay (Sanger, California: Word Dancer Press, 2005), accessed 10 March 2016, eBook. Hank Chapot, ""Unfinished History,"" Shaping San Francisco Digital Archive @ Found, accessed 10 March 2016. ""Historical Census Populations of Counties and Incorporated Cities in California, 1850-2010,"" accessed 1 March 2016, Spreadsheet.",Russell1856_EB3(42),newspaper-article,,"""A California Crusoe.""","3,",42,25,November,1856,1856-11-25,C.O. Gerberding & Co.,"San Francisco, California",
102,San Francisco Evening Bulletin,"The Daily Evening Bulletin (1855-95) was a daily newspaper founded by James King of William out of San Francisco. The newspaper’s unrelenting attacks on everyone and everything wrong with the city generated a circulation of 3,500, the largest in the city, within two months of being in print. The bold reporting ultimately led to the founder’s death, however, when King published an article about James Casey, an ex-convict turned city supervisor, and Casey fatally shot King in response. The paper continued to flourish long after King’s death, however, benefitting from San Francisco’s rapid growth during the gold rush. The city had a population of 56, 802 in 1860.","""About Daily evening bulletin. (San Francisco [Calif.]) 1855-1895,"" Chronicling America, accessed 10 March 2016. Charles F. Adams, Murder by the Bay (Sanger, California: Word Dancer Press, 2005), accessed 10 March 2016, eBook. Hank Chapot, ""Unfinished History,"" Shaping San Francisco Digital Archive @ Found, accessed 10 March 2016. ""Historical Census Populations of Counties and Incorporated Cities in California, 1850-2010,"" accessed 1 March 2016, Spreadsheet.",Warner1856_EB,newspaper-article,"Warner, Juan José.","""Further Particulars of the California Crusoe.""","3,",69,27,December,1856,1856-12-27,C.O. Gerberding & Co.,"San Francisco, California",
76,Marysville (CA) Daily Evening Herald,"The Daily Evening Herald (1853-54) was started by Taylor, Massett and Company out of Marysville, Yuba County, California. R.H. Taylor started the original Herald as a triweekly paper in 1850. After its brief stint as an evening paper, the Herald switched the paper to a morning edition until its end in 1858. Marysville was a new mining city when the paper originated, and Yuba County as a whole had a population of 22,005 in 1852.","""About Daily Evening Herald. Volume (Marysville, Yuba County, Calif.) 1853-1854,"" Chronicling America, accessed February 28, 2016. Peter J. Delay, History of Yuba and Sutter Counties, California with Biographical Sketches (Los Angeles: Historic Record Company, 1924), accessed February 28, 2016, eBook.",DailyEveningHerald1853,newspaper-article,,"""The Wild Woman of California.""","4,",76,3,November,1853,1853-11-03,,"Marysville, California.",
78,Santa Barbara (CA) Daily Independent,"The Daily Independent (1883-1913) is a daily independent newspaper founded by George Parrish Tebbetts out of Santa Barbara, California. Mary Camilla Foster Woods was the editor; Brigadier-General Frank C. Prescott briefly joined her in this enterprise from 1883-85. Santa Barbara was becoming known as a tourist destination at this time.","""Brigadier-General Frank C. Prescott, N.G.C.,"" Prescotts, accessed April 17, 2016. ""California Q-Z,""  California Newspaper Project, accessed April 17, 2016. ""Daily Independent,"" Online Archive of California, accessed April 17, 2016. Historic Santa Barbara (San Antonio, Texas: Historical Publishing Network, 2010), accessed April 17, 2016, eBook. Patricia Okker, Our Sister Editors (Athens, GA: University of Georgia Press, 1995), accessed April 17, 2016, eBook. Yda Addis Storke, A Memorial and Biographical History of the Counties of Santa Barbara, San Luis Obispo and Ventura, California (Chicago: Lewis, 1891), accessed April 17, 2016, eBook.",Yates1892_29Feb,newspaper-article,"Yates, Lorenzo.","""The Lost Woman. A Grossly Erroneous Version of the Story. Joaquin Miller Writes History to Suit Himself--The Location of the Channel Islands--That 'Castle.'""","18,",98,29,February,1892,1892-02-29,,"Santa Barbara, California",
78,Santa Barbara (CA) Daily Independent,"The Daily Independent (1883-1913) is a daily independent newspaper founded by George Parrish Tebbetts out of Santa Barbara, California. Mary Camilla Foster Woods was the editor; Brigadier-General Frank C. Prescott briefly joined her in this enterprise from 1883-85. Santa Barbara was becoming known as a tourist destination at this time.","""Brigadier-General Frank C. Prescott, N.G.C.,"" Prescotts, accessed April 17, 2016. ""California Q-Z,""  California Newspaper Project, accessed April 17, 2016. ""Daily Independent,"" Online Archive of California, accessed April 17, 2016. Historic Santa Barbara (San Antonio, Texas: Historical Publishing Network, 2010), accessed April 17, 2016, eBook. Patricia Okker, Our Sister Editors (Athens, GA: University of Georgia Press, 1995), accessed April 17, 2016, eBook. Yda Addis Storke, A Memorial and Biographical History of the Counties of Santa Barbara, San Luis Obispo and Ventura, California (Chicago: Lewis, 1891), accessed April 17, 2016, eBook.",DailyIndependent1892,newspaper-article,N/A                                N/A,"""The Town in Brief.""","18,",107,11,March,1882,1892-03-11,,"Santa Barbara, California",
78,Santa Barbara (CA) Daily Independent,"The Daily Independent (1883-1913) is a daily independent newspaper founded by George Parrish Tebbetts out of Santa Barbara, California. Mary Camilla Foster Woods was the editor; Brigadier-General Frank C. Prescott briefly joined her in this enterprise from 1883-85. Santa Barbara was becoming known as a tourist destination at this time.","""Brigadier-General Frank C. Prescott, N.G.C.,"" Prescotts, accessed April 17, 2016. ""California Q-Z,""  California Newspaper Project, accessed April 17, 2016. ""Daily Independent,"" Online Archive of California, accessed April 17, 2016. Historic Santa Barbara (San Antonio, Texas: Historical Publishing Network, 2010), accessed April 17, 2016, eBook. Patricia Okker, Our Sister Editors (Athens, GA: University of Georgia Press, 1995), accessed April 17, 2016, eBook. Yda Addis Storke, A Memorial and Biographical History of the Counties of Santa Barbara, San Luis Obispo and Ventura, California (Chicago: Lewis, 1891), accessed April 17, 2016, eBook.",DailyIndependent1883,newspaper-article,N/A                                N/A,"""Otter Hunting. The War Upon the Furry Beauties of the Kelp. Five Hundred Dollar Skins and How They are Obtained--A Difficult but Profitable Industry.""","2,",8,8,November,1893,1883-11-08,,"Santa Barbara, California",
79,Savannah (GA) Daily Morning News,"The Daily Morning News (1850-64) was a newspaper founded by William Tappan Thompson out of Savannah, Georgia. Although the paper declared itself neutral in its political associations, Thompson was clearly pro-southern, so much so that he had to flee when Sherman’s army came through the area. The two cent Daily Morning News started by reporting local news but also increasingly covered state and national issues, too. When the paper started, Savannah had a population of 15,000. The 1850s were a time of expansion in the city, with the ports and railroads active with shipping and trading enterprises.","""About Daily morning news. (Savannah, Ga.) 1850-1864,"" Chronicling America, accessed February 9, 2016. Alan Sverdlik, ""Savannah Morning News,"" New Georgia Encyclopedia, last edited March 20, 2013, accessed February 9, 2016. ""From Slavery to Savannah,"" Georgia Historical Society, accessed February 9, 2016. Marcus Holland, ""Bringing the news to Savannah for 150 years,"" Savannah Morning News, last edited August 20, 2000, accessed February 9, 2016.",DailyNews1853,newspaper-article,,"""A Female Crusoe.""","4,",249,5,November,1853,1853-11-05,,"Savannah, Georgia",
82,Santa Barbara (CA) Daily News and Independent,"The Daily News and Independent (1913-32) was founded by the future Pulitzer Prize-winning journalist Thomas Storke out of Santa Barbara, California; it was the result of a merger between the Daily Independent (founded 1878) and the News (1894). Storke then merged the Daily News and Independent was merged with the Santa Barbara Morning Press (founded 1876) to form the Santa Barbara News-Press in 1932. During the 1910s, Santa Barbara (pop. 19,441 in 1920) was known for its production of silent movies.","John Reginald Southworth, Santa Barbara and Montecito: Past and Present (Santa Barbara, CA: Oreña Studios, 1920), accessed July 18, 2016. Lexi Pandell, ""The Legacy of Thomas M. Storke,"" Daily Nexus, July 31, 2011, accessed July 18, 2016. Neal Graffy, Historic Santa Barbara: An Illustrated History, (San Antonio, TX: Historical Publishing Network, 2010), accessed July 18, 2016, eBook. U.S. Census Bureau, ""1920 Census,"" accessed July 18, 2016, PDF.",DailyNewsAndIndependent1916,newspaper-article,,"""Lobsters Being Exterminated by Ravenous Fish. George Nidever Brings From Story From Islands of Havoc Wrought.""",The Daily News: 22,The Daily News: 121,29,February,1916,1916-02-29,,"Santa Barbara, California",
80,Batavia (NY) Daily News,"The Daily News (1878-current) is a daily newspaper founded by M.D. and S.P. Mix out of Batavia, New York. W. H. Brandish was the first editor of this originally Republican paper. The Daily News was then bought by the Griswold and McWain company, which was formed specifically to take over the paper. Griswold was the manager, and McWain was the editor. This company continued to run the paper through the 1940s. Batavia, located midway between Rochester and Buffalo, had a population of 11,613 in 1910.","""About The daily news. (Batavia, N.Y.) 1881-current,"" Chronicling America, accessed July 12, 2016. ""Batavia, N.Y., No. 511,"" The Typographical Journal 100 no.1 (1942): 48, accessed July 12, 2016, eBook. Frederick W. Beers, Gazetteer and Biographical Record of Genesee County, N.Y., 1788-1890 (Syracuse, NY: J. W. Vose, 1890), accessed July 12, 2016, eBook. History of the Genesee County (Western New York) (Chicago: S. J. Clarke, 1925), accessed July 12, 2016. U.S. Census Bureau, ""1910 Census,"" accessed July 12, 2016, PDF.",TheDailyNews1907,newspaper-article,,"""San Nicolas Island Held Indians Once. Now It is an Enigma of the Great Pacific. On This Barren, Wave Swept Sand Dune Are Mounds of Shells and Bones and Stone Implements, Monuments of Lost Race of Ancients.""","29,","8,869",27,April,1907,1907-04-27,,"Batavia, New York",
84,New York Daily People,"The Daily People (1900-14) was a daily newspaper founded by the Socialist Labor Party, and it was published in New York City. As the official organ of the Party, the paper promoting working class interests and denounced the Social Democratic Party, which had split off from the Socialist Labor Party in 1899. The paper continued publication after 1914, but no longer as a daily.","""About Daily People. (New York) 1900-1914,"" Chronicling America, accessed July 11, 2016. Karl Belin, ""Daniel De Leon and the Founding of American Socialism Part 1,"" In Defence of Marxism, June 4, 2010, accessed July 11, 2016. The Party People (New York: n.p., 1904), accessed July 11, 2016, eBook.",DailyPeople1906,newspaper-article,,"""A Woman Crusoe.""","6,",226,11,February,1906,1906-02-11,,"New York, New York",
85,New Orleans Daily Picayune,"The Daily Picayune (1837-1914) was a daily newspaper founded by Colonel Alva Morris Holbrook, George Wilkins Kendall, and Frances Asbury Lumsden out of New Orleans. When Holbrooke died in 1876, his wife, Eliza Jane, took over the failing paper and brought it to success. Soon after, she married George Nicholson, and they then ran the paper together. The Picayune covered a wide variety of topics, from sports to politics to society, but catered primarily to an upper class audience. The paper had a circulation of 10,000 in 1881, and the city had a growing population at this time, from 216,090 in 1880 to 242,039 in 1890. The paper was consolidated with the Times in 1914, and currently goes by the name Times-Picayune.","""1877: New Orleans is a newspaper town,"" Times Picayune, last updated September 11, 2011, accessed April 25, 2016. ""About The daily picayune. (New Orleans, La.) 1837-1914,"" Chronicling America, accessed April 25, 2016. ""The Daily Picayune,"" Media Nola, accessed April 25, 2016. Lamar W. Bridges, ""Eliza Jane Nicholson and the Daily Picayune, 1876-1896,"" Louisiana History 30.3 (1989): 263-78, accessed April 25, 2016. Thomas Ewing Dabney, One Hundrerd Great Years-The Story of the Times Picayune from its Founding to 1940 (n.p.: Read Books, 2013), accessed April 25, 2016, eBook.""",TheDailyPicayune1885,newspaper-article,,"""A Feminine Crusoe. Eighteen Years On A Desert Island--How She Lived And Dressed.""","49,",119,23,May,1885,1885-05-23,,"New Orleans, Louisiana",
86,San Francisco Daily Placer Times and Transcript,"The Daily Placer Times and Transcript (1853-54) was a Democratic newspaper founded by G. K. Fitch and L. Pickering, originally out of Sacramento, California, but soon after removed to San Francisco. The paper was formed after the merging of two rival Sacramento newspapers: Placer Times and Transcript. There is a discrepancy in the historical record as to why the paper switched cities. Some sources say that the consolidated paper moved after another rival, The State Journal, threatened their circulation, while others say that the paper was so successful from its merging that it moved to San Francisco to gain a wider readership. Newly incorporated as a city in 1850, San Francisco grew with the gold rush throughout the decade to reach a population of 56, 802 in 1860.","""About Daily placer times and transcript. (San Francisco, Calif.) 1853-1855,"" Chronicling America, accessed March 1, 2016. Emerson Daggett, Frontier Journalism in San Francisco (San Francisco: n.p., 1939), accessed March 1, 2016, eBook.  G. Walter Reed, History of Sacramento County, California (Los Angeles, Historic Record, 1923), accessed March 1, 2016, eBook. U.S. Census Bureau, ""Historical Census Populations of Counties and Incorporated Cities in California, 1850-2010,"" accessed March 1, 2016, Spreadsheet.",Goliah1853_DPT,newspaper-article,Goliah.,"""A Female Robinson Crusoe.""","5,","1,075",23,September,1853,1853-09-23,G. Kenyon Fitch,"San Francisco, California",
86,San Francisco Daily Placer Times and Transcript,"The Daily Placer Times and Transcript (1853-54) was a Democratic newspaper founded by G. K. Fitch and L. Pickering, originally out of Sacramento, California, but soon after removed to San Francisco. The paper was formed after the merging of two rival Sacramento newspapers: Placer Times and Transcript. There is a discrepancy in the historical record as to why the paper switched cities. Some sources say that the consolidated paper moved after another rival, The State Journal, threatened their circulation, while others say that the paper was so successful from its merging that it moved to San Francisco to gain a wider readership. Newly incorporated as a city in 1850, San Francisco grew with the gold rush throughout the decade to reach a population of 56, 802 in 1860.","""About Daily placer times and transcript. (San Francisco, Calif.) 1853-1855,"" Chronicling America, accessed March 1, 2016. Emerson Daggett, Frontier Journalism in San Francisco (San Francisco: n.p., 1939), accessed March 1, 2016, eBook.  G. Walter Reed, History of Sacramento County, California (Los Angeles, Historic Record, 1923), accessed March 1, 2016, eBook. U.S. Census Bureau, ""Historical Census Populations of Counties and Incorporated Cities in California, 1850-2010,"" accessed March 1, 2016, Spreadsheet.",DailyPlacerTimesAndTranscript1853,newspaper-article,,"""The Female Robinson Crusoe--Ladies'Fair.""","5,","1,119",'14,November,1853,1853-11-14,,"San Francisco, California",G. Kenyon Fitch
88,Queens (NY) Daily Star,"The Daily Star (1876-1968) was a daily newspaper founded by Thomas H. Todd out of Queens, New York. After struggling to break even, the paper finally became profitable in 1880. Queens grew siginificantly during the 1920s, from a population of 469,042 in 1920 to 1,079,129 in 1930.","""About Daily star. (Brooklyn [N.Y];) 189?-1933,"" Chronicling America, accessed July 26, 2016. Brooks of Sheffield, ""The Mysterious Case of Long Island Star Editor Thomas H. Todd,"" Lost City, January 28, 2008, accessed July 26, 2016. ""Maps and Notes 2012,"" Interborough New York, accessed July 26, 2016. U.S. Census Bureau, ""1920 Census,"" accessed July 26, 2016, PDF. U.S. Census Bureau, ""1930 Census,"" accessed July 26, 2016, PDF.",TheDailyStar1930,newspaper-article,,"""Woman 'Crusoe' Lived 20 Years on Island.""",54th year,,22,March,1930,1930-03-22,,"Queens, New York",
90,Davenport (IA) Morning Tribune,"The Davenport Morning Tribune (1887-92) was a daily newspaper founded by H. Sanders out of Davenport, Iowa. Davenport’s population was 26,872 in 1890, and lumber was the main industry.","""About Davenport morning tribune. (Davenport, Iowa) 1887-1892,"" Chronicling America, accessed June 19, 2016. ""History of Davenport,"" davenportiowa, accessed June 19, 2016. Ralph W. Cram, ""The Press,"" History of Davenport and Scott County (Chicago: S. J. Clarke, 1910), accessed June 19, 2016, eBook. U.S. Census Bureau, ""1890 Census,"" accessed June 19, 2016, PDF.",DavenportMorningTribune1889,newspaper-article,,"""A Female Crusoe. A Woman Left Alone on an Uninhabited Island for Fifteen Years.""",2nd year,,28,March,1889,1889-03-28,,"Davenport, Iowa",
92,Decatur (IL) Daily Review,"The Decatur Daily Review (1876-1881) was a daily newspaper founded by W.H. Bayne out of Decatur, Illinois. It was a spin off of the weekly Decatur Review, a Democratic paper founded by Rev. Alfred Wuensch in 1872. The Daily Review was not successful until S. S. Jack took over the paper in 1880 and nearly doubled the previous circulation. Decatur was an industrial town, with many factories and mills, with the county having a population of 30,407 in 1880.","""About Decatur daily review. (Decatur, Ill.) 18??-1881,"" Chronicling America, accessed 21 March 2016. History of Decatur, Illinois (Cleveland, Ohio: Wiggins & Co., 1871), accessed 21 History of Macon County, Illinois (Philadelphia: Brink, McDonough & Co., 1880), accessed 21 March 2016, eBook.",DecaturDailyReview1879,newspaper-article,,"""A Feminine Crusoe.""","6,",151,27,February,1879,1879-02-27,,"Decatur, Illinois",
94,Clyde (NY) Democratic Herald,"The Democratic Herald (1885-1950) was a weekly newspaper founded by W. E. Churchill out of Clyde, New York; it was originally called the Clyde Democrat. Albert C. Lux bought the paper in 1887 and renamed it the Democratic Herald. It was Democratic politically and had a circulation of 700 in 1902. Clyde had a population of 2,507 in 1900.","""About The Clyde Herald. (Clyde, N.Y.) 1911-1950,"" Chronicling America, accessed July 3, 2016. George Washington Cowles and Henry Perry Smith, eds., Landmarks of Wayne County, New York (Syracuse, NY: D. Mason, 1895), accessed July 3, 2016, eBook. i>N.W. Ayer & Son’s American Newspaper Annual (Philadelphia: N.W. Ayer & Son, 1902), accessed July 3, 2016, eBook. U.S. Census Bureau, ""1900 Census,"" accessed July 3, 2016, PDF.",DemocraticHerald1901,newspaper-article,,"""The Woman of San Nicolas Island. A Strange Story of the Pacific Coast.""","16,",35,23,October,1901,1901-10-23,,"Clyde, New York",
96,East-Hampton (NY) Star,"The East Hampton Star (1885-current) is a weekly newspaper founded by George Burling out of East Hampton, New York. In 1890, Burling sold the paper and all of his printing equipment to Edward S. Boughton for $100. The Boughton family ran the paper until 1935, when Bertha Boughton, the owner, sold it to the Rattray family, who continue to run the East Hampton Star today. During the Boughton era, East Hampton was changing from an agricultural community to a resort town; its population increased from 2,515 in 1890 to 6,569 in 1930.","Bob Hefner, ""The History of East Hampton,"" East Hampton Village accessed June 23, 2016. Helen S. Rattray, ""Connections: The Printer’s Devil,"" East Hampton Star, May 6, 2015, accessed June 23, 2016. Jim Rutenburg, ""In the Hamptons, a Small-Town Paper is a Beacon in the Mayhem, New York Times, May 29, 2016, accessed June 23, 2016. Susan Rosenbaum, ""Village Board: Will Purchase Two Lots,"" East Hampton Star, July 30, 1998, accessed June 23, 2016. U.S. Census Bureau, ""1890 Census,"" accessed June 23, 2016, PDF. U.S. Census Bureau, ""1930 Census,"" accessed June 23, 2016, PDF.",TheEastHamptonStar1893,newspaper-article,,"""A Female Crusoe.""","8,",37,25,August,1893,1893-08-25,,"East Hampton, New York",
96,East-Hampton (NY) Star,"The East Hampton Star (1885-current) is a weekly newspaper founded by George Burling out of East Hampton, New York. In 1890, Burling sold the paper and all of his printing equipment to Edward S. Boughton for $100. The Boughton family ran the paper until 1935, when Bertha Boughton, the owner, sold it to the Rattray family, who continue to run the East Hampton Star today. During the Boughton era, East Hampton was changing from an agricultural community to a resort town; its population increased from 2,515 in 1890 to 6,569 in 1930.","Bob Hefner, ""The History of East Hampton,"" East Hampton Village accessed June 23, 2016. Helen S. Rattray, ""Connections: The Printer’s Devil,"" East Hampton Star, May 6, 2015, accessed June 23, 2016. Jim Rutenburg, ""In the Hamptons, a Small-Town Paper is a Beacon in the Mayhem, New York Times, May 29, 2016, accessed June 23, 2016. Susan Rosenbaum, ""Village Board: Will Purchase Two Lots,"" East Hampton Star, July 30, 1998, accessed June 23, 2016. U.S. Census Bureau, ""1890 Census,"" accessed June 23, 2016, PDF. U.S. Census Bureau, ""1930 Census,"" accessed June 23, 2016, PDF.",TheEastHamptonStar1921,newspaper-article,,"""Alone for Eighteen Years. Indian Woman, Abandoned on Desert Island, Finally Found by Party of Otter Hunters.""","36,",41,25,August,1921,1921-08-25,,"East Hampton, New York",
98,El Cajon (CA) Valley News,"The El Cajon Valley News (1892-1999) was a weekly newspaper founded by W. H. Somers out of El Cajon, California. Simon Casady was the publisher in the early 1960s, when the paper had a circulation of around 12,000. The paper went by the name the Californian in its latter years. The current East County Californian is a descendent of this paper. El Cajon (pop. 37,618 in 1960) was growing during the 1960s.","""Centennial Moment: 1957 Police Chief Ed Cartwright,"" East County Gazette 15 no 18 (2013): 5, PDF. Dave Schawb, ""History of East County Newspapers Discussed by Former Executive Editor,"" Californian, January 24, 2013, accessed August 17, 2016. Editor and Publisher 94 (1961): 64, eBook. ""History of The East County Californian,"" Californian, accessed August 17, 2016. ""History,"" El Cajon, accessed August 6, 2016. ""Tuesday, February 23, 2010,"" El Cajon Valley News, February 23, 2010, accessed August 17, 2016. U.S. Census Bureau, ""1960 Census,"" accessed August 5, 2016, PDF.",Hedger1961,newspaper-article,"Hedger, Jean.","""O’Dell’s Early Life Aids ‘Dolphin’ Story.""",68,28,6,April,1961,1961-04-06,,"El Cajon, California",
100,Englewood (IL) Times,"The Englewood Times (1888-19??) was a weekly paper founded by G. E. Sullivan out of Chicago, Illinois. In 1922, the paper expanded its name to include its founder: Sullivan’s Englewood Times. Chicago had a population of 1,698,575 in 1900.","""About Sullivan’s Englewood times. (Chicago, Ill.) 1922-1925,"" Chronicling America, accessed July 10, 2016. Gerald E. Sullivan, ed., Story of Englewood (Chicago: Foster & McDonnell, 1924), accessed July 10, 2016, eBook. Story of Chicago in Connection with the Printing Business (Chicago: Regan, 1912), accessed July 10, 2016, eBook. U.S. Census Bureau, ""1900 Census,"" accessed July 10, 2016, PDF.",EnglewoodTimes1905,newspaper-article,,"""Story of a Woman Crusoe.""","17,",39,14,July,1905,1905-07-14,,"Chicago, Illinois",
101,Erie County (NY) Independent,"The Erie County Independent (1875-1948) was a weekly newspaper founded by Alex C. Stolting out of Hamburg, New York. The Independentcombined with the Sun in 1948. Hamburg, south of Buffalo, had a population of 8,656 in 1920. This area of New York was known for its steel industry.","""About Hamburug sun and the Erie County independent. (Hamburg, N.Y.) 1948-1963,"" Chronicling America, July 19, 2016. ""History of the Department,"" Hamburg Vol. Fire Department, accessed July 19, 2016. ""History,"" Town of Hamburg, accessed July 19, 2016. John R. Edson, Images of America: Hamburg Revisited, (Charleston, SC: Arcadia, 2010), accessed July 19, 2016, eBook. Susan Milligan, ""An Urban Revival in the Rust Belt,"" U.S. News, September 2, 2014, accessed September 11, 2016. U.S. Census Bureau, ""1920 Census,"" accessed July 18, 2016, PDF.",ErieCountyIndependent1921,newspaper-article,,"""Alone For Eighteen Years. Indian Woman, Abandoned on Desert Island, Finally Found by Party of Otter Hunters.""","46,",36,7,July,1921,1921-07-07,,"Hamburg, New York",
103,Port Jervis (NY) Evening Gazette,"The Evening Gazette (1869-1924) was a newspaper founded by James H. Norton and Will H. Nearpass out of Port Jervis, New York; it was originally a tri-weekly, but switched to a daily in 1881. Nearpass remained in charge of the paper until at least 1911. Located at the juncture of New York, New Jersey, and Pennsylvania, Port Jervis (pop. 10,171 in 1920) was a transportation hub, first with the Delaware and Hudson Canal and then with the railroads.","""About The evening gazette,"" NYS Historic Newspapers, accessed July 19, 2016. N.W. Ayer & Son’s American Newspaper Annual (Philadelphia: N.W. Ayer & Son, 1908), accessed July 19, 2016, eBook. Peter Osbourne, ""Port Jervis and the Gilded Age,"" Minisink Valley Historical Society July 1991, accessed July 19, 2016. Russell Headley, ed., History of Orange County, New York (Middletown, NY: Van Deusen and Elms, 1908), accessed July 19, 2016, eBook. U.S. Census Bureau, ""1920 Census,"" accessed July 18, 2016, PDF.",TheEveningGazette1921,newspaper-article,,"""Alone for Eighteen Years. Indian Woman, Abandoned on Desert Island, Finally Found by Party of Otter Hunters.""","53,",64,6,July,1921,1921-07-06,,"Port Jervis, New York",
104,Ottawa (CAN) Evening Journal,"The Evening Journal (1885-1980) was a daily newspaper founded by Alexander S. Woodburn out of Ottawa, Canada. In 1886, P.D. Ross bought the paper and continued in that enterprise through the 1940s. Ross is an important figure in hockey history as he is credited with convincing Lord Stanley to donate the famous Stanley Cup to the National Hockey League. The conservative Evening Journal had a circulation of 10,000 in 1909; the capital city’s population was about 87,000 in 1911. Ottawa was known for its paper industry.","""Continue British Conservatism with American Enterprise,"" Editor and Publilsher (Irvine, CA: Editor and Publisher, 1909), accessed July 3, 2016, eBook. Laurel Zeisler, Historical Dictionary of Ice Hockey (Lanham, MD: Scarecrow, 2013), accessed July 3, 2016, eBook. ""Ottawa Journal,"" Historica Canada, accessed July 3, 2016.",MEDudley1901_TEJ,newspaper-article,"Dudley, M. E.","""Was A Hermit Twenty Years. Alone On San Nicolas Island. The Woman When Discovered had Formulated a Strange but Fluent Language.""","6,",53,21,September,1901,1901-09-21,,"Ottaway, Canada",
308,Sydney (AUS) Evening News,"The Evening News (1867-1931) was a daily evening newspaper founded by Samuel Bennett out of Sydney, Australia; it was the first evening paper in the city. After Bennett’s death in 1878, his sons took over management of the paper until 1817 when the News went public. The paper folded due to the Great Depression. Sydney had a population of 481,000 in 1900.","""The Evening News (Sydney), The Arthur Conan Doyle Encyclopedia, last updated September 9, 2016, accessed October 23, 2016, https://www.arthur-conan-doyle.com/index.php?title=The_Evening_News_(Sydney). Merilyn J. Bryce, ""Bennett, Samuel (1815-1878),"" Australian Dictionary of Biography, National Centre of Biography, Australian National University, 1969, accessed October 23, 2016, http://adb.anu.edu.au/biography/bennett-samuel-2975. Ross Williams, ""Bennett Family Story,"" Newtown Project, City of Sydney, accessed October 23, 2016, http://www.newtownproject.com.au/portfolio-items/bennett-family-story/. Tim Lambert, ""A Brief History of Sydney, Australia,"" A World History Encyclopedia, accessed October 23, 2016, http://www.localhistories.org/sydney.html.",EveningNews1892,newspaper-article,--,"""The Isle of Skulls,""",,no. 7824,29,June,1892,1892-06-29,,"Sydney, New South Wales, Australia",
308,Sydney (AUS) Evening News,"The Evening News (1867-1931) was a daily evening newspaper founded by Samuel Bennett out of Sydney, Australia; it was the first evening paper in the city. After Bennett’s death in 1878, his sons took over management of the paper until 1817 when the News went public. The paper folded due to the Great Depression. Sydney had a population of 481,000 in 1900.","""The Evening News (Sydney), The Arthur Conan Doyle Encyclopedia, last updated September 9, 2016, accessed October 23, 2016, https://www.arthur-conan-doyle.com/index.php?title=The_Evening_News_(Sydney). Merilyn J. Bryce, ""Bennett, Samuel (1815-1878),"" Australian Dictionary of Biography, National Centre of Biography, Australian National University, 1969, accessed October 23, 2016, http://adb.anu.edu.au/biography/bennett-samuel-2975. Ross Williams, ""Bennett Family Story,"" Newtown Project, City of Sydney, accessed October 23, 2016, http://www.newtownproject.com.au/portfolio-items/bennett-family-story/. Tim Lambert, ""A Brief History of Sydney, Australia,"" A World History Encyclopedia, accessed October 23, 2016, http://www.localhistories.org/sydney.html.",TheEveningNews1899,newspaper-supplement-article,"[Charles Frederick Holder],","""San Nicolas,""",,no. 10137,2,December,1899,1899-12-02,,"Sydney, New South Wales, Australia",
105,North Tonawanda (NY) Evening News,"The Evening News (1893-2014) was a daily newspaper founded by George S. Hobbie out of North Tonawanda, New York, on the Erie Canal. The paper was originally called the Daily News, then the Evening News, and finally the Towanda News. Towanda, north of Buffalo (pop. 15,482 in 1920), was a prominent lumber center around the turn of the twentieth century.","Dr. George S. Hobbie,"" Memories frm founder of Tonawanda News,"" Remebering Yesteryear, February 21, 2005, accessed July 19, 2016. Mike Hudson, ""Say Goodnight to the Tonawana News; Local Institution Gives Up the Ghost,"" Niagara Falls Reporter, November 4, 2014, accessed July 19, 2016. Niagara County (NY) newspaperson microfilm at NYSL,"" New York State Library, accessed July 19, 2016. ""The Tonawanda News,"" North Tonawana History Museum, accessed July 19, 2016. Truman C. White, History of Tonawanda, NY (Boston: Boston History, 1898), accessed July 19, 2016, eBook. U.S. Census Bureau, ""1920 Census,"" accessed July 18, 2016, PDF.",TheEveningNews1921,newspaper-article,,"""Alone for Eighteen Years. Indian Woman, Abandoned on Desert Island, Finally Found by Party of Otter Hunters.""",,,15,July,1921,1921-07-15,,"North Tonawanda, New York",
106,San Francisco Evening Post,"The Evening Post (1871-1909) was a newspaper founded by Henry George, Daniel O’Connell, William M. Hinton, and A. H. Rapp out of San Francisco, California. It was the first penny paper in San Francisco. In fact, the publishers imported $1,000 worth of pennies so that delivery boys could make change. John P. Jones bought the paper in 1875, and Patrick Calhoun was the editor in the early 1900s. In 1909, the paper merged with the San Francisco Globe. The Hearst Corporation bought the Evening Post in the 1913 and combined it with the San Francisco Call. San Francisco had a population of 342,782 in 1900.","""About The evening post. (San Francisco [Calif.]) 1885-1909,"" Chronicling America, accessed June 28, 2016. Dick Meister, ""Hearts: Six Down, One to Go,"" Labor–And a Whole Lot More, accessed June 28, 2016. Henry George, Jr., The Life of Henry George, (New York: Doubleday and McClure, 1904) accessed June 28, 2016, eBook. James David Hart, A Companion to California (Berkeley: University of California Press, 1987), accessed June 28, 2016, eBook. Leta E. Miller, Music and Politics in San Francisco (Berkeley: University of California Press, 2012), accessed June 28, 2016, eBook. U.S. Census Bureau, ""1900 Census,"" accessed June 28, 2016, PDF.",TheEveningPost1896,newspaper-article,,"""The Lost Woman of San Nicolas Island. A Romance of California Pioneer Days.""","50,",21,25,July,1896,1896-07-25,,"San Francisco, California",
107,Washington (DC) Evening Star,"The Evening Star (1852-1972) was a daily newspaper founded in Washington, DC, by Captain Joseph Borrows Tate. The third paper in the city (pop. 40,339) with Star in its title, but set apart because of its initial neutrality, the paper was sold soon after its founding to William Wallach in 1853. As the Civil War approached, the paper started to lean against slavery, leaving its impartiality behind, but improving its circulation.","""The Evening Star Building, Home to a Great Afternoon Newspaper,"" Streets of Washington, last updated November 8, 2011, accessed March 6, 2016. ""Fiftieth Anniversary Supplement,"" Evening Star (Washington, DC), December 16, 1902, accessed March 6, 2016, eBook.",EveningStar1853,newspaper-article,C.,"""A Female Crusoe.""","2,",262,28,October,1853,1853-10-28,,"Washington, DC",
107,Washington (DC) Evening Star,"The Evening Star (1852-1972) was a daily newspaper founded in Washington, DC, by Captain Joseph Borrows Tate. The third paper in the city (pop. 40,339) with Star in its title, but set apart because of its initial neutrality, the paper was sold soon after its founding to William Wallach in 1853. As the Civil War approached, the paper started to lean against slavery, leaving its impartiality behind, but improving its circulation.","""The Evening Star Building, Home to a Great Afternoon Newspaper,"" Streets of Washington, last updated November 8, 2011, accessed March 6, 2016. ""Fiftieth Anniversary Supplement,"" Evening Star (Washington, DC), December 16, 1902, accessed March 6, 2016, eBook.",TheEveningStar1885,newspaper-article,,"""A Feminine Crusoe. Eighteen Years on a Desert Island--How She Lived and Dressed.""","66,","100,003",20,May,1885,1885-05-20,Evening Star Newspaper Co.,"Washington, DC",Crosby S. Noyes
107,Washington (DC) Evening Star,"The Evening Star (1852-1972) was a daily newspaper founded in Washington, DC, by Captain Joseph Borrows Tate. The third paper in the city (pop. 40,339) with Star in its title, but set apart because of its initial neutrality, the paper was sold soon after its founding to William Wallach in 1853. As the Civil War approached, the paper started to lean against slavery, leaving its impartiality behind, but improving its circulation.","""The Evening Star Building, Home to a Great Afternoon Newspaper,"" Streets of Washington, last updated November 8, 2011, accessed March 6, 2016. ""Fiftieth Anniversary Supplement,"" Evening Star (Washington, DC), December 16, 1902, accessed March 6, 2016, eBook.",TheEveningStar1892,newspaper-article,,"""A Feminine Crusoe. Eighteen Years on a Desert Island--How She Lived and Dressed.""","66,","100,003",20,May,1885,1885-05-20,Evening Star Newspaper Co.,"Washington, DC",Crosby S. Noyes
108,New York Evening Telegram,"The Evening Telegram (1867-1924) is a daily afternoon newspaper founded by James Gordon Levitt out of New York. It was an edition of the New York Herald that focused on scandal and criminals. The circulation in 1877 was 45,791. The paper was merged with the Evening Mail in 1924.","John Ferris, The Winds of Barclay Street (Bloomington, IN: AuthorHouse, 2013), accessed April 25, 2016, eBook. Pettengill’s Newspaper Directory and Advertiser’s Hand-book for 1878 (New York: S.M. Pettengill, 1878), accessed April 25, 2016, eBook. Robert C. Kennedy, ""Who Ought to Have the Cardinal’s Hat in America?"" On This Day, accessed April 25, 2016.",TheEveningTelegram1885,newspaper-article,,"""A Female Robinson Crusoe. Eighteen Years on a Desert Island--How She Lived and Dressed.""","15,","6,128",20,May,1885,1885-05-20,,"New York, New York",
110,Fayetteville (NY) Bulletin,"The Fayetteville Bulletin (1895-1933) was a weekly newspaper out of Fayetteville, New York, a village that first boomed after contruction of the Erie Canal. At the end of the nineteenth century, Fayetteville, which is located just west of Syracuse, was connected to the city by streetcars. It had a population of 1,584 in 1920. The Bulletin, which was published by the Manlius Publishing Company beginning in 1904, was combined with the Manlius Eagle in 1933.","""About Fayetteville bulletin. (Fayetteville, N.Y.) 1895-1933,"" Chronicling America, accessed July 19, 2016. Barbara S. Rivette, ""Village of Fayetteville,"" Village of Fayetteville, February 14, 2005, accessed September 11, 2016. Rev. William M. Beauchamp, Past and Present of Syracuse and Onondaga County (New York: S. J. Clarke, 1908), accessed July 19, 2016, eBook. U.S. Census Bureau, ""1920 Census,"" accessed July 18, 2016, PDF. Walden’s Stationer and Printer 21-22 (1904): 14, accessed July 19, 2016, eBook.",TheFayettevilleBulletin1921,newspaper-article,,"""Alone for Eighteen Years. Indian Woman, Abandoned on Desert Island, Finally Found by Party of Otter Hunters.""","26,",30,29,July,1921,1921-07-29,,"Fayetteville, New York",
111,Fayetteville (NC) Observer,"The Fayetteville Observer (1833-65, 1883-present) is a weekly paper originally founded as the Carolina Observer by Francis Waldo in Fayetteville, North Carolina. In 1824, Waldo sold it to E. J. Hale, who would run the paper for the next forty years. He changed the name to its current one in 1833. Though Fayetteville had a population of only 4,646 in 1850, Hale circulated the paper throughout the state. Fayetteville was home to a number of merchants but was predominantly agricultural at this time. The newspaper’s offices were burned by Sherman’s army in 1865, but the paper was revived by Hale’s sons in 1883.","Emily Farrington Smith, Fayetteville, North Carolina (Charleston: The History Press, 2011), accessed March 6, 2016, eBook. ""Fayetteville Observer,"" North Carolina History Project, accessed March 6, 2016.  ""North Carolina Cities Population Changes in the 1800s,"" North Carolina Business History, updated 2006, accessed March 6, 2016.",FayettevilleObserver1853,newspaper-article,,"""A Female Crusoe.""","3,",243,10,November,1853,1853-11-10,,"Fayetteville, North Carolina",
112,Fedco Reporter,"The Fedco Reporter (?-1999) was the monthly magazine of the Federal Distribution Company out of Southern California. Fedco was a members-only wholesale store originally established by 800 post office workers who wanted a means to obtain necessities at a lower cost. John Bregoli was the editor of the Fedco Reporter in 1996, and most articles were written by freelancers. The Fedco Reporter had a circulation of 2 million during the mid 1990s. The store, and therefore the magazine, went out of business in 1999, when Fedco, which only operated in Southern California, was no longer able to compete with national grocery and wholesale chains.","""Fedco Reporter,"" 1996 Writer’s Market (Cincinnati, OH: Writer’s Digest, 1995), accessed September 11, 2016, eBook. Jesus Sanchez and Abigal Sanchez, ""Fedco to Seek Chapter 11 Protection, Close Doors,"" Los Angeles Times, July 10, 1999, accessed September 11, 2016.",McBride1992,magazine-article,"McBride, Woody.","""The Lone Woman of San Nicolas Island.""",,,,October,1992,1992-10-01,,"Los Angeles, California",
114,Fort Wayne (IN) Sentinel,"The Fort Wayne Sentinel (1833-1918) was a daily newspaper founded by S. V. B. Noel and Thomas Tigar out of Fort Wayne, Indiana. A. K. Hackett owned the newspaper from 1880 until his death in 1916. In 1918, the Fort Wayne Sentinel was combined with the Fort Wayne News to form the News and Sentinel, which is still in print today. Fort Wayne (pop. 45,115 in 1900), in northeast Indiana, was known for manufacturing.","""About The Fort Wayne sentinel. (Fort Wayne, Ind.) 1884-1917,"" Chronicling America, accessed July 10, 2016. ""Fort Wayne: History,"" CityData.com, accessed July 10, 2016. ""Fort Wayne News-Sentinel,"" Indiana Historical Society, accessed July 10, 2016, PDF. U.S. Census Bureau, ""1900 Census,"" accessed July 10, 2016, PDF.",Gassaway1905_TFWS,newspaper-article,"Gassaway, Frank.","""Story of a Woman Crusoe.""",,,24,June,1905,1905-06-24,,"Fort Wayne, Indiana",
116,Fresno (CA) Republican,"The Fresno Republican (1877-1932) was a weekly newspaper founded by Dr. Chester A. Rowell, out of Fresno, California. Modeled after the Springfield Republican in Massachusetts, it sought to generate Republican Party loyalty in California and also to help enforce law and instill peace. Rowell was appalled at the state of lawlessness he encountered  when he first arrived in Fresno from Massachusetts. Rowell’s Republican didn’t do well, however, and he sold the failing paper to S. Adison Miller in 1879. Miller turned the paper around and by 1885, it had reached a circulation of 1,128 in 1885. Later, Rowell’s nephew Chester H. became the editor of the Fresno Republican and he took up his uncle’s crusade against the lawlessness, specifically targeting alcohol, sex, and gambling industries, especially in Chinatown. Fresno flourished thanks to the railroad and became a center of agriculture, especially grapes. In 1876, it had a population of over 3,000.","""About The Fresno morning Republican. (Fresno, Cal.) 18??-1932,"" Chronicling American, accessed April 10, 2016. ""Dr Chester A. Rowell,"" Find A Grave, accessed April 10, 2016. ""Fresno: History,"" City-Data.com, accessed April 10, 2016. Geo. P. Rowell’s American Newspaper Directory (New York: Geo. P. Rowell, 1885), accessed April 10, 2016, eBook. Staff Archivists, ""Selected History of the Fresno Republican Newspaper,"" The Fresno Republican, accessed April 10, 2016. William Deverell and Davied Igler, eds., A Companion to California History (Chichester, West Sussex: Wiley Blackwell, 2014), accessed April 10, 2016, eBook.",TheFresnoRepublican1880,newspaper-article,,"""A Female Robinson Crusoe.""","5,",2,25,September,1880,1880-09-25,,"Fresno, California",
117,Friend,"The Friend (1827-1955) was a magazine that was founded by the Elias Hicks faction of the Society of Friends, under the editorship of Robert Smith. It was read in the west in addition to the Quaker stronghold of Philadelphia and its surrounding areas. While the goal was to foster Quaker faith, The Friend published a wide variety of content including science and travel articles, poetry, current news, and anti-war and pro-temperance articles. It was joined with the Friends Intelligencer in 1955 to form the Friends Journal, symbolizing the reunification of the two different Quaker factions who split because of differences in religious practice, among other concerns.","Frank Luther Mott, A History of American Magazines 1741-1850 (Cambridge: Harvard University Press, 1958), accessed February 28, 2016, eBook. ""Mission and History,"" Friends Journal, accessed February 28, 2016. ""Schism and Reform (1800-1900),"" Yardley Friends Meeting, accessed March 17 2016.",TheFriend1847,journal-article,,"""A Female Crusoe.""","20,",33,7,May,1847,1847-01-01,,"Philadelphia, Pennsylvania",
118,Galena (KS) Weekly Republican,"The Galena Weekly Republican (1893-1937) was a weekly newspaper out of Galena, Kansas. A. S. McNay was the editor through the 1910s into the early 1920s. The Republican was merged with the Galena Times (founded in 1896) to form the Galena Times-Republican in 1937. The southeastern Kansas town of Galena (pop. 4,712 in 1920) was known as a lead mining town. Route 66, the historic highway built between Chicago and Los Angeles in the 1920s, runs through Galena.","""About The Galena daily times. (Galena, Kan.) 1896-1896,"" Chronicling America, accessed July 19, 2016. ""About The Galena republican. (Galena, Kan.) 1925-1937,"" Chronicling America, accessed July 19, 2016. ""About The Galena republican. (Galena, Kan.) 1893-1906,"" Chronicling America, accessed July 19, 2016. ""Historic Route 66,"" Kansas Travel, accessed September 11, 2016, PDF. ""Kansas,"" American Printer and Lithographer 74 (1922): 63, accessed July 19, 2016, eBook. Kathy Weiser, ""Kansas Legends: Galena – A Lead Mining Maven,"" Legends of America, accessed July 19, 2016. U.S. Census Bureau, ""1920 Census,"" accessed July 18, 2016, PDF.",GalenaWeeklyRepublican1921,newspaper-article,,"""Alone For Eighteen Years. Indian Woman, Abandoned on Desert Island, Finally Found by Party of Otter Hunters.""","45,",38,1,July,1921,1921-07-01,,"Galena, Kansas",
119,Galveston (TX) Daily News,"The Galveston Daily News (1842-current) is a daily newspaper founded by George H. French, out of Galveston, Texas. William Lewis Moody, Jr. bought the paper in 1923, and he ran the News until 1963, when it was sold to William P. Hobby. Galveston (pop. 52, 938 in 1930) was notorius for its alcohol, gambling, and prostitution in the 1930s.","David G. Comb, ""Galveston, TX,"" TSHA, accessed July 26, 2016. ""History and Heritage,"" Galveston.com, accessed July 26, 2016. Maury Darst, ""Galveston News,"" TSHA, accessed July 26, 2016. U.S. Census Bureau, ""1930 Census,"" accessed July 26, 2016, PDF.",GalvestonDailyNews1885,newspaper-article,"[Fred Spalding Witter],","""A Feminine Crusoe. The Story of 'The Lost Woman of San Nicolas'--Eighteen Years on a Dessert Island--How She Lived and Dressed,""","44,",no. 44,7,June,1885,1885-06-07,,"Galveston, Texas",
119,Galveston (TX) Daily News,"The Galveston Daily News (1842-current) is a daily newspaper founded by George H. French, out of Galveston, Texas. William Lewis Moody, Jr. bought the paper in 1923, and he ran the News until 1963, when it was sold to William P. Hobby. Galveston (pop. 52, 938 in 1930) was notorius for its alcohol, gambling, and prostitution in the 1930s.","David G. Comb, ""Galveston, TX,"" TSHA, accessed July 26, 2016. ""History and Heritage,"" Galveston.com, accessed July 26, 2016. Maury Darst, ""Galveston News,"" TSHA, accessed July 26, 2016. U.S. Census Bureau, ""1930 Census,"" accessed July 26, 2016, PDF.",GalvestonDailyNews1887,newspaper-article,"N/A,","""An Indian Ghost,""","45,",no. 307,27,February,1887,1887-02-27,,"Galveston, Texas",
119,Galveston (TX) Daily News,"The Galveston Daily News (1842-current) is a daily newspaper founded by George H. French, out of Galveston, Texas. William Lewis Moody, Jr. bought the paper in 1923, and he ran the News until 1963, when it was sold to William P. Hobby. Galveston (pop. 52, 938 in 1930) was notorius for its alcohol, gambling, and prostitution in the 1930s.","David G. Comb, ""Galveston, TX,"" TSHA, accessed July 26, 2016. ""History and Heritage,"" Galveston.com, accessed July 26, 2016. Maury Darst, ""Galveston News,"" TSHA, accessed July 26, 2016. U.S. Census Bureau, ""1930 Census,"" accessed July 26, 2016, PDF.",TheGalvestonDailyNews1933,newspaper-article,"N/A,","""Charming Visitor To Be Honored This Afternoon.""",,,13,December,1933,1933-12-13,,"Galveston, Texas",
119,Galveston (TX) Daily News,"The Galveston Daily News (1842-current) is a daily newspaper founded by George H. French, out of Galveston, Texas. William Lewis Moody, Jr. bought the paper in 1923, and he ran the News until 1963, when it was sold to William P. Hobby. Galveston (pop. 52, 938 in 1930) was notorius for its alcohol, gambling, and prostitution in the 1930s.","David G. Comb, ""Galveston, TX,"" TSHA, accessed July 26, 2016. ""History and Heritage,"" Galveston.com, accessed July 26, 2016. Maury Darst, ""Galveston News,"" TSHA, accessed July 26, 2016. U.S. Census Bureau, ""1930 Census,"" accessed July 26, 2016, PDF.",Davidson1943_TGDN,newspaper-article,"Davidson, Garber.","""Ghost of California Island Is Discovered To Be Indian.""",Galveston Daily News,100,19,July,1943,1943-07-19,,"Galveston, Texas",
121,Pittsburgh Gazette Times,"The Gazette Times (1906-27) was a daily newspaper founded by George T. Oliver out of Pittsburgh, Pennsylvania; it resulted from the merger of the Gazette and the Pittsburgh Times. Morgan E. Gable was the head editorial editor in 1906 when the paper peaked at a circulation of 140,000. Pittsburgh (pop. 533,905 in 1910) was known for its coal and steel production. In 1927, the Gazette Times was combined with the Post to form the Pittsburgh Post-Gazette.","""History,"" Pittsburgh Post-Gazette, accessed July 11, 2016. The Index 14, no.1(1906): 6, accessed July 11, 2016, eBook. ""Pittsburgh History,"" Pittsburgh, accessed July 11, 2016. U.S. Census Bureau, ""1910 Census,"" accessed July 11, 2016, PDF.",TheGazetteTimes1906,newspaper-article,,"""The Lost Race of San Nicolas.""","121,",15,12,August,1906,1906-08-12,,"Pittsburgh, Pennsyvania",
120,Montreal (CAN) Gazette,"The Gazette (1778-current) is a daily newspaper founded by Fleury Mesplet out of Montreal, Quebec. The paper was Benjamin Franklin’s idea, designed incite the city to join the colonies in fighting for independence from Britain. Because Mesplet was delayed by travel and incarceration, however, the Gazette’s message was late, and the paper was not launched until 1778. The Gazette was originally printed entirely in French, but soon added English. In 1822, the paper switched to English only. In 1870, Thomas and Richard White became both the editors and owners. Montreal, the busiest port in Canada in the 1800s, experienced a population boom at the beginning of the 1880s. Major industries included textiles and shoe making.","The Gazette (n.p.:n.p., n.d.), accessed 22 March 2016, eBook. ""Montreal Gazzette Tries to Attract French Reders,"" Historica Canada, last updated 5 February 2014, accessed 22 March 2016. ""Montreal Gazette,"" Historica Canada, last updated 17 October 2014, accessed 22 March 2016.Paul-André Linteau, ""Montreal 1850-1896: The Industrial City,"" Musée McCord Museum, accessed 22 March 2016.",TheGazette1879,newspaper-article,,"""A Female Robinson Crusoe.""","108,",105,3,May,1879,1879-05-03,,"Montreal, Canada",
122,Geneva (NY) Daily Times,"The Geneva Daily Times (1895-1977) was a daily newspaper founded by Jeremiah Dillion out of Geneva, New York. George B. Williams and W. A. Gracey ran the Times from 1907 to 1944. Geneva, near the Finger Lakes region of New York, had a population of 14,846 in 1920. The  Geneva Daily Times title was changed to the Finger Lake Times in 1977.","""History of the Press in Geneva,"" Geneva Historical Society, accessed July 24, 2016. Jim Miller, ""Geneva Chamber Names Times as Business of the Year,"" Finger Lakes Times, accessed July 24, 2016. U.S. Census Bureau, ""1920 Census,"" accessed July 24, 2016, PDF.",GenevaDailyTimes1921,newspaper-article,,"""Alone for Eighteen Years. Indian Woman, Abandoned on Desert Island, Finally Found by Party of Otter Hunters.""","27,",49,26,July,1921,1921-07-26,,"Geneva, New York",
315,Goulburn (AUS) Herald and County of Argyle Advertiser,"The Goulburn Herald (1848-1927) was a tri-weekly newspaper founded by a Mr. Brent out of Goulburn, New South Wales, Australia; the paper went through many different name variations throughout its lifespan. Before the railroad reached Goulburn, an inland city, in 1869, it was already a popular stopping point for travelers along the Great South Road. After the railway’s arrival, many different industries sprouted up in the largely agricultural area.","David Cole, ""Goulburn Post: 140 Years of Great Stories,"" Goulburn Post, Fairfax, October 26, 2010, accessed October 23, 2016, http://www.goulburnpost.com.au/story/969158/goulburn-post-140-years-of-great-stories/. ""Goulburn, NSW,"" Aussie Towns, accessed October 23, 2016, http://www.aussietowns.com.au/town/goulburn-nsw.",TheGoulburnHerald1857,newspaper-article,"C. J. W. Russell,","""A California Crusoe,""",9,no. 502,5,December,1857,1857-12-05,,"Goulburn, New South Wales, Australia",
316,Goulburn (AUS) Herald and Chronicle,"The Goulburn Herald (1848-1927) was a tri-weekly newspaper founded by a Mr. Brent out of Goulburn, New South Wales, Australia; the paper went through many different name variations throughout its lifespan. Before the railroad reached Goulburn, an inland city, in 1869, it was already a popular stopping point for travelers along the Great South Road. After the railway’s arrival, many different industries sprouted up in the largely agricultural area.","David Cole, ""Goulburn Post: 140 Years of Great Stories,"" Goulburn Post, Fairfax, October 26, 2010, accessed October 23, 2016, http://www.goulburnpost.com.au/story/969158/goulburn-post-140-years-of-great-stories/. ""Goulburn, NSW,"" Aussie Towns, accessed October 23, 2016, http://www.aussietowns.com.au/town/goulburn-nsw.",TheGoulburnHeraldAndChronicle1879,newspaper-article,,"""A Female Crusoe,""",,,19,May,1879,1879-05-19,,"Goulburn, New South Wales, Australia",
310,Katanning (AUS) Great Southern Herald,"The Great Southern Herald (1901-current) is a weekly paper out of Katanning, Western Australia, Australia. It mainly features community, regional, and agricultural news. Joseph Cullen was the editor in the 1910s.","""Great Southern Herald,"" Lost Katanning, accessed October 23, 2016, https://lostkatanning.com/great-southern-herald/. ""Great Southern Herald,"" West Australian Regional Newspapers, accessed October 23, 2016, http://www.westregionalsales.com.au/index.php/89-west-reg-sales/papers/88-great-southern-herald.",GreatSouthernHerald1914,newspaper-article,,"""The Island of Mystery,""","13,",no. 1148,11,November,1914,1914-11-11,,"Katanning, Western Australia, Australia",
124,Greenburgh (NY) Register,"The Greenburgh Register (1879-94) was a newspaper founded by William Keeler out of Dobbs’ Ferry, New York. Harry Bradley bought the paper in 1884. The Greenburgh Register had a circulation of 500 in 1893, while Dobbs’ Ferry had a population of 2,083 in 1890.","""About Greenburgh register. (Dobbs’ Ferry, N.Y.) 1879-1894,"" Chronicling America, accessed June 23, 2016. Ernest Freeland Griffin, Westchester County and Its People (New York: Lewis Historical, 1946), accessed June 23, 2016, eBook. N.W. Ayer & Son’s American Newspaper Annual (Philadelphia: N.W. Ayer & Son, 1893), accessed June 23, 2016 eBook. U.S. Census Bureau, ""1890 Census,"" accessed June 23, 2016, PDF.",GreenburghRegister1893_Aug11,newspaper-article,,,"14,",6,11,August,1893,1893-08-11,,"Dobbs' Ferry, New York",
124,Greenburgh (NY) Register,"The Greenburgh Register (1879-94) was a newspaper founded by William Keeler out of Dobbs’ Ferry, New York. Harry Bradley bought the paper in 1884. The Greenburgh Register had a circulation of 500 in 1893, while Dobbs’ Ferry had a population of 2,083 in 1890.","""About Greenburgh register. (Dobbs’ Ferry, N.Y.) 1879-1894,"" Chronicling America, accessed June 23, 2016. Ernest Freeland Griffin, Westchester County and Its People (New York: Lewis Historical, 1946), accessed June 23, 2016, eBook. N.W. Ayer & Son’s American Newspaper Annual (Philadelphia: N.W. Ayer & Son, 1893), accessed June 23, 2016 eBook. U.S. Census Bureau, ""1890 Census,"" accessed June 23, 2016, PDF.",GreenburghRegister1893_Aug25,newspaper-article,,"""A Female Crusoe.""","14,",8,25,August,1893,1893-08-25,,"Dobbs' Ferry, New York",
128,Holton (KS) Recorder,"The Holton Recorder (1875-current) is a paper out of Holton, Kansas, a count seat incorporated in 1858 and located about 30 miles north of Topeka. The Holton Recorder began as a weekly Republican newspaper founded by J. W. shiner and Edward C. Laithe. Immediately after the paper launched, M. M. Beck purchased Laithe’s part of the business. The Holton Recorder reported primarily on county and state news. It started with a circulation of 500, but reached about 700 by 1881. Today, the newspaper is published daily, in print and online, for a town of just over 3,000 residents.","""About The Holton recorder. (Holton, Kan.) 1877-1884,"" Chronicling America, accessed April 11, 2016. C.A. Cooke, C.A. Cooke and Co.’s United States Newspaper Directory Revised (Chicago: n.p., 1881), accessed April 11, 2016, eBook. ""Capt. M. M. Beck,"" Kansas: A Cyclopedia of State History. . ., accessed April 11, 2016. Pettengill’s Newspaper Directory and Advertiser’s Hand-book for 1878 (New York: S.M. Pettengill, 1878), accessed April 11, 2016, eBook. William G. Cutler, ""The Early History of Holton,"" Genuine Kansas, accessed April 11, 2016.",Hardacre1880_THR,newspaper-article,"Hardacre, Emma.","""Eighteen Years Alone. A Tale of the Pacific.""","13,",25,16,September,1880,1880-09-16,,"Holton, Kansas",
129,Horn Book Magazine,"The Horn Book Magazine (1924-current) is a bimonthly magazine that was founded by librarian and children’s bookstore owner Bertha Mahoney, out of Boston. The magazine reviews children and young adult literature and provides commentary on the state of children’s literature as a field. Ruth Hill Vigeurs was the editor during the 1960s.","The Horn Book, accessed August 4, 2016.",RHV1960,review-book,"V., R. H.","""Scott O'Dell: Island of the Blue Dolphins.""","36,",2,,,1960,1960-01-01,,"Boston, Massachusetts",
129,Horn Book Magazine,"The Horn Book Magazine (1924-current) is a bimonthly magazine that was founded by librarian and children’s bookstore owner Bertha Mahoney, out of Boston. The magazine reviews children and young adult literature and provides commentary on the state of children’s literature as a field. Ruth Hill Vigeurs was the editor during the 1960s.","The Horn Book, accessed August 4, 2016.",HornBookMagazine1961,review-book,,"""Scott O'Dell: Island of the Blue Dolphins.""","67,",2,,,'1961,1961-01-01,,"Boston, Massachusetts",
129,Horn Book Magazine,"The Horn Book Magazine (1924-current) is a bimonthly magazine that was founded by librarian and children’s bookstore owner Bertha Mahoney, out of Boston. The magazine reviews children and young adult literature and provides commentary on the state of children’s literature as a field. Ruth Hill Vigeurs was the editor during the 1960s.","The Horn Book, accessed August 4, 2016.",Lovelace1961,magazine-article,"Lovelace, Maud Hart.","""Scott O'Dell: A Biographical Note.""","67,",2,,,1961,1961-01-01,,"Boston, Massachusetts",
129,Horn Book Magazine,"The Horn Book Magazine (1924-current) is a bimonthly magazine that was founded by librarian and children’s bookstore owner Bertha Mahoney, out of Boston. The magazine reviews children and young adult literature and provides commentary on the state of children’s literature as a field. Ruth Hill Vigeurs was the editor during the 1960s.","The Horn Book, accessed August 4, 2016.",ODell1961,magazine-article,"O'Dell, Scott.","""Newbery Award Acceptance.""","67,",2,,,1961,1961-01-01,,"Boston, Massachusetts",
131,Illustrated American,"The Illustrated American (1890-1900) was a weekly magazine founded by Lorillard Spencer out of New York. Its main focus was current events, but it also featured political pieces and fiction. It had a circulation of 40,000 in 1892, but after Spencer sold the magazine in 1897, it lost readership. Its final issue appeared in 1900.","Frank Luther Mott, American Journalism: A History of Newspapers in the United States Through 250 Years: 1690 to 1940 (New York: Macmillan, 1941), accessed June 21, 2016, eBook.",IllustratedAmerican1892,magazine-article,,"""The Isle of Skulls.""",10,,,February-May,1892,1892-02-01,,"New York, New York",
132,Indiana (PA) Democrat,"The Indiana Democrat (1862-1951) was a weekly Democratic newspaper founded by James B. Sansom out of Indiana, Pennsylvania. Sansom ran the Democrat until his death in 1885, when his son, Franklin, took over and continued in that position until 1926. The southwest Pennsylvania town of Indiana (pop. 4,142 in 1900) was known for its coal mines.","""About The Indiana Democrat. (Indiana, Pa.) 1862-1951,"" Chronicling America, accessed July 10, 2016. ""Franklin Sansom,"" Biographical and Historical Cyclopedia of Indiana and Armstrong Counties, Pennsylvania (Philadelphia: John M. Gresham, 1891), accessed July 10, 2016, eBook. ""History,"" Indiana Bicentennial, accessed July 10, 2016. ""The Indiana Democrat from Indiana, Pennsylvania [August 26, 1936],"" Newspapers.com, accessed July 10, 2016. J. T. Stewart, Indiana County, Pennsylvania (Chicago: J. H. Beers, 1913), accessed July 10, 2016, eBook. U.S. Census Bureau, ""1900 Census,"" accessed July 10, 2016, PDF.",Gassaway1905_TID,newspaper-article,"Gassaway, Frank.","""A Woman Crusoe.""","44,",28,20,September,1905,1905-09-20,,"Indiana, Pennsylvania",
133,Chicago Inter Ocean,"The Inter Ocean (1872-1914) was a Republican newspaper founded by J. Young Scammon out of Chicago; despite the name change, it was a revival the Republican, a newspaper whose offices were destroyed in the Great Chicago Fire of 1871. In 1875, the Inter Ocean came under the editorship of William Penn Nixon. During this time, the paper increased its circulation by deepening its commitment to the Republican Party, and also by using new printing machinery. The Inter Ocean had a daily circulation of 20,000 and a weekly circulation of 95,000 in 1881, when Chicago itself had a population of 503,185.","""About The inter ocean. (Chicago, Ill.) 1902-1914,"" Chronicling America, accessed March 22, 2016. C.A. Cooke, C.A. Cooke and Co.’s United States Newspaper Directory Revised (Chicago: n.p., 1881), accessed March 22, 2016, eBook. George. P. Rowell, ed., Centennial Newspaper Exhibition, 1876 (New York: George P. Rowell, 1876), accessed March 22, 2016, eBook. ""Population history of Chicago from 1840-1990,"" Boston University Physics Department, accessed March 22, 2016. Richard A. Schwarzlose, ""Newspapers,"" Encyclopedia of Chicago, accessed March 22, 2016. Rufus Blanchard, Discovery and Conquests of the North-west, with the History of Chicago, Volume 2 (Chicago: R. Blanchard and Company, 1900), accessed March 22, 2016, eBook.",TheInterOcean1879,newspaper-article,,"""A Female Crusoe.""","7,",282,3,March,1879,1879-03-03,,"Chicago, Illinois",
272,Weekly Irish Times,"The Irish Times (1859-current) is a daily and weekly newspaper founded by Major Lawrence Knox out of Dublin, Ireland, United Kingdom. He was a conservative Protestant who supported the unionization of Ireland and Great Britain, and his paper reflected those beliefs. The Irish Times routinely reprinted articles from American newspapers, such as the New York World. Sir John Arnott owned the paper in the 1890s, which had a circulation of approximately 28,500. The Irish Times main competitor was the Freeman’s Journal which had a greater readership because it circulated outside of Dublin.","Mark O’Brien, The Irish Times (Dublin: Four Courts, 2008), print. Terrence Brown, The Irish Times (London: Bloomsbury Continuum, 2015), accessed June 28, 2016, eBook.",WeeklyIrishTimes1896,newspaper-article,,"""Isles of Mystery.""",,,12,December,1896,1896-12-12,,,
137,Kansas City (MO) Evening Star,"The Kansas City Star (1880-current) is a daily newspaper founded by William Rockhill Nelson and Samuel E. Morss out of Kansas City, Missouri. At two cents an issue (compared to the five cent price of its competitors), the paper was able to command the greatest circulation in the city within three months of its founding. By 1887, it had a circulation of 25,000 a day (city pop.132,716 in 1890). The Kansas City Star’s primary focus was local news, including calling for a citywide system of parks and paved streets, which were created thanks in part to the paper’s advocacy. Ernest Hemingway wrote for the Star in 1917-18 and credited his editor with improving his writing style.","Rowell’s American Newspaper Directory (New York: Geo. P. Rowell, 1887), accessed June 12, 2016, eBook. Rick Montgomery, ""As KC grew, so did The Star,"" The Kansas City Star, last updated September 18, 2016, accessed June 12, 2016. U.S. Census Bureau, ""1890 Census,"" accessed April 24, 2016, PDF.",TheKansasCityEveningStar1885,newspaper-article,,"""A Feminine Crusoe. Eighteen Years on a Desert Island--How She Lived and Dressed.""","11,",228,10,June,1885,1885-06-10,,"Kansas City, Missouri",
138,Kansas City (MO) Star,"The Kansas City Star (1880-current) is a daily newspaper founded by William Rockhill Nelson and Samuel E. Morss out of Kansas City, Missouri. At two cents an issue (compared to the five cent price of its competitors), the paper was able to command the greatest circulation in the city within three months of its founding. By 1887, it had a circulation of 25,000 a day (city pop.132,716 in 1890). The Kansas City Star’s primary focus was local news, including calling for a citywide system of parks and paved streets, which were created thanks in part to the paper’s advocacy. Ernest Hemingway wrote for the Star in 1917-18 and credited his editor with improving his writing style.","Rowell’s American Newspaper Directory (New York: Geo. P. Rowell, 1887), accessed June 12, 2016, eBook. Rick Montgomery, ""As KC grew, so did The Star,"" The Kansas City Star, last updated September 18, 2016, accessed June 12, 2016. U.S. Census Bureau, ""1890 Census,"" accessed April 24, 2016, PDF.",Gassaway1905_KCS,newspaper-article,"Gassaway, Frank.","""Woman Crusoe in the Channel Islands.""","26,","2,771",21,June,1905,1905-06-21,,"Kansas City, Missouri",
321,Kapunda (AUS) Herald,"The Kapunda Herald (1864-1951) was a weekly newspaper founded by Charles Barton out of Kapunda, South Australia, Australia; its first editor was James Elliott. The paper printed local rural news. Kapunda was originally founded as a mining town, but by the 1870s, the area was known for its agricultural and pastoral industries. The Kapunda Herald was sold and merged with the Barossa News, becoming the Barossa and Light Herald.","""Kapunda Herald,"" SA Newspapers: South Australian Press, Government of South Australia, accessed October 30, 2016, http://www.samemory.sa.gov.au/site/page.cfm?c=4836. ""Kapunda Museum,"" South Australian Community History, Government of South Australia, accessed October 30, 2016, http://community.history.sa.gov.au/kapunda-museum.",TheKapundaHerald1879,newspaper-article,,"""A Female Crusoe,""",15,no. 1142,6,June,1879,1879-06-06,,"Kapunda, South Australia, Australia",
298,Kiama (AUS) Independent and Shoalhaven Advertiser,"The Kiarma Independent (1863-current) is a newspaper that was founded by Englishman Joseph Weston out of Kiarma, New South Wales, Australia. The paper has undergone many different name variations, including the Kiarma Independent and Shoalhaven Advertiser. In the 1870s, Kiarma was known for its dairy and basalt enterprises.","""About Us,"" Kiarma Independent, Fairfax Regional Media, accessed October 10, 2016, http://www.kiamaindependent.com.au/about-us/. Kerrielyn Clark, ""Our Proud History,"" Kiarma Independent, Fairfax Regional Media, July 2, 2013, accessed October 10, 2016, http://www.kiamaindependent.com.au/story/1611910/our-proud-history/ . ""Kiarma, NSW,"" Aussie Towns, accessed October 10, 2016, http://www.aussietowns.com.au/town/kiama-nsw.",TheKiamaIndependent1879,newspaper-article,,"""A Female Crusoe,""","16,",no. 997,27,May,1879,1879-05-27,,"Kiama, New South Wales, Australia",
304,Queenstown (NZL) Lake Wakatip Mail,"The Lake Wakatip Mail (1863-1947) was a weekly newspaper out of Queenstown, New Zealand; Englishman William Warren became the sole proprietor of the Mail in 1867, and his family ran the paper through the First World War. The newspaper founding coincided with Queenstown’s gold rush, but the town declined during the late 1800s as the miners moved out and no new industries moved in. Today, the town is a popular destination for adventure tourism.","Alan de la Mare, ""William Warren: Journalist 1833-1900,"" The Queenstown Courier 57, 1996, accessed October 16, 2016, PDF, http://www.queenstownhistoricalsociety.org.nz/Issue%2057%20Compressed.pdf. ""Lake Wakatip Mail,"" Papers Past, National Library of New Zealand Te Puna Matauranga o Aotearoa, New Zealand Government, accessed October 16, 2016. ""Queenstown Adventure and Adrenaline,"" Queenstown, New Zealand webpage, accessed Nivember 16, 2016.",LakeWakatipMail1892,newspaper-article,,"""The Isle of Skulls,""",,no. 1903,28,October,1892,1892-10-28,,"Queenstown, South Island, New Zealand",
139,Latter-Day Saints' Millennial Star (Liverpool),"The Latter-Day Saints’ Millennial Star (1840-1970) was a weekly newspaper established by the Quorum of the Twelve Apostles out of Liverpool, England, United Kingdom. It had a circulation of around 25,000 in the 1850s and focused on religion.","Ferenc Morton Szasz, Scots in the North American West, 1790-1917 (Norman: University of Oklahoma Press, 2000), accessed June 21, 2016, eBook. ""Mormon Publications: 19th and 20th Centuries,"" Harold B. Lee Library [BYU], accessed June 21, 2016.",MillennialStar1892,newspaper-article,,"""The Isle of Skulls.""","33,",54,15,August,1892,1892-08-15,,,
140,Leavenworth (KS) Times,"The Leavenworth Times (1857-current) is a daily newspaper founded by Robert Crozier out of Leavenworth, Kansas. It was originally a weekly Republican, and Colonel Daniel Read Anthony (brother to social reformer and suffragist Susan B. Anthony) reinforced the paper’s political leanings when he bought the Leavenworth Times and expanded it into a daily in 1871. Anthony was so outspoken in the newspaper’s editorial pages that he provoked anger from political opponents, even exchanging gunfire with them in the streets of Leavenworth. The Anthony family continued to run the paper until the 1960s. Leavenworth (pop. ­­­­20,735 in 1900) is home to the military base Fort Leavenworth, which has been active in Northeast Kansas since 1827.","""About The Leavenworth times. (Leavenworth, Kan.) 1878-current,"" Chronicling America, accessed July 3, 2016. Annie Johnston, ""Johnston Jottings: Four generations of Anthony men and the Times,"" Leavenworth Times, last updated April 20, 2011, accessed July 3, 2016. ""The Anthony’s (#13),"" Leavenworth, Kansas, accessed July 3, 2016. Clair Wolnisty, ""Anthony, Daniel Read,"" Civil War on the Western Border, accessed July 3, 2016. ""Fort Leavenworth,"" Kansapedia, accessed July 3, 2016. U.S. Census Bureau, ""1900 Census,"" accessed July 3, 2016, PDF.",TheLeavenworthTimes1900,newspaper-article,,"""Strange Islands Near The California Coast. Once The Home Of A Race Now Extinct. Expedition Fitting Out To Explore The St. Nicholas Islands--Curious Tales Told Of The Lonely Land--Numerous Skulls And Human Bones Indicate A Mighty Battle Between Savage Tribes.""",,,4,December,1900,1900-12-04,,"Leavenworth, Kansas",
142,Lipscomb (TX) Lime Light and Follett (TX) Times,"The Lipscomb Limelight (1912-?) was a weekly newspaper founded by W. E. Meredith out of Follett, Lipscomb County, Texas. C.A. Skaggs ran the paper from 1912 through at least the early 1920s. In 1920, the Limelight had a circulation of 200. Wheat and cattle were the main agriculture products in Lipscomb County, which is located in the very northernmost part of the state (pop. 3,684 in 1920).","""About Lipscomb lime light and Follett times, (Follett, Lipscomb County, Tex.) 1919-19??,"" Chroncling America, accessed July 24, 2016. Francis Stanley, ""Lipscomb Texas Story,"" Stan Crump, accessed July 24, 2016.""The History of the Prairie Towns of Ivanhoe and Follett,"" Search Texas History, accessed July 24, 2016. N.W. Ayer & Son’s American Newspaper Annual (Philadelphia: N.W. Ayer & Son, 1920), accessed July 24, 2016 eBook. U.S. Census Bureau, ""1920 Census,"" accessed July 24, 2016, PDF.",LipscombLimeLight1921,newspaper-article,,"""Alone For Eighteen Years. Indian Woman, Abandoned on Desert Island, Finally Found by Party of Otter Hunters.""","4,",42,1,December,1921,1921-12-01,,"Follett, Texas",
149,Los Angeles Star,"The Los Angeles Star (1851-75) was a weekly newspaper founded by John A. Lewis and E. Gould in Los Angeles, California. Initially, the paper gained circulation because it featured news in Spanish as well as English. The paper had no official political position at its founding started, but in 1856, when Henry Hamilton, an Irishman, was named editor, it became a Democratic paper. By this point, the Los Angeles Star had dropped its Spanish pages, but it still outperformed the other two papers in town, the Southern Californian and El Clamor Pùblico. The paper printed national news when it was available, in addition to local and literary pieces.","William R. Rice, The Los Angeles Star (Berkeley, California: University of California Press, 1947), 3-31, 57-71, 121-128.",Warner1856_LAS,newspaper-article,"Warner, Juan José.","""Lost Woman of the Island.""","6,",31,13,December,1856,1856-12-13,James S. Waite,"Los Angeles, California",James S. Waite
309,Los Angeles Tidings,"The Los Angeles Tidings (1895-current) is a weekly Catholic newspaper out of Los Angeles that soon after its founding expanded its local circulation to serve subscribers nationwide. James Nolan and Elmer Murphy were editors in the early 1900s. The paper now publishes online in addition to its weekly print edition, and goes by the name Angelus (changed from The Tidings in 2016).","""About Us, Angelus, The Tidings, accessed October 23, 2016, http://angelusnews.com/about. Charles Phillips, ""Our Maurice Francis,"" Catholic World, 106 (1917): 227-233, eBook. ""Staff Changes,"" The Fourth Estate, (New York: Ernest P. Birmingham, 1908, accessed October 23, 2016, eBook.",TheTidings1904_Sep16,newspaper-article,"[Emma C. Hardacre],","""Eighteen Years Alone. A Tale of the Pacific,""","10,",no. 38,16,September,1904,1904-09-16,,"Los Angeles, California",
309,Los Angeles Tidings,"The Los Angeles Tidings (1895-current) is a weekly Catholic newspaper out of Los Angeles that soon after its founding expanded its local circulation to serve subscribers nationwide. James Nolan and Elmer Murphy were editors in the early 1900s. The paper now publishes online in addition to its weekly print edition, and goes by the name Angelus (changed from The Tidings in 2016).","""About Us, Angelus, The Tidings, accessed October 23, 2016, http://angelusnews.com/about. Charles Phillips, ""Our Maurice Francis,"" Catholic World, 106 (1917): 227-233, eBook. ""Staff Changes,"" The Fourth Estate, (New York: Ernest P. Birmingham, 1908, accessed October 23, 2016, eBook.",TheTidings1904_Sep23,newspaper-article,"[Emma C. Hardacre],","""Eighteen Years Alone. A Tale of the Pacific. (Continued From Last Week.),""","10,",no. 39,23,September,1904,1904-09-16,,"Los Angeles, California",
309,Los Angeles Tidings,"The Los Angeles Tidings (1895-current) is a weekly Catholic newspaper out of Los Angeles that soon after its founding expanded its local circulation to serve subscribers nationwide. James Nolan and Elmer Murphy were editors in the early 1900s. The paper now publishes online in addition to its weekly print edition, and goes by the name Angelus (changed from The Tidings in 2016).","""About Us, Angelus, The Tidings, accessed October 23, 2016, http://angelusnews.com/about. Charles Phillips, ""Our Maurice Francis,"" Catholic World, 106 (1917): 227-233, eBook. ""Staff Changes,"" The Fourth Estate, (New York: Ernest P. Birmingham, 1908, accessed October 23, 2016, eBook.",TheTidings1904_Sep30,newspaper-article,"[Emma C. Hardacre],","""Eighteen Years Alone. A Tale of the Pacific. (Concluded.),""","10,",no. 40,30,September,1904,1904-09-30,,"Los Angeles, California",
150,Los Angeles Times,"The Los Angeles Times (1881-current) is a daily newspaper founded by Nathan Cole, Jr. and Thomas Gardiner out of Los Angeles, California. It was originally the Daily Times, but dropped the Daily from its title in 1886. Harrison Gray Otis became publisher of the paper in 1882. The Times has printed various supplements over the course of its lifespan, including the Los Angeles Times Magazine. Los Angeles was growing throughout the 1880s due to the railroad and advertisements about the city’s favorable climate; it reached a population of 50,395 in 1890. Otis’s son-in-law, Henry Chandler, took over the paper in 1917. The city reached a population of one million in 1924. Henry’s son, Norman, took over the Los Angeles Times in 1944. In the first part of the twenty-first century, the Los Angeles Times has the fourth largest newspaper circulation in the country, after USA Today, the Wall Street Journal and the New York Times.","""Early Statehood: 1850s-1880s: The Rise of Los Angeles, Picture This, accessed June 26, 2016. ""Historical Timeline of Los Angeles,"" Discover Los Angeles, last updated April 20, 2016, accessed June 26, 2016. ""The Los Angeles Times’ History,"" Los Angeles Times, September 21, 2012, accessed June 26, 2016. ""Los Angeles Times Records,"" Online Archive of California, accessed June 28, 2016. U.S. Census Bureau, ""1890 Census,"" accessed June 26, 2016, PDF.",TheTimes1887,newspaper-article,,"""Was It a Specter? Strange Experience of Two of Ventura's Young Men,""","11,",no. 30,7,January,1887,1887-02-01,,"Los Angeles, California",
150,Los Angeles Times,"The Los Angeles Times (1881-current) is a daily newspaper founded by Nathan Cole, Jr. and Thomas Gardiner out of Los Angeles, California. It was originally the Daily Times, but dropped the Daily from its title in 1886. Harrison Gray Otis became publisher of the paper in 1882. The Times has printed various supplements over the course of its lifespan, including the Los Angeles Times Magazine. Los Angeles was growing throughout the 1880s due to the railroad and advertisements about the city’s favorable climate; it reached a population of 50,395 in 1890. Otis’s son-in-law, Henry Chandler, took over the paper in 1917. The city reached a population of one million in 1924. Henry’s son, Norman, took over the Los Angeles Times in 1944. In the first part of the twenty-first century, the Los Angeles Times has the fourth largest newspaper circulation in the country, after USA Today, the Wall Street Journal and the New York Times.","""Early Statehood: 1850s-1880s: The Rise of Los Angeles, Picture This, accessed June 26, 2016. ""Historical Timeline of Los Angeles,"" Discover Los Angeles, last updated April 20, 2016, accessed June 26, 2016. ""The Los Angeles Times’ History,"" Los Angeles Times, September 21, 2012, accessed June 26, 2016. ""Los Angeles Times Records,"" Online Archive of California, accessed June 28, 2016. U.S. Census Bureau, ""1890 Census,"" accessed June 26, 2016, PDF.",Kelp1889,newspaper-article,,"""Archaeological. Relics of the Oriental Races of Catalina. INteresting Discoveries Under the Hotel Metropole--Stone Implements, Earrings, Beads,Fishhooks, Mortars, Pestles, Arts of the Aborigines, Etc.""","8th year,",,25,August,1889,1889-08-25,,"Los Angeles, California",
150,Los Angeles Times,"The Los Angeles Times (1881-current) is a daily newspaper founded by Nathan Cole, Jr. and Thomas Gardiner out of Los Angeles, California. It was originally the Daily Times, but dropped the Daily from its title in 1886. Harrison Gray Otis became publisher of the paper in 1882. The Times has printed various supplements over the course of its lifespan, including the Los Angeles Times Magazine. Los Angeles was growing throughout the 1880s due to the railroad and advertisements about the city’s favorable climate; it reached a population of 50,395 in 1890. Otis’s son-in-law, Henry Chandler, took over the paper in 1917. The city reached a population of one million in 1924. Henry’s son, Norman, took over the Los Angeles Times in 1944. In the first part of the twenty-first century, the Los Angeles Times has the fourth largest newspaper circulation in the country, after USA Today, the Wall Street Journal and the New York Times.","""Early Statehood: 1850s-1880s: The Rise of Los Angeles, Picture This, accessed June 26, 2016. ""Historical Timeline of Los Angeles,"" Discover Los Angeles, last updated April 20, 2016, accessed June 26, 2016. ""The Los Angeles Times’ History,"" Los Angeles Times, September 21, 2012, accessed June 26, 2016. ""Los Angeles Times Records,"" Online Archive of California, accessed June 28, 2016. U.S. Census Bureau, ""1890 Census,"" accessed June 26, 2016, PDF.",LosAngelesTimes1898,newspaper-article,,"""To Explore San Nicolas.""",17,,18,September,1898,1898-09-18,,"Los Angeles, California",
150,Los Angeles Times,"The Los Angeles Times (1881-current) is a daily newspaper founded by Nathan Cole, Jr. and Thomas Gardiner out of Los Angeles, California. It was originally the Daily Times, but dropped the Daily from its title in 1886. Harrison Gray Otis became publisher of the paper in 1882. The Times has printed various supplements over the course of its lifespan, including the Los Angeles Times Magazine. Los Angeles was growing throughout the 1880s due to the railroad and advertisements about the city’s favorable climate; it reached a population of 50,395 in 1890. Otis’s son-in-law, Henry Chandler, took over the paper in 1917. The city reached a population of one million in 1924. Henry’s son, Norman, took over the Los Angeles Times in 1944. In the first part of the twenty-first century, the Los Angeles Times has the fourth largest newspaper circulation in the country, after USA Today, the Wall Street Journal and the New York Times.","""Early Statehood: 1850s-1880s: The Rise of Los Angeles, Picture This, accessed June 26, 2016. ""Historical Timeline of Los Angeles,"" Discover Los Angeles, last updated April 20, 2016, accessed June 26, 2016. ""The Los Angeles Times’ History,"" Los Angeles Times, September 21, 2012, accessed June 26, 2016. ""Los Angeles Times Records,"" Online Archive of California, accessed June 28, 2016. U.S. Census Bureau, ""1890 Census,"" accessed June 26, 2016, PDF.",LosAngelesTimes1928,newspaper-article,,"""Story of Lost Woman Retold.""",47,,28,February,1928,1928-02-28,,"Los Angeles, California",
150,Los Angeles Times,"The Los Angeles Times (1881-current) is a daily newspaper founded by Nathan Cole, Jr. and Thomas Gardiner out of Los Angeles, California. It was originally the Daily Times, but dropped the Daily from its title in 1886. Harrison Gray Otis became publisher of the paper in 1882. The Times has printed various supplements over the course of its lifespan, including the Los Angeles Times Magazine. Los Angeles was growing throughout the 1880s due to the railroad and advertisements about the city’s favorable climate; it reached a population of 50,395 in 1890. Otis’s son-in-law, Henry Chandler, took over the paper in 1917. The city reached a population of one million in 1924. Henry’s son, Norman, took over the Los Angeles Times in 1944. In the first part of the twenty-first century, the Los Angeles Times has the fourth largest newspaper circulation in the country, after USA Today, the Wall Street Journal and the New York Times.","""Early Statehood: 1850s-1880s: The Rise of Los Angeles, Picture This, accessed June 26, 2016. ""Historical Timeline of Los Angeles,"" Discover Los Angeles, last updated April 20, 2016, accessed June 26, 2016. ""The Los Angeles Times’ History,"" Los Angeles Times, September 21, 2012, accessed June 26, 2016. ""Los Angeles Times Records,"" Online Archive of California, accessed June 28, 2016. U.S. Census Bureau, ""1890 Census,"" accessed June 26, 2016, PDF.",LosAngelesTimes1929,newspaper-article,,"""Fish-Hook Has Sad History: Crude Instrument Loaned to Santa Barbara Museum for Years used by Lone Woman Crusoe.""",49,,28,December,1929,1929-12-28,,"Los Angeles, California",
150,Los Angeles Times,"The Los Angeles Times (1881-current) is a daily newspaper founded by Nathan Cole, Jr. and Thomas Gardiner out of Los Angeles, California. It was originally the Daily Times, but dropped the Daily from its title in 1886. Harrison Gray Otis became publisher of the paper in 1882. The Times has printed various supplements over the course of its lifespan, including the Los Angeles Times Magazine. Los Angeles was growing throughout the 1880s due to the railroad and advertisements about the city’s favorable climate; it reached a population of 50,395 in 1890. Otis’s son-in-law, Henry Chandler, took over the paper in 1917. The city reached a population of one million in 1924. Henry’s son, Norman, took over the Los Angeles Times in 1944. In the first part of the twenty-first century, the Los Angeles Times has the fourth largest newspaper circulation in the country, after USA Today, the Wall Street Journal and the New York Times.","""Early Statehood: 1850s-1880s: The Rise of Los Angeles, Picture This, accessed June 26, 2016. ""Historical Timeline of Los Angeles,"" Discover Los Angeles, last updated April 20, 2016, accessed June 26, 2016. ""The Los Angeles Times’ History,"" Los Angeles Times, September 21, 2012, accessed June 26, 2016. ""Los Angeles Times Records,"" Online Archive of California, accessed June 28, 2016. U.S. Census Bureau, ""1890 Census,"" accessed June 26, 2016, PDF.",LosAngelesTimes1951,newspaper-article,,"""Indians Once Lived on Channel Islands.""",70,,9,July,1951,1951-07-09,,"Los Angeles, California",
150,Los Angeles Times,"The Los Angeles Times (1881-current) is a daily newspaper founded by Nathan Cole, Jr. and Thomas Gardiner out of Los Angeles, California. It was originally the Daily Times, but dropped the Daily from its title in 1886. Harrison Gray Otis became publisher of the paper in 1882. The Times has printed various supplements over the course of its lifespan, including the Los Angeles Times Magazine. Los Angeles was growing throughout the 1880s due to the railroad and advertisements about the city’s favorable climate; it reached a population of 50,395 in 1890. Otis’s son-in-law, Henry Chandler, took over the paper in 1917. The city reached a population of one million in 1924. Henry’s son, Norman, took over the Los Angeles Times in 1944. In the first part of the twenty-first century, the Los Angeles Times has the fourth largest newspaper circulation in the country, after USA Today, the Wall Street Journal and the New York Times.","""Early Statehood: 1850s-1880s: The Rise of Los Angeles, Picture This, accessed June 26, 2016. ""Historical Timeline of Los Angeles,"" Discover Los Angeles, last updated April 20, 2016, accessed June 26, 2016. ""The Los Angeles Times’ History,"" Los Angeles Times, September 21, 2012, accessed June 26, 2016. ""Los Angeles Times Records,"" Online Archive of California, accessed June 28, 2016. U.S. Census Bureau, ""1890 Census,"" accessed June 26, 2016, PDF.",Sell1954,newspaper-article,"Sell, Ted.","""Tiny Skeleton Recalls 1835 Island Saga. Bones Believed Those of Mystery Hermit's Child.""",73,,5,July,1954,1954-07-05,,"Los Angeles, California",
150,Los Angeles Times,"The Los Angeles Times (1881-current) is a daily newspaper founded by Nathan Cole, Jr. and Thomas Gardiner out of Los Angeles, California. It was originally the Daily Times, but dropped the Daily from its title in 1886. Harrison Gray Otis became publisher of the paper in 1882. The Times has printed various supplements over the course of its lifespan, including the Los Angeles Times Magazine. Los Angeles was growing throughout the 1880s due to the railroad and advertisements about the city’s favorable climate; it reached a population of 50,395 in 1890. Otis’s son-in-law, Henry Chandler, took over the paper in 1917. The city reached a population of one million in 1924. Henry’s son, Norman, took over the Los Angeles Times in 1944. In the first part of the twenty-first century, the Los Angeles Times has the fourth largest newspaper circulation in the country, after USA Today, the Wall Street Journal and the New York Times.","""Early Statehood: 1850s-1880s: The Rise of Los Angeles, Picture This, accessed June 26, 2016. ""Historical Timeline of Los Angeles,"" Discover Los Angeles, last updated April 20, 2016, accessed June 26, 2016. ""The Los Angeles Times’ History,"" Los Angeles Times, September 21, 2012, accessed June 26, 2016. ""Los Angeles Times Records,"" Online Archive of California, accessed June 28, 2016. U.S. Census Bureau, ""1890 Census,"" accessed June 26, 2016, PDF.",Kirsch1960,review-book,"Kirsch, Robert K.","""Story of a Human Experience.""",79,,17,March,1960,1960-03-17,,"Los Angeles, California",
150,Los Angeles Times,"The Los Angeles Times (1881-current) is a daily newspaper founded by Nathan Cole, Jr. and Thomas Gardiner out of Los Angeles, California. It was originally the Daily Times, but dropped the Daily from its title in 1886. Harrison Gray Otis became publisher of the paper in 1882. The Times has printed various supplements over the course of its lifespan, including the Los Angeles Times Magazine. Los Angeles was growing throughout the 1880s due to the railroad and advertisements about the city’s favorable climate; it reached a population of 50,395 in 1890. Otis’s son-in-law, Henry Chandler, took over the paper in 1917. The city reached a population of one million in 1924. Henry’s son, Norman, took over the Los Angeles Times in 1944. In the first part of the twenty-first century, the Los Angeles Times has the fourth largest newspaper circulation in the country, after USA Today, the Wall Street Journal and the New York Times.","""Early Statehood: 1850s-1880s: The Rise of Los Angeles, Picture This, accessed June 26, 2016. ""Historical Timeline of Los Angeles,"" Discover Los Angeles, last updated April 20, 2016, accessed June 26, 2016. ""The Los Angeles Times’ History,"" Los Angeles Times, September 21, 2012, accessed June 26, 2016. ""Los Angeles Times Records,"" Online Archive of California, accessed June 28, 2016. U.S. Census Bureau, ""1890 Census,"" accessed June 26, 2016, PDF.",Brown1961,review-book,"Brown, Myra Berry.","""Two Californians Win Top Honors for Children's Books.""",80,,19,March,1961,1961-03-19,,"Los Angeles, California",
150,Los Angeles Times,"The Los Angeles Times (1881-current) is a daily newspaper founded by Nathan Cole, Jr. and Thomas Gardiner out of Los Angeles, California. It was originally the Daily Times, but dropped the Daily from its title in 1886. Harrison Gray Otis became publisher of the paper in 1882. The Times has printed various supplements over the course of its lifespan, including the Los Angeles Times Magazine. Los Angeles was growing throughout the 1880s due to the railroad and advertisements about the city’s favorable climate; it reached a population of 50,395 in 1890. Otis’s son-in-law, Henry Chandler, took over the paper in 1917. The city reached a population of one million in 1924. Henry’s son, Norman, took over the Los Angeles Times in 1944. In the first part of the twenty-first century, the Los Angeles Times has the fourth largest newspaper circulation in the country, after USA Today, the Wall Street Journal and the New York Times.","""Early Statehood: 1850s-1880s: The Rise of Los Angeles, Picture This, accessed June 26, 2016. ""Historical Timeline of Los Angeles,"" Discover Los Angeles, last updated April 20, 2016, accessed June 26, 2016. ""The Los Angeles Times’ History,"" Los Angeles Times, September 21, 2012, accessed June 26, 2016. ""Los Angeles Times Records,"" Online Archive of California, accessed June 28, 2016. U.S. Census Bureau, ""1890 Census,"" accessed June 26, 2016, PDF.",Loper1961,review-book,"Loper, Mary Lou.","""Nobody Liked it But the Readers.""",80,,20,April,1961,1961-04-20,,"Los Angeles, California",
150,Los Angeles Times,"The Los Angeles Times (1881-current) is a daily newspaper founded by Nathan Cole, Jr. and Thomas Gardiner out of Los Angeles, California. It was originally the Daily Times, but dropped the Daily from its title in 1886. Harrison Gray Otis became publisher of the paper in 1882. The Times has printed various supplements over the course of its lifespan, including the Los Angeles Times Magazine. Los Angeles was growing throughout the 1880s due to the railroad and advertisements about the city’s favorable climate; it reached a population of 50,395 in 1890. Otis’s son-in-law, Henry Chandler, took over the paper in 1917. The city reached a population of one million in 1924. Henry’s son, Norman, took over the Los Angeles Times in 1944. In the first part of the twenty-first century, the Los Angeles Times has the fourth largest newspaper circulation in the country, after USA Today, the Wall Street Journal and the New York Times.","""Early Statehood: 1850s-1880s: The Rise of Los Angeles, Picture This, accessed June 26, 2016. ""Historical Timeline of Los Angeles,"" Discover Los Angeles, last updated April 20, 2016, accessed June 26, 2016. ""The Los Angeles Times’ History,"" Los Angeles Times, September 21, 2012, accessed June 26, 2016. ""Los Angeles Times Records,"" Online Archive of California, accessed June 28, 2016. U.S. Census Bureau, ""1890 Census,"" accessed June 26, 2016, PDF.",Rasmussen2001,newspaper-article,"Rasmussen, Cecilia.","""L.A. Then and Now; Woman’s Lonely Saga Left a Mystery.""",,,18,March,2001,2001-03-18,,"Los Angeles, California",
150,Los Angeles Times,"The Los Angeles Times (1881-current) is a daily newspaper founded by Nathan Cole, Jr. and Thomas Gardiner out of Los Angeles, California. It was originally the Daily Times, but dropped the Daily from its title in 1886. Harrison Gray Otis became publisher of the paper in 1882. The Times has printed various supplements over the course of its lifespan, including the Los Angeles Times Magazine. Los Angeles was growing throughout the 1880s due to the railroad and advertisements about the city’s favorable climate; it reached a population of 50,395 in 1890. Otis’s son-in-law, Henry Chandler, took over the paper in 1917. The city reached a population of one million in 1924. Henry’s son, Norman, took over the Los Angeles Times in 1944. In the first part of the twenty-first century, the Los Angeles Times has the fourth largest newspaper circulation in the country, after USA Today, the Wall Street Journal and the New York Times.","""Early Statehood: 1850s-1880s: The Rise of Los Angeles, Picture This, accessed June 26, 2016. ""Historical Timeline of Los Angeles,"" Discover Los Angeles, last updated April 20, 2016, accessed June 26, 2016. ""The Los Angeles Times’ History,"" Los Angeles Times, September 21, 2012, accessed June 26, 2016. ""Los Angeles Times Records,"" Online Archive of California, accessed June 28, 2016. U.S. Census Bureau, ""1890 Census,"" accessed June 26, 2016, PDF.",Robinson2004-Adrift,newspaper-article,"Robinson, Joe.","""Marooned,"" and ""Adrift in a Sea of Fiction.""",,,15,June,2004,2004-06-15,,"Los Angeles, California",
150,Los Angeles Times,"The Los Angeles Times (1881-current) is a daily newspaper founded by Nathan Cole, Jr. and Thomas Gardiner out of Los Angeles, California. It was originally the Daily Times, but dropped the Daily from its title in 1886. Harrison Gray Otis became publisher of the paper in 1882. The Times has printed various supplements over the course of its lifespan, including the Los Angeles Times Magazine. Los Angeles was growing throughout the 1880s due to the railroad and advertisements about the city’s favorable climate; it reached a population of 50,395 in 1890. Otis’s son-in-law, Henry Chandler, took over the paper in 1917. The city reached a population of one million in 1924. Henry’s son, Norman, took over the Los Angeles Times in 1944. In the first part of the twenty-first century, the Los Angeles Times has the fourth largest newspaper circulation in the country, after USA Today, the Wall Street Journal and the New York Times.","""Early Statehood: 1850s-1880s: The Rise of Los Angeles, Picture This, accessed June 26, 2016. ""Historical Timeline of Los Angeles,"" Discover Los Angeles, last updated April 20, 2016, accessed June 26, 2016. ""The Los Angeles Times’ History,"" Los Angeles Times, September 21, 2012, accessed June 26, 2016. ""Los Angeles Times Records,"" Online Archive of California, accessed June 28, 2016. U.S. Census Bureau, ""1890 Census,"" accessed June 26, 2016, PDF.",Robinson2004-Marooned,newspaper-article,"Robinson, Joe.","""Marooned,"" and ""Adrift in a Sea of Fiction.""",,,15,June,2004,2004-06-15,,"Los Angeles, California",
151,Los Angeles Times Magazine,"The Los Angeles Times (1881-current) is a daily newspaper founded by Nathan Cole, Jr. and Thomas Gardiner out of Los Angeles, California. It was originally the Daily Times, but dropped the Daily from its title in 1886. Harrison Gray Otis became publisher of the paper in 1882. The Times has printed various supplements over the course of its lifespan, including the Los Angeles Times Magazine. Los Angeles was growing throughout the 1880s due to the railroad and advertisements about the city’s favorable climate; it reached a population of 50,395 in 1890. Otis’s son-in-law, Henry Chandler, took over the paper in 1917. The city reached a population of one million in 1924. Henry’s son, Norman, took over the Los Angeles Times in 1944. In the first part of the twenty-first century, the Los Angeles Times has the fourth largest newspaper circulation in the country, after USA Today, the Wall Street Journal and the New York Times.","""Early Statehood: 1850s-1880s: The Rise of Los Angeles, Picture This, accessed June 26, 2016. ""Historical Timeline of Los Angeles,"" Discover Los Angeles, last updated April 20, 2016, accessed June 26, 2016. ""The Los Angeles Times’ History,"" Los Angeles Times, September 21, 2012, accessed June 26, 2016. ""Los Angeles Times Records,"" Online Archive of California, accessed June 28, 2016. U.S. Census Bureau, ""1890 Census,"" accessed June 26, 2016, PDF.",Mathis1899,newspaper-supplement-article,"Mathis, S. J.","""The Lone Woman of San Nicolas.""",18th year,,8,January,1899,1899-01-08,,"Los Angeles, California",
151,Los Angeles Times Magazine,"The Los Angeles Times (1881-current) is a daily newspaper founded by Nathan Cole, Jr. and Thomas Gardiner out of Los Angeles, California. It was originally the Daily Times, but dropped the Daily from its title in 1886. Harrison Gray Otis became publisher of the paper in 1882. The Times has printed various supplements over the course of its lifespan, including the Los Angeles Times Magazine. Los Angeles was growing throughout the 1880s due to the railroad and advertisements about the city’s favorable climate; it reached a population of 50,395 in 1890. Otis’s son-in-law, Henry Chandler, took over the paper in 1917. The city reached a population of one million in 1924. Henry’s son, Norman, took over the Los Angeles Times in 1944. In the first part of the twenty-first century, the Los Angeles Times has the fourth largest newspaper circulation in the country, after USA Today, the Wall Street Journal and the New York Times.","""Early Statehood: 1850s-1880s: The Rise of Los Angeles, Picture This, accessed June 26, 2016. ""Historical Timeline of Los Angeles,"" Discover Los Angeles, last updated April 20, 2016, accessed June 26, 2016. ""The Los Angeles Times’ History,"" Los Angeles Times, September 21, 2012, accessed June 26, 2016. ""Los Angeles Times Records,"" Online Archive of California, accessed June 28, 2016. U.S. Census Bureau, ""1890 Census,"" accessed June 26, 2016, PDF.",MEDudley1901,newspaper-supplement-article,"Dudley, M.E.","""Twenty Years Alone. The True Story of the Woman of San Nicolas Island.""",50,,4,August,1901,1901-08-04,,"Los Angeles, California",
151,Los Angeles Times Magazine,"The Los Angeles Times (1881-current) is a daily newspaper founded by Nathan Cole, Jr. and Thomas Gardiner out of Los Angeles, California. It was originally the Daily Times, but dropped the Daily from its title in 1886. Harrison Gray Otis became publisher of the paper in 1882. The Times has printed various supplements over the course of its lifespan, including the Los Angeles Times Magazine. Los Angeles was growing throughout the 1880s due to the railroad and advertisements about the city’s favorable climate; it reached a population of 50,395 in 1890. Otis’s son-in-law, Henry Chandler, took over the paper in 1917. The city reached a population of one million in 1924. Henry’s son, Norman, took over the Los Angeles Times in 1944. In the first part of the twenty-first century, the Los Angeles Times has the fourth largest newspaper circulation in the country, after USA Today, the Wall Street Journal and the New York Times.","""Early Statehood: 1850s-1880s: The Rise of Los Angeles, Picture This, accessed June 26, 2016. ""Historical Timeline of Los Angeles,"" Discover Los Angeles, last updated April 20, 2016, accessed June 26, 2016. ""The Los Angeles Times’ History,"" Los Angeles Times, September 21, 2012, accessed June 26, 2016. ""Los Angeles Times Records,"" Online Archive of California, accessed June 28, 2016. U.S. Census Bureau, ""1890 Census,"" accessed June 26, 2016, PDF.",Drake1931,newspaper-supplement-article,"Drake, Waldo.","""The Little Known Islands That Lie Off Our Coast.""",50,,31,May,1931,1931-05-31,,"Los Angeles, California",
151,Los Angeles Times Magazine,"The Los Angeles Times (1881-current) is a daily newspaper founded by Nathan Cole, Jr. and Thomas Gardiner out of Los Angeles, California. It was originally the Daily Times, but dropped the Daily from its title in 1886. Harrison Gray Otis became publisher of the paper in 1882. The Times has printed various supplements over the course of its lifespan, including the Los Angeles Times Magazine. Los Angeles was growing throughout the 1880s due to the railroad and advertisements about the city’s favorable climate; it reached a population of 50,395 in 1890. Otis’s son-in-law, Henry Chandler, took over the paper in 1917. The city reached a population of one million in 1924. Henry’s son, Norman, took over the Los Angeles Times in 1944. In the first part of the twenty-first century, the Los Angeles Times has the fourth largest newspaper circulation in the country, after USA Today, the Wall Street Journal and the New York Times.","""Early Statehood: 1850s-1880s: The Rise of Los Angeles, Picture This, accessed June 26, 2016. ""Historical Timeline of Los Angeles,"" Discover Los Angeles, last updated April 20, 2016, accessed June 26, 2016. ""The Los Angeles Times’ History,"" Los Angeles Times, September 21, 2012, accessed June 26, 2016. ""Los Angeles Times Records,"" Online Archive of California, accessed June 28, 2016. U.S. Census Bureau, ""1890 Census,"" accessed June 26, 2016, PDF.",McGroarty1932,newspaper-supplement-article,"McGroarty, John S.","""The Forgotten Woman of San Nicolas Island.""",55,,23,October,1932,1932-10-23,,"Los Angeles, California",
151,Los Angeles Times Magazine,"The Los Angeles Times (1881-current) is a daily newspaper founded by Nathan Cole, Jr. and Thomas Gardiner out of Los Angeles, California. It was originally the Daily Times, but dropped the Daily from its title in 1886. Harrison Gray Otis became publisher of the paper in 1882. The Times has printed various supplements over the course of its lifespan, including the Los Angeles Times Magazine. Los Angeles was growing throughout the 1880s due to the railroad and advertisements about the city’s favorable climate; it reached a population of 50,395 in 1890. Otis’s son-in-law, Henry Chandler, took over the paper in 1917. The city reached a population of one million in 1924. Henry’s son, Norman, took over the Los Angeles Times in 1944. In the first part of the twenty-first century, the Los Angeles Times has the fourth largest newspaper circulation in the country, after USA Today, the Wall Street Journal and the New York Times.","""Early Statehood: 1850s-1880s: The Rise of Los Angeles, Picture This, accessed June 26, 2016. ""Historical Timeline of Los Angeles,"" Discover Los Angeles, last updated April 20, 2016, accessed June 26, 2016. ""The Los Angeles Times’ History,"" Los Angeles Times, September 21, 2012, accessed June 26, 2016. ""Los Angeles Times Records,"" Online Archive of California, accessed June 28, 2016. U.S. Census Bureau, ""1890 Census,"" accessed June 26, 2016, PDF.",Bennett1936,newspaper-supplement-article,"Bennett, William Crosby.","""Mrs. Robinson Crusoe: She Lived Isolated, for Eighteen Years on San Nicolas—Off our Southern California Shores. When They Rescued Her She Withered and Died in the Discomfort of our Cramped Civilization.""",55,,9,August,1936,1936-08-09,,"Los Angeles, California",
152,Lowell (MA) Daily Citizen and News,"The Lowell Daily Citizen and News (1856-94) was a daily newspaper founded by Leonard Brown and George F. Murray, out of Lowell, Massachusetts. It was a consolidation of three different papers: the Daily Morning Paper, the American Citizen and the Daily Citizen. Chauncey Knapp became the editor in 1859, and the paper continued under him through the 1880s. A staunch anti-slavery supporter, he brought the paper to a circulation of 1,000 daily in 1878. Lowell was a prominent industrial center during this time.","""About Lowell daily citizen. (Lowell, Mass.) 1876-1894,"" Chronicling America, accessed 22 March 2016. Charles Cowley, Illustrated History of Lowell (Boston: Lee & Shepard, 1868), accessed 23 March 2016, eBook. D. Hamilton Hurd, ed., History of Middlesex County Massachusetts (Philadelphia: J.W. Lewis & Co., 1890), accessed 23 March 2016, eBook. Frederick William Coburn, History of Lowell and Its People (New York: Lewis Historica Publishing Company, 1920), accessed 23 March 2016, eBook. Pettengill’s Newspaper Directory and Advertiser’s Handbook for 1878 (New York: S.M. Pettengill & Co., 1878), accessed 22 March 2016, eBook. Richard P. Howe Jr. and Chaim M. Rosenberg, Legendary Locals of Lowell Massachusetts (Charleston, South Carolina: Legendary Locals, 2013), accessed 23 March 2016, eBook.",LowellDailyCitizenAndNews1857,newspaper-article,"C. J. W. Russell,","""A California Crusoe,""","6,",no. 296,13,April,1857,1857-04-13,,"Lowell, Massachusetts",
152,Lowell (MA) Daily Citizen and News,"The Lowell Daily Citizen and News (1856-94) was a daily newspaper founded by Leonard Brown and George F. Murray, out of Lowell, Massachusetts. It was a consolidation of three different papers: the Daily Morning Paper, the American Citizen and the Daily Citizen. Chauncey Knapp became the editor in 1859, and the paper continued under him through the 1880s. A staunch anti-slavery supporter, he brought the paper to a circulation of 1,000 daily in 1878. Lowell was a prominent industrial center during this time.","""About Lowell daily citizen. (Lowell, Mass.) 1876-1894,"" Chronicling America, accessed 22 March 2016. Charles Cowley, Illustrated History of Lowell (Boston: Lee & Shepard, 1868), accessed 23 March 2016, eBook. D. Hamilton Hurd, ed., History of Middlesex County Massachusetts (Philadelphia: J.W. Lewis & Co., 1890), accessed 23 March 2016, eBook. Frederick William Coburn, History of Lowell and Its People (New York: Lewis Historica Publishing Company, 1920), accessed 23 March 2016, eBook. Pettengill’s Newspaper Directory and Advertiser’s Handbook for 1878 (New York: S.M. Pettengill & Co., 1878), accessed 22 March 2016, eBook. Richard P. Howe Jr. and Chaim M. Rosenberg, Legendary Locals of Lowell Massachusetts (Charleston, South Carolina: Legendary Locals, 2013), accessed 23 March 2016, eBook.",LowellDailyCitizen1879,newspaper-article,,"""A Female Crusoe--A Strange Tale From the Pacific Ocean.""","29,","7,098",21,March,1879,1879-03-21,,"Lowell, Massachusetts",
153,Madison County (NY) Times,"The Madison County Times (1869-1975) was a weekly Democratic newspaper founded by Arthur White out of Chittenango, New York. In 1883, Luke McHenry took over the paper’s operations. The Madison County Times had a weekly circulation of 800 in 1885, when Chittenango had a population of 1,200 and the county a population of 44,112. The town had both grist and cotton mills.","""About Madison County times. (Chittenango, N.Y.) 1869-1975,"" Chronicling America, accessed June 12, 2016. Edgar L. Murlin, New York Red Book (Albany, NY: J.B. Lyon, 1911), accessed June 12, 2016, eBook. James Hadden Smith, History of Chenango and Madison Counties, New York (Syracuse, NY: D. Mason, 1880), accessed June 12, 2016, eBook. John E. Smith, ed., History of Sullivan, NYN.W. Ayer & Son’s American Newspaper Annual (Philadelphia: N.W. Ayer & Son, 1885), accessed June 12, 2016, eBook. (n.p.: Boston History Company, 1899), accessed June 12, 2016, eBook.",MadisonCountyTimes1885,newspaper-article,,"""Crusoe in Petticoats. A Woman Who was Eighteen Years on a Desert Island.""","15,",48,26,June,1885,1885-06-26,,"Chittenango, New York",
286,General AdvertiserMaitland (AUS) Mercury and Hunter River General Advertiser,"The Maitland Mercury and Hunter River General Advertiser (1843-present) is a newspaper (originally a weekly) founded by Richard Jones and Thomas William Tucker out of Maitland, New South Wales, Australia. The partnership between Tucker and Jones dissolved soon after the paper’s founding, but Tucker continued to run the Mercury independently. By 1893, the Hunter General Advertiser portion of the name had been dropped. The paper was successful because of its broad coverage spannin local, national, and international news. Maitland, located on the Hunter River in the Hunter Valley region of New South Wales, was a center of mining and industry in the last half of the nineteenth century, and is also known for the Maitland Gaol, which was the longest running gaol in Australia from 1844-1998.","""History,"" Maitland Gaol, accessed September 25, 2016, http://www.maitlandgaol.com.au/history. ""Hunter Valley,"" State Library New South Wales, New South Wales Government, accessed September 25, 2016, http://www.sl.nsw.gov.au/stories/hunter-valley/country-life. ""Maitland,"" Sydney Morning Herald, February 8, 2004, accessed September 25, 2016, http://www.smh.com.au/news/New-South-Wales/Maitland/2005/02/17/1108500197615.html. Oswald Ziegler, Maitland: 1863-1963 (Maitland, New South Wales: author, 1963), accessed September 25, 2016, eBook.",TheMaitlandMercury1879,newspaper-article,,"""A Lonely Life,""","36,",no. 4843,22,May,1879,1879-05-22,,"Maitland, New South Wales",
154,Malvern (IA) Leader,"The Malvern Leader (1877-current) is a newspaper that was founded by H. G. Rising out of Malvern, Iowa. In 1880, it combined with the Mills County Republican becoming the Malvern Republican Leader until 1883, when new owners, S. C. Hunter and E. B. Brown reverted back to the titile of the Leader. Malvern, which is in southwestern Iowan,  had a population of 1,003 in 1890 and was mainly agricultural.","""About Malvern,"" Malver, Iowa, accessed June 26, 2016. ""About Malvern Republican leader. (Malvern, Mills County, Iowa) 1880-1883,"" Chronicling America, accessed June 26, 2016. John D. Paddock, A Brief History of Malvern (Malvern, IA: Malvern Leader, 1917), accessed June 26, 2016, eBook. U.S. Census Bureau, ""1890 Census,"" accessed June 26, 2016, PDF.",TheMalvernLeader1893,newspaper-article,,"""A Female Crusoe.""","19,",3,21,September,1893,1893-09-21,,"Malvern, Iowa",
336,"Maryborouogh (AUS) Chronicle, Wide Bay and Burnett Advertiser","The Maryborough Chronicle, Wide Bay and Burnett Advertiser (1860-current) is a newspaper that was founded by Charles Buzacott out of Maryborough, Queensland, Australia. It was originally a weekly, but switched to a daily in 1882. In the 1890s, Maryborough was known as a trade hub for its sugar cane and timber production.","""About Us,"" Fraser Coast Chronicle, accessed November 5, 2016, http://www.frasercoastchronicle.com.au/aboutus/. ""Maryborough-History and Culture,"" Our Fraser Coast, accessed November 5, 2016, http://www.ourfrasercoast.com.au/history-and-culture2.",MaryboroughChronicle1897,newspaper-article,,"""The Islands of Mystery. Remains of a Giant Race,""",,no. 7608,25,March,1897,1897-03-25,,"Maryborough, Queensland, Australia",
155,Masterkey,"The Masterkey for Indian Lore and History (1956-83) was a quarterly journal published by the Southwest Museum in Los Angeles, California. It printed articles about American Indians.","""The Masterkey for Indian Lore and History,"" Journal Database, accessed November 6, 2016, http://www.journal-data.com/journal/the-masterkey-for-indian-lore-and-history.html.",Hudson1978_52(1),journal-article,"Hudson, D. Travis.","""Some J.P. Harrington Notes on the ""Lone Woman"" of San Nicolas.""","52,",1,,,1978,1978-01-01,,,
155,Masterkey,"The Masterkey for Indian Lore and History (1956-83) was a quarterly journal published by the Southwest Museum in Los Angeles, California. It printed articles about American Indians.","""The Masterkey for Indian Lore and History,"" Journal Database, accessed November 6, 2016, http://www.journal-data.com/journal/the-masterkey-for-indian-lore-and-history.html.",Hudson1978_52(4),journal-article,"Hudson, D. Travis.","""An Additional Harrington Note on the ""Lone Woman"" of San Nicolas.""","52,",4,,,1978,1978-01-01,,,
155,Masterkey,"The Masterkey for Indian Lore and History (1956-83) was a quarterly journal published by the Southwest Museum in Los Angeles, California. It printed articles about American Indians.","""The Masterkey for Indian Lore and History,"" Journal Database, accessed November 6, 2016, http://www.journal-data.com/journal/the-masterkey-for-indian-lore-and-history.html.",Hudson1980,journal-article,"Hudson, D. Travis.","""Additional Harrington Notes on the ""Lone Woman.""","54,",3,,,1980,1980-01-01,,,
231,Wilmington (NC) Semi-Weekly Messenger,"The Messenger (1887-1908) was a newspaper founded by Julius A. Bonitz out of Wilmington, North Carolina; it had weekly, semi-weekly, and daily editions. Thomas Clawson was the editor of the Semi-Weekly Messenger in 1898, and he is responsible for playing an essential role in provoking the race riot that occurred in Wilmington in that year, as he printed pro-lynching and white supremacist articles. Wilmington, in southeast North Carolina, had a population of 20,976 in 1900.","""About The semi-weekly messenger. Volume : (Wilmington, N.C.) 1897-1908,"" Chronicling America, accessed July 11, 2016. James Sprunt, Chronicles of the Cape Fear River (Raleigh, NC: Edwards and Broughton, 1898), accessed July 11, 2016, eBook. Timothy B. Tyson, ""The Ghosts of 1898,"" News Observer, 2006, accessed July 11, 2016, PDF. U.S. Census Bureau, ""1900 Census,"" accessed July 11, 2016, PDF.",Gassaway1905_TSWM,newspaper-article,"Gassaway, Frank.","""Story of a Woman Crusoe.""","38,",56,14,July,1905,1905-07-14,,"Wilmington, North Carolina",
285,Rockhampton (AUS) Capricornian,"The Morning Bulletin (1861-current) is a daily newspaper founded by William Hitchcock Buzacott out of Rockhampton, Queensland, Australia. It had a weekly edition, the Capricornian, from 1875-1929, which was run by Charles Hardie Buzacott, William’s brother, who also helped edit the Bulletin. Rockhampton, located on the Fitzroy River, was known for its gold mining and beef industry in the nineteenth century, both of which remain prominent in the region today.","""About Us,"" The Morning Bulletin, Australian Regional Media, accessed September 25, 2016,http://www.themorningbulletin.com.au/aboutus/. Clem Lack, ""Buzacott, Charles Hardie (1835-1918),"" Australian Dictionary of Biography, National Centre of Biography, Australian National University, 1969, accessed September 25, 2016, http://adb.anu.edu.au/biography/buzacott-charles-hardie-3133. Fred Johns, ""Buzacott, Charles Hardie,"" Johns’s Notable Australians and Who’s Who in Australia (Adelaide, Australia: author, 1908), accessed September 25, 016, eBook. Lorna McDonald, ""An Overview of Rockhampton’s History,"" CQUniversity Australia, 2003, accessed September 25, 2016, PDF. Lorna McDonald, Rockhampton: History of City and District (St. Lucia, Queensland: Univeristy of Queensland Press, 1981), accessed September 25, 2016, eBook. ""Rockhampton-Enjoy a Real Break in Rockhampton,"" Coastline, Tourism Queensland, accessed Septmeber 25, 2016, http://www.coastlinenews.com.au/index.php?option=com_content&view=article&id=23&Itemid=29.",TheCapricornian1879,newspaper-article,,"""A Female Crusoe,""","5,",no. 21,24,May,1879,1879-05-24,,"Rockhampton, Queensland",
287,Rockhampton (AUS) Morning Bulletin,"The Morning Bulletin (1861-current) is a daily newspaper founded by William Hitchcock Buzacott out of Rockhampton, Queensland, Australia. It had a weekly edition, the Capricornian, from 1875-1929, which was run by Charles Hardie Buzacott, William’s brother, who also helped edit the Bulletin. Rockhampton, located on the Fitzroy River, was known for its gold mining and beef industry in the nineteenth century, both of which remain prominent in the region today.","""About Us,"" The Morning Bulletin, Australian Regional Media, accessed September 25, 2016,http://www.themorningbulletin.com.au/aboutus/. Clem Lack, ""Buzacott, Charles Hardie (1835-1918),"" Australian Dictionary of Biography, National Centre of Biography, Australian National University, 1969, accessed September 25, 2016, http://adb.anu.edu.au/biography/buzacott-charles-hardie-3133. Fred Johns, ""Buzacott, Charles Hardie,"" Johns’s Notable Australians and Who’s Who in Australia (Adelaide, Australia: author, 1908), accessed September 25, 016, eBook. Lorna McDonald, ""An Overview of Rockhampton’s History,"" CQUniversity Australia, 2003, accessed September 25, 2016, PDF. Lorna McDonald, Rockhampton: History of City and District (St. Lucia, Queensland: Univeristy of Queensland Press, 1981), accessed September 25, 2016, eBook. ""Rockhampton-Enjoy a Real Break in Rockhampton,"" Coastline, Tourism Queensland, accessed Septmeber 25, 2016, http://www.coastlinenews.com.au/index.php?option=com_content&view=article&id=23&Itemid=29.",TheMorningBulletin1879,newspaper-article,,"""A Female Crusoe,""","23,",no 3459,19,May,1879,1879-05-19,,"Rockhampton, Queensland",
287,Rockhampton (AUS) Morning Bulletin,"The Morning Bulletin (1861-current) is a daily newspaper founded by William Hitchcock Buzacott out of Rockhampton, Queensland, Australia. It had a weekly edition, the Capricornian, from 1875-1929, which was run by Charles Hardie Buzacott, William’s brother, who also helped edit the Bulletin. Rockhampton, located on the Fitzroy River, was known for its gold mining and beef industry in the nineteenth century, both of which remain prominent in the region today.","""About Us,"" The Morning Bulletin, Australian Regional Media, accessed September 25, 2016,http://www.themorningbulletin.com.au/aboutus/. Clem Lack, ""Buzacott, Charles Hardie (1835-1918),"" Australian Dictionary of Biography, National Centre of Biography, Australian National University, 1969, accessed September 25, 2016, http://adb.anu.edu.au/biography/buzacott-charles-hardie-3133. Fred Johns, ""Buzacott, Charles Hardie,"" Johns’s Notable Australians and Who’s Who in Australia (Adelaide, Australia: author, 1908), accessed September 25, 016, eBook. Lorna McDonald, ""An Overview of Rockhampton’s History,"" CQUniversity Australia, 2003, accessed September 25, 2016, PDF. Lorna McDonald, Rockhampton: History of City and District (St. Lucia, Queensland: Univeristy of Queensland Press, 1981), accessed September 25, 2016, eBook. ""Rockhampton-Enjoy a Real Break in Rockhampton,"" Coastline, Tourism Queensland, accessed Septmeber 25, 2016, http://www.coastlinenews.com.au/index.php?option=com_content&view=article&id=23&Itemid=29.",TheMorningBulletin1897,newspaper-article,,"""The Islands of Mystery. Remains of a Giant Race,""","60,",10199,16,February,1897,1897-02-16,,"Rockhampton, Queensland",
158,Santa Barbara (CA) Morning Press,"The Morning Press (1863-1937) was a daily Republican newspaper founded by Reverend J. A. Johnson out of Santa Barbara, California; it was originally called the Post, but Johnson changed the name to the Press in 1869. John T. Johnston and George Knepper took over the paper in 1892. The Morning Press had a circulation of 1,080 in 1893. Santa Barbara was suffering from the financial Panic of 1893 and anxiously waiting for the railroad to connect them to San Francisco, which would eventually increas tourism and lead to population growth. This did not happen until 1901.","""About The morning press,"" Chronicling America, accessed June 22, 2016. ""In 1952, the Founding Date Moved from 1863 to 1855,"" Snug Spouts, August 1, 2006, accessed June 22, 2016. John Reginald Southworth, Santa Barbara and Montecito: Past and Present (Santa Barbara, CA: Oreña Studios, 1920), accessed June 22, 2016, eBook. Robert R. Remington and Edward P. Remington, Remington Brothers’ Newspaper Manual (Pittsburgh: Percy F. Smith, 1893), accessed June 22, 2016, eBook.",TheMorningPress1892,newspaper-article,,"""The Lost Woman. The S. F. 'Examiner' Gives a Version of Her Rescue.""","30,",80,1,March,1892,1892-03-01,,"Santa Barbara, California",
159,Altoona (PA) Morning Tribune,"The Morning Tribune (1873-1913) was a daily newspaper founded by Henry C. Dern and E. B. McCrum out of Altoona, Pennsylvania. Dr. Hugh Pitcairn replaced McCrum in 1876. Dern and Pitcairn remained in charge of the paper until Dern’s death in 1899. It is unclear who took over the paper after this point. In 1911, the Tribune had a circulation of 7,500. Altoona is located in central Pennsylvania, and most of its industries revolved around the railroad, such as manufacturing engines and cars.","""About Morning tribune. (Altoona, Pa.) 1873-1913,"" Chronicling America, accessed June 26, 2016. Charles B. Clark, A History of Blair County, Pennsylvania (Altoona, PA: author, 1896), accessed June 26, 2016, eBook. Edward P. Remington, Annual Newspaper Directory (New York: Edward P. Remington Newspaper Advertising, 1911), accessed June 26, 2016, eBook.""Henry C. Dern,"" Morning Tribune, September 9, 1903, accessed June 26, 2016.",MorningTribune1896,newspaper-article,,"""The Channel Islands. An Expediation Now Making a Thorough Explanation of Them. The Mystery Of The Group. Lost Woman of San Nicolas the Last of Her Race--Skeletons of Giants Where History Is as Yet Unknown. The Golgotha In The Pacific.""","22,",178,7,October,1896,1896-10-07,,"Altoona, Pennsylvania",
159,Altoona (PA) Morning Tribune,"The Morning Tribune (1873-1913) was a daily newspaper founded by Henry C. Dern and E. B. McCrum out of Altoona, Pennsylvania. Dr. Hugh Pitcairn replaced McCrum in 1876. Dern and Pitcairn remained in charge of the paper until Dern’s death in 1899. It is unclear who took over the paper after this point. In 1911, the Tribune had a circulation of 7,500. Altoona is located in central Pennsylvania, and most of its industries revolved around the railroad, such as manufacturing engines and cars.","""About Morning tribune. (Altoona, Pa.) 1873-1913,"" Chronicling America, accessed June 26, 2016. Charles B. Clark, A History of Blair County, Pennsylvania (Altoona, PA: author, 1896), accessed June 26, 2016, eBook. Edward P. Remington, Annual Newspaper Directory (New York: Edward P. Remington Newspaper Advertising, 1911), accessed June 26, 2016, eBook.""Henry C. Dern,"" Morning Tribune, September 9, 1903, accessed June 26, 2016.",MorningTribune1913,newspaper-article,,"""An Island Mystery.""",,,2,Jan,1913,1913-01-02,,"Altoona, Pennsylvania",
161,Mount Carmel (PA) Item,"The Mount Carmel Item (1902-68) was a daily newspaper founded by William Penn Kemble out of Mount Carmel, Pennsylvania. Kemble remained in charge of the Item through the early 1920s. Mount Carmel (pop. 17,469 in 1920) was known for its coal mining. The Item was merged with the News in 1968 to form the News-Item.","""About The item. (Mount Carmel, Pa.) 1967-1968,"" Chronicling America, accessed July 24, 2016. ""Newspapers of Mount Carmel,"" Coal Region Notebook, accessed July 24, 2016. Reports of Officers to Sity-sixth Session of the International Typographic Union (Indianapolis, IN: Hollenbeck, 1922), accessed July 25, 2016, eBook. Suzie Nestico, ""Coal Cracker?,"" Coal Cracker Classroom, accessed July 24, 2016. U.S. Census Bureau, ""1920 Census,"" accessed July 24, 2016, PDF.",MountCarmelItem1921,newspaper-article,,"""Alone For Eighteen Years. Indian Woman, Abandoned on Desert Island, Finally Found by Party of Otter Hunters.""","33,",209,7,July,1921,1921-07-07,,"Mount Carmel, Pennsylvania",
206,Mount Kisco (NY) Recorder,"The Mount Kisco Recorder (1874-1940) was a weekly newspaper founded by William A. Miller out of Mount Kisco, New York. It was the combination of the Katonah Sentinel, Katonah Recorder, and Mount Kisco Courier. Frank Dromgoole took over the paper in 1882. Tile and brick manufacturing were the main industries in Kisco (pop. 1,095 in 1890) in the late nineteenth century.","""About Mount Kisco recorder. (Mt. Kisco, Westchester County, N.Y.) 1874-1940,"" Chronicling America, accessed June 17, 2016. E. Clarence Hyatt, History of Mount Kisco (n.p.: n.p., 1893), accessed June 17, 2016, eBook. J. Thomas Scarf, History of Westchester County, New York (Philadelphia: L. E. Preston, 1886), accessed June 17, 2016, eBook. N.W. Ayer & Son’s American Newspaper Annual (Philadelphia: N.W. Ayer & Son, 1885), accessed June 17, 2016, eBook. U.S. Census Bureau, ""1890 Census,"" accessed June 17, 2016, PDF.",TheRecorder1887,newspaper-article,,"""A Mountain Mystery. The Strange Apparition Seen by Two Veracious California Hunters.""","13,",44 (whole no. 665),11,February,1887,1887-02-11,,"Mount Kisco, New York",
174,New Hampshire Sentinel,"The New Hampshire Sentinel (1799-current) is a weekly newspaper founded by John Prentiss out of Keene, New Hampshire. Prentiss was 21 when he started the paper, which had just 70 subscribers at the onset. He accepted various forms of household goods as payment. The paper switched owners multiple times after Prentiss’ retirement in 1849 until his grandson William H. Prentiss purchased the paper in 1880. During its earliest years, the New Hampshire Sentinel was identified first as a Federalist, then as a Whig and Republican paper. The Sentinel had a circulation of 3,800 in 1878. Keene (pop. of 6,786 in 1880)  had prominent chair making and milling industries.","John Weeks Moore, Moore’s Historical, Biographical, and Miscellaneous Gatherings (Concord, NH: Republican Press, 1886), accessed June 13, 2016, eBook. Keene History Committee, ""Upper Ashuelot"" (Keene: City of Keene, N.H., 1968), accessed June 13, 2016, eBook. New England Historic Genealogical Society Staff, The New England Historical and Genealogical Register (n.p.: Heritage Books, 1995), accessed June 13, 2016, eBook. Pettengill’s Newspaper Directory (New York: S. M. Pettengill, 1878), accessed June 13, 2016, eBook. Simon Goodell Griffen, A History of the Town of Keene (Keene, NH: Sentinel, 1904), accessed June 13, 2016, eBook.",NewHampshireSentinel1885,newspaper-article,,"""A Feminine Crusoe.""","87,",23,10,June,1885,1885-06-10,,"Keene, New Hampshire",
168,New York Evening Express,"The New York Evening Express  (1836-81) was a Whig newspaper that was founded in 1836 by brothers James and Erastus Brooks. It was noted for its hotel lists (lists of guests staying in local hotels) and political news, and especially its impossibly fast election results. Once, the Express went so far as to hire a boat which it outfitted with a press so that by the time it travelled from the state capital in Albany, where the results were announced, to New York City, newspapers with the election returns were ready for sale. Circulation of penny press papers like the Express increased in New York City, during mid-century, reaching around one paper for every five citizens in 1850. The paper switched political alliances in the early 1850s from the Whig to the Know-Nothing Party, but switched again to a Democratic paper as the former party dissolved. After the brothers’ deaths, the paper was sold and merged with another paper in 1881, to become the Evening Mail and Express.","""About New York evening express. (New York, [N.Y.)] 1839-1881,"" Chronicling America, accessed February 9, 2016. Frank Luther Mott, American Journalism: A History of Newspapers in the United States Through 250 Years: 1690 to 1940 (New York: Macmillan, 1941), 290. Editors of the Encyclopedia Britannica, ""Know-Nothing party,"" Encyclopedia Britannica, accessed February 9, 2016. ""History of America Journalism Statistics,"" Shmoop, accessed February 9, 2016. George Ripley and Charles Anderson Dana. The New American Clyclopædia: A Popular Dictionary of General Knowledge, Volume 12 (New York: D. Appleton, 1869), accessed February 9, 2016, eBook. James Grant Wilson, The Memorial History of the City of New-York: From Its First Settlement to the Year 1892, Volume 4 (New York: New York History, 1893) February 9, 2016, eBook.",NewYorkEveningExpress1847,newspaper-article,,"""A Female Crusoe.""",,,8,January,1847,1847-01-08,,"New York, New York",
169,New York Herald,"The New York Herald (1835-1924) is a daily newspaper founded by James Gordon Bennett out of New York City. Bennett was a revolutionary in the newspaper business, as he founded one of the first penny papers, and changed the way local, foreign, and economic news were reported. His son of the same name took over in 1866, and was just as unconventional as his father. However, Bennett Jr. was much more frivolous with his spending, which eventually contributed to the paper failing. The paper commanded a circulation of around 150,000 in the 1870s, and reached its apex in 1885, with a circulation of 190,500.","Editors of the Encyclopedia Britannica, ""New York Herald,""  Encyclopedia Britannica,"" accessed March 27, 2016. Frank Luther Mott, American Journalism: A History of Newspapers in the United States Through 250 Years: 1690 to 1940 (New York: The Macmillan Company, 1941). Michael Schudson, Discovering the News, (New York: Basic Books, 1978), print.",NewYorkHerald1879,newspaper-article,,"""A Female Crusoe.""",,"15,516",14,February,1879,1879-02-14,,"New York, New York",
169,New York Herald,"The New York Herald (1835-1924) is a daily newspaper founded by James Gordon Bennett out of New York City. Bennett was a revolutionary in the newspaper business, as he founded one of the first penny papers, and changed the way local, foreign, and economic news were reported. His son of the same name took over in 1866, and was just as unconventional as his father. However, Bennett Jr. was much more frivolous with his spending, which eventually contributed to the paper failing. The paper commanded a circulation of around 150,000 in the 1870s, and reached its apex in 1885, with a circulation of 190,500.","Editors of the Encyclopedia Britannica, ""New York Herald,""  Encyclopedia Britannica,"" accessed March 27, 2016. Frank Luther Mott, American Journalism: A History of Newspapers in the United States Through 250 Years: 1690 to 1940 (New York: The Macmillan Company, 1941). Michael Schudson, Discovering the News, (New York: Basic Books, 1978), print.",Miller1891,newspaper-article,"Miller, Joaquin.","""Mrs. Robinson Crusoe of California. De Foe's Hero Outdone by an Heroic Indian Woman of Cunning Intelligence. Twenty-five years alone. Joaquin Miller's Quaint Sketch of the Lonely Denizen of an Island Off the Western Coast.""",,"116 (19,970?)",26,April,,1891-04-26,,"New York, New York",
169,New York Herald,"The New York Herald (1835-1924) is a daily newspaper founded by James Gordon Bennett out of New York City. Bennett was a revolutionary in the newspaper business, as he founded one of the first penny papers, and changed the way local, foreign, and economic news were reported. His son of the same name took over in 1866, and was just as unconventional as his father. However, Bennett Jr. was much more frivolous with his spending, which eventually contributed to the paper failing. The paper commanded a circulation of around 150,000 in the 1870s, and reached its apex in 1885, with a circulation of 190,500.","Editors of the Encyclopedia Britannica, ""New York Herald,""  Encyclopedia Britannica,"" accessed March 27, 2016. Frank Luther Mott, American Journalism: A History of Newspapers in the United States Through 250 Years: 1690 to 1940 (New York: The Macmillan Company, 1941). Michael Schudson, Discovering the News, (New York: Basic Books, 1978), print.",NewYorkHerald1896,newspaper-article,,"""Isles of Mystery. Mementos of a Dead Past and an Extinct Race in the Pacific. The Channel Islands. Thoroughly Explored at Last by Professor Charles Frederick Holden. San Nicolas' Lone Woman. Remains That Tell of an Interesting Tribe of Aesthetic Tastes.""",,"22,007",22,November,1896,1896-11-22,,"New York, New York",
171,New York Press,"The New York Press (1887-1916) was a daily newspaper out of New York City. Henry L. Einstein was the owner from 1895 until Frank Munsey bought the paper in 1912; Munsey wanted a morning daily to support Theodore Roosevelt in the 1912 election. Erwin Wardman was the editor in the late 1890s, and he is credited with first printing the phrase ""yellow journalism"" to describe the sensational news reporting of rival papers, the New York Journal and the New York World. Munsey folded the New York Press into the New York Sun in 1916.","Editors of Encyclopedia Britannica, ""New York Sun,"" Encyclopedia Britannica, accessed July 3, 2016. Kevin O’Keefe, A Thousand Deadlines (The Hauge, Netherlands: Martinus Nijhoff, 1972), accessed July 3, 2016, eBook. The Outlook, Volume CII (New York: Outlook, 1912), accessed July 3, 2016, eBook. W. Joseph Campbell, ""Yellow Journalism: A Sneer is Born,"" Media Myth Alert, accessed July 3, 2016.",TheNewYorkPress1901,newspaper-article,,"""To Explore the Strange Island of San Nicolas: An Expedition from the University of California Will Visit the Gruesome Land That is Spread Over with Skulls and Thighbones of a Lost Race.""","14,","5,065",13,October,1901,1901-10-13,,"New York, New York",
338,New York Recorder,"The New York Recorder (1891-96) was a daily newspaper out of New York City; George Turner was the original proprieter and Eliza Putnam Heaton was the editor of the women’s page, for which it was well known. In 1893, the Recorder became the first American newspaper to publish advertisements and comics in color; however other newspapers, followed soon after. The paper was folded into the New York Tribune in 1896.","Abigail Scott Duniway, ""‘Woman in Journalism’ – Circa February-October, 1897,"" The Collected Speeches of Abigail Scott Duniway (1834-1915), accessed January 9, 2017. ""About The Evening recorder. (New York, N.Y.) 1896-1896,"" Chronicling America, accessed January 9, 2017. Bill Lucey, ""162 Years Ago, The New York Times Began Publishing,""  NewspaperAlum, September 18, 2013, accessed January 9, 2017, http://www.newspaperalum.com/2013/09/162-years-ago-the-new-york-times-began-publishing.html. ""Some of George Turner’s Cold-Bloodedness,"" The Newsman, 8, no.11, November 1891, accessed January 9, 2016, eText.",NewYorkRecorder1893,newspaper-article,"[James M. Gibbons],","""A Feminine Crusoe. She Lived Seventeen Years Alone On San Nicolas Island. Rescued to Die the Sooner. A Strange Story of ""Juana Maria Better-Than-Nothing's"" Adventures on a Desert Island,""","6,",no. 960,8,October,1893,1893-10-08,,"New York, New York",
166,New York Times,"The New York Times (1851-present) was originally a daily Whig newspaper founded in New York City by Henry J. Raymond (editor), George Jones, and Edward B. Wesley. They saw an opening for a penny paper covering foreign and local news, but after a year had to raise the price to two cents to cover their expenses. The paper’s circulation was around 26,000 at the time of the increase, dipped after it, but soon recovered. As the Republican Party came into prominence in the mid 1850s, the paper switched allegiances. The paper kept up and improved its circulation through the 1870s, but started on a hard and fast decline after, until Adolph Ochs took over the paper in 1893. The paper at this time had a circulation of 9,000 and was losing money, but Ochs brought it out of its slump, steadily increasing circulation through the next 25 years of his management.","Frank Luther Mott, American Journalism: A History of Newspapers in the United States Through 250 Years: 1690 to 1940 (New York: Macmillan, 1941), 278-81, 428-29, 549-51.",Goliah1853_NYDT,newspaper-article,Goliah.,"""A Female Robinson Crusoe.""","3,",659,28,October,1853,1853-10-28,,"New York, New York",
172,New York Times,"The New York Times (1851-present) was originally a daily Whig newspaper founded in New York City by Henry J. Raymond (editor), George Jones, and Edward B. Wesley. They saw an opening for a penny paper covering foreign and local news, but after a year had to raise the price to two cents to cover their expenses. The paper’s circulation was around 26,000 at the time of the increase, dipped after it, but soon recovered. As the Republican Party came into prominence in the mid 1850s, the paper switched allegiances. The paper kept up and improved its circulation through the 1870s, but started on a hard and fast decline after, until Adolph Ochs took over the paper in 1893. The paper at this time had a circulation of 9,000 and was losing money, but Ochs brought it out of its slump, steadily increasing circulation through the next 25 years of his management.","Frank Luther Mott, American Journalism: A History of Newspapers in the United States Through 250 Years: 1690 to 1940 (New York: Macmillan, 1941), 278-81, 428-29, 549-51.",NewYorkTimes1879,newspaper-article,,No title.,,,3,March,1879,1879-03-03,,"New York, New York",
172,New York Times,"The New York Times (1851-present) was originally a daily Whig newspaper founded in New York City by Henry J. Raymond (editor), George Jones, and Edward B. Wesley. They saw an opening for a penny paper covering foreign and local news, but after a year had to raise the price to two cents to cover their expenses. The paper’s circulation was around 26,000 at the time of the increase, dipped after it, but soon recovered. As the Republican Party came into prominence in the mid 1850s, the paper switched allegiances. The paper kept up and improved its circulation through the 1870s, but started on a hard and fast decline after, until Adolph Ochs took over the paper in 1893. The paper at this time had a circulation of 9,000 and was losing money, but Ochs brought it out of its slump, steadily increasing circulation through the next 25 years of his management.","Frank Luther Mott, American Journalism: A History of Newspapers in the United States Through 250 Years: 1690 to 1940 (New York: Macmillan, 1941), 278-81, 428-29, 549-51.",NewYorkTimes1895,newspaper-article,,"""On An Isle of Skulls Once the Home of a Vigorous Race of Indians. Filled with Scientific Treasures The Last Survivor on the Channel Islands, Off the California Coast, Has Now Been Dead Over Forty Years.""",,,1,December,1895,1895-12-01,,"New York, New York",
173,New-Bedford (MA) Mercury,"The New-Bedford Mercury (1807-95), out of the whaling town of New Bedford, Massachusetts, was a weekly paper founded by Benjamin Lindsey. It remained under Lindsay until his son, also Benjamin Lindsay, took over in 1831. Lindsay, Jr. added a daily paper in addition to the weekly to increase circulation, which was successful. The Mercury had no competition during this time and kept current subscribers by informing them of all the comings and goings of the ships in the area. Newly incorporated as a city in 1847, New Bedford was prosperous with a population of 16,000. Whaling was the main industry here, and brought great success economically. The paper originally had Federalist tendencies, but then, at various times, leaned toward the Whig and Republican parties.","""About New-Bedford Mercury. (New-Bedford, Mass.] 1807-1895,"" Chronicling America, accessed February 9, 2016. Augustus C. Rogers, United States Diplomatic and Consular Service, (New York: Atlantic, 1874), accessed February 9, 2016, eBook. Zeph W. Pease, History of New Bedford, Volume 3, (Lenox, MA: Hardpress Publishing, 2012), accessed February 9, 2016, eBook.",NewBedfordMercury1847,newspaper-article,,"""A Female Crusoe.""","40,","4 (whole no. 2,052)",15,January,1847,1847-01-15,,"Bedford, Massachusetts",
175,"Newbernian (New Bern, NC)","The Newbernian (1876-?) was a weekly Democratic newspaper founded by George A. Latham out of New Bern, North Carolina. The town was primarily agricultural at this time, although it was also known as a prominent seaport. Now it is renowned for being the birthplace of Pepsi-Cola (1898).","About The Newbernian. (Newbern, N.C.) 1876-18??"" , accessed March 29, 2016. George P. Rowell & Co.’s American Newspaper Directory (New York: George P. Rowell, 1880), accessed March 27, 2016, eBook. ""New Bern, North Carolina,"" North Carolina History, accessed March 27, 2016.",TheNewbernian1879,newspaper-article,,"""A Female Crusoe.""","7,",12,22,March,1879,1879-03-22,,"New Bern, North Carolina",
288,Newcastle (AUS) Morning Herald & Miners Advocate,"The Newcastle Morning Herald and Miners’ Advocate (1876-current) is a daily newspaper out of Newcastle, New South Wales, Australia. It was founded by James Fletcher (proprietor), John Miller Sweet (manager who had founded the Miners’ Advocate earlier in 1876), and Thomas Corrigan (editor). This liberal and independent paper published news important to miners in the area, and also shipping news involving the harbor, because these were the two main industries in the 1870s in Newcastle. In 1980, the Miners’ Advocate was dropped from the title.","""About Us,"" Newcastle Herald, Fairfax Media, accessed October 2, 2016, http://www.theherald.com.au/about-us/. ""An Historical Survey 1858-1966,"" Newcastle Morning Herald and Miners’ Advocate, on Hunter (Living) Histories-Coal River Working Party-University of Newcastle, Australia,February 23, 1966, accessed October 2, 2016, https://hunterlivinghistories.com/2012/06/06/an-historical-survey-1858-1966/.",NewcastleMorningHerald1879,newspaper-article,,"""A Female Crusoe,""","7,",no. 1549,7,June,1879,1879-06-07,,"Newcastle, New South Wales",
176,"Newfoundlander (St. John's, CAN)","The Newfoundlander (1827-1884) was a semi-weekly newspaper founded by John Shea, out of St. John’s, Newfoundland, Canada. The paper passed from Shea brother to Shea brother (John, William, Ambrose) until the youngest brother, Edward Dalton, acquired it in 1846. A politician, the paper followed his political interests from Liberal and Catholic views to crossing parties to support the Confederacy movement. St. John’s was known throughout the nineteenth century for its prominence as a fishery hub.","Calvin D. Evans, ""Shea, William Richards,"" Dictionary of Canadian Biography (Toronto: University of Toronto Press, 1988), accessed March 28, 2016. James K. Hiller, ""Shea, Sir Edward Dalton,"" Dictionary of Canadian Biography, accessed March 28, 2016. Maxine Edwards, ""The Newfoundlander1831 to 1834, Miscellaneous News Articles,"" Newfoundland’s Grand Banks, accessed March 28, 2016. Melvin Baker, ""St. John’s,"" Historica Canada, last updated March 12, 2015, accessed March 28, 2016. Pettengill’s Newspaper Directory and Advertisers’ Hand-book for 1878 (New York: S.M. Pettengill, 1878), accessed March 28, 2016, eBook.",TheNewfoundlander1879,newspaper-article,,"""A Female Robinson Crusoe.""","7,",625,23,May,1879,1879-05-23,,"St. John's, Newfoundland",
177,Littleton (NC) News Reporter,"The News Reporter (1896-19??) was a weekly newspaper out of Littleton, North Carolina; T. R. Walker was the editor, and M. E. Walker was the publisher. The News Reporter had a circulation of 700 in 1917. Littleton, in northeast North Carolina, had a population of 1,152 in 1910, and the area was known for agriculture and textiles.","""About The news reporter. (Littleton, N.C.) 1896-19??,"" Chronicling America, accessed July 30, 2016. American Newspaper Directory (New York: George P. Rowell, 1897), accessed July 3, 2016, eBook. N.W. Ayer & Son’s American Newspaper Annual (Philadelphia: N.W. Ayer & Son, 1917), accessed July 3, 2016, eBook. ""Parks and Recreation Master Plan,"" Warren County, accessed July 3, 2016, eBook. U.S. Census Bureau, ""1910 Census,"" accessed July 3, 2016, PDF.",MEDudley1901_TNR,newspaper-article,"Dudley, M. E.","""The Woman of San Nicolas Island. A Strange Story of the Pacific Coast.""","7,",5,22,November,1901,1901-11-22,,"Littleton, North Carolina",
178,Newtown (NY) Register,"The Newtown Register (1873-1935) was a weekly newspaper founded by Charles White out of Newtown, New York. Though independent in politics, the paper had Democratic tendencies, with a circulation of 1,500 in 1882. Newtown, now Elmhurst, in Queens, was transitioning in the 1880s from an agricultural community to a segregated, white suburb for commuters into New York City.","""About The Newtown register. (Newtown, L.I. [N.Y.]) 1873-1935,"" Chronicling America, accessed March 28, 2016. ""Newtown,"" History of Queens County (New York: W.W. Munsell & Co., 1882), accessed March 28, 2016. Pettengill’s Newspaper Directory and Advertisers’ Hand-book for 1878 (New York: S.M. Pettengill & Co., 1878), accessed March 28, 2016, eBook. Roger Sanjek, The Future of Us All: Race And Neighborhood Politics in New York City (Ithaca, N.Y.: Cornell University Press, 1998), accessed March 28, 2016, eBook.",TheNewtownRegister1879,newspaper-article,,"""A Female Crusoe.""","7,",21,22,May,1879,1879-05-22,,"Newtown, New York",
289,North Otago (NZL) Times,"The North Atago Times (1864-1932) was a weekly newspaper founded by Frank Pinkerton out of Oamaru, North Atago, on New Zealand’s South Island; it was originally called Oamaru Times and Waitaki. When William Jukes Stewardson bought the paper in 1870, he changed the name and also began publishing the paper daily. In the 1870s, Oamaru was expanding its ports and railroads to better facilitate shipping enterprises. The town was also known for its limestone production and limestone buildings. The Times ceased publication in 1932 as a recult of competition with the Oamaru Mail.","Malcolm McKinnon, ""Otago Places: Oamaru,"" Te Ara: Encyclopedia of New Zealand, New Zealand Government, May 8, 2009, accessed October 2, 2016. ""North Atago Times,"" Papers Past, National Library of New Zealand Te Puna Matauranga o Aotearoa, New Zealand Government, accessed October 2, 2016. ""Oamaru: Port in a Storm,"" Otago Daily Times, November 8, 2008, accessed October 2, 2016. W.H.S. Roberts, ""Oamaru in 1860,"" The History of Oamaru and North Otago, New Zealand, from 1853 to the End of 1889 (Oamaru, New Zealand: Andrew Fraser, 1890), accessed October 2, 2016, eBook.",NorthOtagoTimes1879,newspaper-article,,"""A Castaway,""","28,",no. 2217,9,June,1879,1879-06-09,,"Oamaru, New Zealand",
289,North Otago (NZL) Times,"The North Atago Times (1864-1932) was a weekly newspaper founded by Frank Pinkerton out of Oamaru, North Atago, on New Zealand’s South Island; it was originally called Oamaru Times and Waitaki. When William Jukes Stewardson bought the paper in 1870, he changed the name and also began publishing the paper daily. In the 1870s, Oamaru was expanding its ports and railroads to better facilitate shipping enterprises. The town was also known for its limestone production and limestone buildings. The Times ceased publication in 1932 as a recult of competition with the Oamaru Mail.","Malcolm McKinnon, ""Otago Places: Oamaru,"" Te Ara: Encyclopedia of New Zealand, New Zealand Government, May 8, 2009, accessed October 2, 2016. ""North Atago Times,"" Papers Past, National Library of New Zealand Te Puna Matauranga o Aotearoa, New Zealand Government, accessed October 2, 2016. ""Oamaru: Port in a Storm,"" Otago Daily Times, November 8, 2008, accessed October 2, 2016. W.H.S. Roberts, ""Oamaru in 1860,"" The History of Oamaru and North Otago, New Zealand, from 1853 to the End of 1889 (Oamaru, New Zealand: Andrew Fraser, 1890), accessed October 2, 2016, eBook.",NorthOtagoTimes1902,newspaper-article,,"""A Giant Race,""","25,",no. 979,26,April,1902,1902-04-26,,"Oamaru, New Zealand",
290,Clare (AUS) Northern Argus,"The Northern Argus (1869-current) is a daily newspaper founded by brothers-in-law Welsh Henry Hammond Tilbrook and English Alfred Clode out of Clare, South Australia, Australia. Soon after the paper’s founding, Clode left to found an English language paper in Japan, and Tilbrook’s brother, Alfred, took over his position. Today, Clare Valley is known for its wine and tourism.","""Heritage,"" Clare Valley, accessed October 2, 2016, http://www.clarevalley.com.au/explore/heritage/.  ""Northern Argus,"" SA Newspapers, South Australian Press, South Australian Government, accessed October 2, 2016, http://www.samemory.sa.gov.au/site/page.cfm?c=5055. R. J. Noye, ""Henry Hammond Tilbrook,"" Photohistory SA, 1998, accessed October 2, 2016, http://www.artgallery.sa.gov.au/noye/Tilbrook/Tilb_abt.htm. ""Wilton Hack,"" Oura Biographies, Nagasaki, accessed October 2, 2016, http://www.nfs.nias.ac.jp/index.html.",TheNorthernArgus1879,newspaper-article,,"""A Female Crusoe,""","40,",no. 816,13,June,1879,1879-06-13,,"Clare, South Australia",
180,Omaha (NE) Daily Herald,"The Omaha Daily Herald (1865-89) was a daily Democratic newspaper founded by George Miller out of Omaha, Nebraska. A town booster, Miller did most of the writing and editing himself, and the paper focused on local news. The Herald only had 53 subscribers at first, but by 1866, it commanded the largest circulation in the state. Omaha had a population of 30,518 in 1880 and boasted a wide variety of different manufacturing enterprises, including breweries and iron works.","David Hendee, ""Publisher George L. Miller Sought to ‘Astonish the World,’ Omaha.com, accessed April 17, 2016. Liz Lee, ed., ""City of Omaha,"" Douglas County, accessed April 17, 2016. U.S. Census Bureau, ""1880 Census,"" accessed April 17, 2016, PDF.",Hardacre1881_ODH16(92),newspaper-article,"Hardacre, Emma.","""Eighteen Years Alone. A Tale of the Pacific.""","16,",92,25,January,1881,1881-01-25,,"Omaha, Nebraska",
180,Omaha (NE) Daily Herald,"The Omaha Daily Herald (1865-89) was a daily Democratic newspaper founded by George Miller out of Omaha, Nebraska. A town booster, Miller did most of the writing and editing himself, and the paper focused on local news. The Herald only had 53 subscribers at first, but by 1866, it commanded the largest circulation in the state. Omaha had a population of 30,518 in 1880 and boasted a wide variety of different manufacturing enterprises, including breweries and iron works.","David Hendee, ""Publisher George L. Miller Sought to ‘Astonish the World,’ Omaha.com, accessed April 17, 2016. Liz Lee, ed., ""City of Omaha,"" Douglas County, accessed April 17, 2016. U.S. Census Bureau, ""1880 Census,"" accessed April 17, 2016, PDF.",Hardacre1881_ODH16(93),newspaper-article,"Hardacre, Emma.","""Eighteen Years Alone.""","16,",93,26,January,1881,1881-01-26,,"Omaha, Nebraska",
160,Omaha (NE) Morning World-Herald,"The Omaha World-Herald (1889-current) is a daily newspaper founded by Gilbert Hitchcock out of Omaha, Nebraska; it was founded when Hitchcock combined his Omaha Daily World (founded 1885) with the Omaha Herald. (founded 1865)  The Omaha World-Herald had no overt political affiliations, but displayed Democratic tendencies until Hitchcock’s death in 1934. Omaha (pop.102,555 in 1900) was known for its large stockyards.","David Hendree, ""Tenacious Hichcock was a Good Match for Rough-and-tumble Omaha,"" Omaha World-Herald, accessed June 26, 2016.""A Short History of the Development of Omaha, Nebreaka,"" Historic Omaha, accessed June 26, 2016. U.S. Census Bureau, ""1900 Census,"" accessed June 26, 2016, PDF.",MorningWorldHerald1896,newspaper-article,,"""San Nicolas' Last Woman. Feminine Robinson Crusoe Who Lived Alone More Than Seventeen Years. Deserted Island in the Pacific Long the Home of a Solitary Indian. History of the Removal of a Tribe and the Neglect of Its One Member.""","32,",53,22,November,1896,1896-11-22,,"Omaha, Nebraska",
157,Morning Oregonian (Portland),"The Oregonian (1850-current) is a daily newspaper founded by Thomas J. Dryer out of Portland, Oregon; it went under the name of the Morning Oregonian from 1861 to 1937. A weekly Sunday edition (the Sunday Oregonian) was published from 1881-1937. Harvey Scott was the editor of the Oregonian from 1865 to 1910. Portland was a trade hub for the Pacific Northwest in the 1890s and had a population of 90,426 in 1900.","""About Morning Oregonian. (Portland, Or.) 1861-1937,"" Chronicling America, accessed June 28, 2016. Joseph Gaston, Portland, Oregon (Chicago: S. J. Clarke, 1911), accessed June 28, 2016, eBook. Lee Nash, ""Harvey Scott (1838-1910),"" Oregon Encyclopedia, accessed June 28, 2016.  ""The Sunday Oregonian,"" Historic Oregon Newspapers, accessed Juy 4,, 2016. ""Thomas J. Dryer,"" Crafting the Oregon Constitution, accessed June 28, 2016. U.S. Census Bureau, ""1900 Census,"" accessed June 28, 2016, PDF.",MorningOregonian1897,newspaper-article,,"""Islands of Skulls In the Pacific Ocean that are Veritable Golgothas. Not Far From the Pacific Coast, and a Scientific Party Is Now Exploring Them.""","36,","11,797",23,July,1897,1897-07-23,,"Portland, Oregon",
249,Sunday Oregonian,"The Oregonian (1850-current) is a daily newspaper founded by Thomas J. Dryer out of Portland, Oregon; it went under the name of the Morning Oregonian from 1861 to 1937. A weekly Sunday edition (the Sunday Oregonian) was published from 1881-1937. Harvey Scott was the editor of the Oregonian from 1865 to 1910. Portland was a trade hub for the Pacific Northwest in the 1890s and had a population of 90,426 in 1900.","""About Morning Oregonian. (Portland, Or.) 1861-1937,"" Chronicling America, accessed June 28, 2016. Joseph Gaston, Portland, Oregon (Chicago: S. J. Clarke, 1911), accessed June 28, 2016, eBook. Lee Nash, ""Harvey Scott (1838-1910),"" Oregon Encyclopedia, accessed June 28, 2016.  ""The Sunday Oregonian,"" Historic Oregon Newspapers, accessed Juy 4,, 2016. ""Thomas J. Dryer,"" Crafting the Oregon Constitution, accessed June 28, 2016. U.S. Census Bureau, ""1900 Census,"" accessed June 28, 2016, PDF.",Oregonian1901,newspaper-article,,"""To Explore the Strange Island of San Nicolas. An Expedition from the University of California Will Visit the Grewsome Land that is Spread Over With Skulls and Thighbones of a Lost Race.""","20,",42,20,October,1901,1901-10-20,,"Portland, Oregon",
181,Osage City (KS) Free Press,"The Osage City Free Press (1871-1933) was a weekly Republican newspaper founded by W. H. Morgan and A. B. Cooper out of Osage City, Kansas; it was originally called the Osage City Shaft. John P. Campbell bought the paper in 1875 and changed the name to the  Free Press. The paper had a circulation of 700 in 1881. Osage City was a large mining center at the time, with a population of 2,098 in 1880.","""About The Osage City free press. (Osage City, Kan.) 1913-1933,"" Chronicling America, accessed April 11, 2016. C.A. Cooke, C.A. Cooke and Co.’s United States Newspaper Directory Revised (Chicago: n.p., 1881), accessed April 11, 2016, eBook. U.S. Census Bureau, ""1880 Census,"" accessed April 11, 2016, PDF. William G. Cutler, ""Full History,"" History of the State of Kansas (Chicago: A.T. Andreas, 1883), accessed April 11, 2016, eBook.",TheOsageCityFreePress1880,newspaper-article,,"""A Female Crusoe.""","10th year,",295,4,November,1880,1880-11-04,,"Osage City, Kansas",
183,Oswego (NY) Times-Express,"The Oswego Times and Express (1882-87) was a daily Republican newspaper out of Oswego, New York; it was a combination of the Oswego Daily Times and the Oswego Morning Express. The paper had a circulation of 1,800 in 1884. Oswego, located in upstate New York, had a population of 21,116 in 1880, and coal, matches, and starch production were the primary industries.","""About Oswego times and express. (Oswego, [N.Y.) 1882-1887,"" Chronicling America, accessed June 26, 2016. Brian Bresnan, ""The Lumber Era (1840-1928–Port of Oswego, Ny,"" Oswego Historian, September 10, 2010, accessed June 26, 2016. Crisfield Johnson, History of Oswego County, New York, Part 1 (Philadelphia: H. Everts, 1877), accessed June 26, 2016, eBook. ""History of Oswego,"" Oswego Historian, accessed June 26, 2016. N.W. Ayer & Son’s American Newspaper Annual (Philadelphia: N.W. Ayer & Son, 1885), accessed June 26, 2016, eBook. U.S. Census Bureau, ""1880 Census,"" accessed June 26, 2016, PDF.",OswegoTimesExpress1885,newspaper-article,,"""A Feminine Crusoe. How She Lived Eighteen Years On a Desert Island. The Story of the Lost Woman of San Nicolas--Her Ingenuity and Fertility of Invention--A Wonderful History.""","42,",117,18,June,1885,1885-06-18,,"Oswego, New York",
292,Otago (NZL) Daily Times,"The Otago Daily Times (1861-current) is the longest running daily in New Zealand; it was founded by Julius Vogel, an Englishman out of Dunedin, on the South Island. Vogel had political ambition and hoped to use the newspaper to furtherhis reputation. Instead, he was ousted from the company in 1868 for expressing his political views since the paper had declared itself politically neutral. The Otago Daily Times had a circulation of 2,750 in the 1860s, when the South Island was experiencing a gold rush.","""The Otago Daily Times,"" Allied Press Limited, accessed October 2, 2016, https://www.alliedpress.co.nz/publications/otago-daily-times. Patrick Adam Day, ""The Start of the Daily Press in New Zealand,"" The Making of the New Zealand Press 1840-1880 (Wellington: Victoria University Press, 1990), accessed October 2, 2016, eBook.",TheOtagoDailyTimes1879,newspaper-article,,"""A Castaway,""",,no. 5393,2,June,1879,1879-06-02,,"Dunedin, New Zealand",
305,Otago (NZL) Witness,"The Otago Witness (1851-1932) was a weekly illustrated newspaper founded by a group of settlers out of Dunedin, New Zealand. It was originally known for its harsh morality, but simmered down after a few years. The Witness catered to a rural readership until the 1860s, when Otago experienced a gold rush. The city continued to grow after mining slowed with business in everything from drapes to clothing flourishing. Stock investment companies were also established in town. In 1882, the paper had a circulation of around 8,000.","Greg Ryan, ""Patterns of Diffusion,"" The Making of New Zealand Cricket (London: Frank Cass, 2005), accessed October 16, 2016, eBook. Malcom McKinnon, ""Otago Region: Business until 1920,"" Te Ara: Encyclopedia of New Zealand, New Zealand Government, last updated May 18, 2015, accessed October 16, 2016, http://www.teara.govt.nz/en/otago-region/page-9. ""Otago Witness,"" Papers Past, National Library of New Zealand Te Puna Matauranga o Aotearoa, New Zealand Government, accessed October 16, 2016. Patrick Adam Day, ""Otago,"" The Making of the New Zealand Press (Wellington, NZ: Victoria University Press, 1990), accessed October 16, 2016, eBook.",TheOtagoWitness1892,newspaper-article,,"""Alone on the 'Isle of Skulls,'""",,no. 2008,18,August,1892,1892-08-18,,"Dunedin, South Island, New Zealand",
305,Otago (NZL) Witness,"The Otago Witness (1851-1932) was a weekly illustrated newspaper founded by a group of settlers out of Dunedin, New Zealand. It was originally known for its harsh morality, but simmered down after a few years. The Witness catered to a rural readership until the 1860s, when Otago experienced a gold rush. The city continued to grow after mining slowed with business in everything from drapes to clothing flourishing. Stock investment companies were also established in town. In 1882, the paper had a circulation of around 8,000.","Greg Ryan, ""Patterns of Diffusion,"" The Making of New Zealand Cricket (London: Frank Cass, 2005), accessed October 16, 2016, eBook. Malcom McKinnon, ""Otago Region: Business until 1920,"" Te Ara: Encyclopedia of New Zealand, New Zealand Government, last updated May 18, 2015, accessed October 16, 2016, http://www.teara.govt.nz/en/otago-region/page-9. ""Otago Witness,"" Papers Past, National Library of New Zealand Te Puna Matauranga o Aotearoa, New Zealand Government, accessed October 16, 2016. Patrick Adam Day, ""Otago,"" The Making of the New Zealand Press (Wellington, NZ: Victoria University Press, 1990), accessed October 16, 2016, eBook.",Holder1899_TOW,newspaper-article,,"""Alone on the 'Isle of Skulls,'""",,no. 2008,18,August,1892,1892-08-18,,"Dunedin, South Island, New Zealand",
186,Oxnard (CA) Daily Courier,"The Oxnard Daily Courier (1898-1993) was a daily newspaper founded by Charles A. Whitmore and J. A. White out of Oxnard, California. Known for the production and manufacturing of sugar beets, Oxnard was growing throughout the 1920s from 4,417 in 1920 to 6,285 in 1930. In 1940, the Oxnard Daily Courier’s name was changed to the Oxnard Press-Courier.","""About Oxnard press-courier. (Oxnard, Calif.) 1940-1959,"" Chronicling America, accessed July 18, 2016. ""Economic Development (1898-1920), Oxnard Downtowners, 2014, accessed July 18, 2016. James Miller Guinn, Historical and Biographical Record of Southern California (Chicago: Chapman, 1902), accessed July 18, 2016, eBook. U.S. Census Bureau, ""1920 Census,"" accessed July 18, 2016, PDF. U.S. Census Bureau, ""1930 Census,"" accessed July 18, 2016, PDF.",TheOxnardDailyCourier1920,newspaper-article,,"""Will Explore Channel Islands For Relics of Ancient Race.""","14,",57,9,August,1920,1920-08-08,,"Oxnard, California",
186,Oxnard (CA) Daily Courier,"The Oxnard Daily Courier (1898-1993) was a daily newspaper founded by Charles A. Whitmore and J. A. White out of Oxnard, California. Known for the production and manufacturing of sugar beets, Oxnard was growing throughout the 1920s from 4,417 in 1920 to 6,285 in 1930. In 1940, the Oxnard Daily Courier’s name was changed to the Oxnard Press-Courier.","""About Oxnard press-courier. (Oxnard, Calif.) 1940-1959,"" Chronicling America, accessed July 18, 2016. ""Economic Development (1898-1920), Oxnard Downtowners, 2014, accessed July 18, 2016. James Miller Guinn, Historical and Biographical Record of Southern California (Chicago: Chapman, 1902), accessed July 18, 2016, eBook. U.S. Census Bureau, ""1920 Census,"" accessed July 18, 2016, PDF. U.S. Census Bureau, ""1930 Census,"" accessed July 18, 2016, PDF.",Sheridan1927_21(33),newspaper-article,"Sheridan, Edwin M.","""The Lost Woman of San Nicolas.""","21,",33,10,August,1927,1927-08-10,,"Oxnard, California",
186,Oxnard (CA) Daily Courier,"The Oxnard Daily Courier (1898-1993) was a daily newspaper founded by Charles A. Whitmore and J. A. White out of Oxnard, California. Known for the production and manufacturing of sugar beets, Oxnard was growing throughout the 1920s from 4,417 in 1920 to 6,285 in 1930. In 1940, the Oxnard Daily Courier’s name was changed to the Oxnard Press-Courier.","""About Oxnard press-courier. (Oxnard, Calif.) 1940-1959,"" Chronicling America, accessed July 18, 2016. ""Economic Development (1898-1920), Oxnard Downtowners, 2014, accessed July 18, 2016. James Miller Guinn, Historical and Biographical Record of Southern California (Chicago: Chapman, 1902), accessed July 18, 2016, eBook. U.S. Census Bureau, ""1920 Census,"" accessed July 18, 2016, PDF. U.S. Census Bureau, ""1930 Census,"" accessed July 18, 2016, PDF.",Sheridan1927_21(34),newspaper-article,"Sheridan, Edwin M.","""The Lost Woman of San Nicolas.""","21,",34,11,August,1927,1927-08-11,,"Oxnard, California",
186,Oxnard (CA) Daily Courier,"The Oxnard Daily Courier (1898-1993) was a daily newspaper founded by Charles A. Whitmore and J. A. White out of Oxnard, California. Known for the production and manufacturing of sugar beets, Oxnard was growing throughout the 1920s from 4,417 in 1920 to 6,285 in 1930. In 1940, the Oxnard Daily Courier’s name was changed to the Oxnard Press-Courier.","""About Oxnard press-courier. (Oxnard, Calif.) 1940-1959,"" Chronicling America, accessed July 18, 2016. ""Economic Development (1898-1920), Oxnard Downtowners, 2014, accessed July 18, 2016. James Miller Guinn, Historical and Biographical Record of Southern California (Chicago: Chapman, 1902), accessed July 18, 2016, eBook. U.S. Census Bureau, ""1920 Census,"" accessed July 18, 2016, PDF. U.S. Census Bureau, ""1930 Census,"" accessed July 18, 2016, PDF.",OxnardDailyCourier1928,newspaper-article,,"""D. A. R. Luncheon.""","21,",125,21,February,1928,1928-02-21,,"Oxnard, California",
187,Pacific Coast Archaeological Society Quarterly,"The Pacific Coast Archaeological Society Quarterly (1965-current) is a journal published by the Pacific Coast Archaeological Society out of Orange County, California. The original focus of the organization (founded in 1961) was on archaeological fieldwork as urbanization was starting to threaten research access to prehistoric sites. Later, the quarterly’s focus shifted to the history and prehistory of the area and its original inhabitants. The journal publishes the work of both professionals and lay people interested with in the field. Keith Dixon, Beth Padon, and Jane Rosenthal were the editors in 1992.","""Pacific Coast Archaeolocial Society Past Editors,"" Pacific Coast Archaeolocial Society, 40 no. 3/4 (2008): viii, accessed September 1, 2016, PDF. Stephen O’Neil, ""Pacific Coast Archaeolocial Society History,"" Pacific Coast Archaeolocial Society, 40 no. 3/4 (2008): viii, accessed September 1, 2016, PDF.",SchwartzMartz1992,journal-article,"Schwartz, Steven J. and Patricia Martz.","""An Overview of the Archaeology of San Nicolas Island, Southern California.""","28,",4,,Fall,1992,1992-09-01,,,
182,Oswego (NY) Palladium,"The Palladium (1819-1925) was a daily newspaper founded by John H. Lord and Dorpheous Abbey out of Oswego, New York; it was originially a weekly, but Beman Brockway switched the paper to a daily in 1849. Clark Morrison was the editor in the early 1920s, until the Palladium merged with the Times in 1925 to form the Palladium-Times (1925-current). Oswego, on Late Ontario, had a population of 23,626 in 1920.","""About Oswego palladium-times. (Oswego, N.Y.) 1925-1969,"" Chronicling America, accessed July 25, 2016. Edwin M. Watebury, ""The Rise of ‘The Fourth Estate’ in Oswego County,"" Oswego Historical Society 5 (1941): 19-98, print. U.S. Census Bureau, ""1920 Census,"" accessed July 24, 2016, PDF.",TheOswegoPalladium1921,newspaper-article,,"""Alone for Eighteen Years. Indian Woman, Abandoned on Desert Island, Finally Found by Party of Otter Hunters.""","58,",206,3,September,1921,1921-09-03,,"Oswego, New York",
190,Rockingham Pee Dee (NC) Bee,"The Pee Dee Bee (1873-1879) was a weekly independent newspaper founded by William F. Sandford out of Rockingham, North Carolina. It is named after the nearby Pee Dee River. The population of Rockingham in 1880 was 1,012, and textiles were the main economic force in the area.","""About The Pee Dee bee. (Rockingham, N.C.) 187?-1879,"" Chronicling America, accessed April 10, 2016. James E. and Ida C. Huneycutt, A History of Richmond County (Rockingham, NC: author, 1976), 156, 183, 351.Pettengill’s Newspaper Directory and Advertisers’ Hand-book for 1878 (New York: S.M. Pettengill, 1878), accessed 29 March 2016, eBook.",ThePeeDeeBee1879,newspaper-article,,"""A Female Crusoe.""","6,",14,5,April,1879,1879-04-05,,"Rockingham, North Carolina",
191,Salem (NC) People's Press,"The People’s Press (1851-92) was founded by brothers Levi and Edward Blum out of Salem, North Carolina. It was a Whig paper that rivaled fiercely with the Democratic Western Sentinel. During the 1850s, mill manufacturing was the main industry.","""Civil War 150,"" North Carolina Room–Forsyth County Public Library, updated June 5, 2011, accessed March 7, 2016. Michael Shirley, From Congregation Town to Industrial City (New York: New York University Press, 1994), accessed March 7, 2016.",ThePeoplesPress1853,newspaper-article,,"""A Female Crusoe.""","3,",40,19,November,1853,1853-11-19,,"Salem, North Carolina",
192,Perry (IA) Daily Chief,"The Perry Chief (1894-current) is a daily newspaper out of Perry, Iowa; it was originally a weekly, but when brothers Robert and Allen Harvey bought the paper in 1894, they turned it into a daily. The siblings continued to control the paper through the early 1900s, with Allen running the editorial side, and Robert providing financing through his career as a circus manager. Agriculture was the main industry for Perry (pop. 4,630 in 1910) at the beginning of the twentieth century.","""About The Perry chief. (Perry, Iowa) 1983-current,"" Chronicling America, accessed July 12, 2016. Julius Cahn’s Official Theatrical Guide 14 (1909):429, accessed July 12, 2016, eBook. ""Necrology of Notable Iowans,"" Annals of Iowa 35 no. 3 (1960): 238, accessed July 12, 2016, PDF. U.S. Census Bureau, ""1910 Census,"" accessed July 12, 2016, PDF. ""William C. Page and Joanna R. Page, ""National Register of Historic Places Multiple Property Documentation Form: Downtown Perry, Iowa,"" United States Department of the Interior National Park Service, April 30, 1998, accessed July 12, 2016, PDF.",ThePerryDailyChief1906,newspaper-article,,"""A Woman Crusoe.""",,,24,April,1906,1906-04-24,,"Perry, Iowa",
193,San Jose (CA) Pioneer,"The Pioneer (1877-98) was a weekly newspaper founded by Alex P. Murgotten out of San Jose, California. Murgotten was a member of the Pioneer Society of Santa Clara County, which had called for each pioneer member to share his pioneer story. Murgotten thought that the newspaper would be an efficient way  to do this while also providing a means to communicate other information relevant to the Pioneers, such as local county news. The paper had a circulation of fewer than 1,000 in 1880. San Jose was primarily agricultural at this time.","""About The Pioneer. (San Jose, Calif.) 1877-1898,"" Chronicling America, accessed March 28, 2016. George P. Rowell’s American Newspaper Directory (New York: George P. Rowell, 1880), accessed March 28, 2016, eBook. J.P. Munro-Fraser, History of Santa Clara County, California (San Francisco: Alley, Bowen, 1881), accessed March 28, 2016, eBook. ""San Jose’s History,"" San Jose, accessed March 28, 2016. Transactions of the Third Annual Reunion of the Oregon Pioneer Association (Salem, Ore.: E.M. Waite, 1876), accessed March 28, 2016, eBook.",ThePioneer1879,newspaper-article,,"""Left Alone on a Dreary Desert Island for Eighteen Years, California's Feminine Crusoe.""","3,",7,15,February,1879,1879-02-15,Alex P. Murgotten,"San Jose, California",
194,The Pittsburg Press,"The Pittsburg Press (1887-1992) was a daily newspaper founded by Thomas Johnston Keenan Jr. out of Pittsburgh, Pennsylvania. The newspaper referred to itself and the city of Pittsburgh without the ""h"" until 1927. John S. Ritenour was the first editor of the Press, which was sold to Oliver S. Hershman in 1901. Both Keenan and Hershman were major sports fans, and the paper reflected this interest with large spreads on baseball, cycling, and boxing. Pittsburgh (pop. 321,616 in 1900) was an industrial city during the early twentieth century, and was especially known for its steel. The  Press was combined with the Pittsburgh Post-Gazette in 1992, and an online version was created in 2011.","""About The Pittsburg press. (Pittsburg, Pa.) 1887-1992),"" Chronicling America, accessed July 5, 2016. Brook Hays, ""25 Things You Should Know About Pittsburgh,"" Mental Floss, April 7, 2016, accessed July 5, 2016. Clarke M. Thomas, Front-Page Pittsburgh: Two Hundred Years of the Post-Gazette (Pittsburgh: University of Pittsburgh, 2011), accessed July 5, 2016, eBook. John William Leonard and Albert Nelson Marquis, eds., Who’s Who in America (Chicago: A. N. Marquis, 1905), accessed July 5, 2016, eBook. ""Pittsburgh Press,"" Info-List, accessed July 5, 2016. Rich Gigler, ""Did We Ever Have a Century!"" Pittsburgh Post-Gazette, June 24, 1984, accessed July 5, 2016. U.S. Census Bureau, ""1900 Census,"" accessed July 5, 2016, PDF.",ThePittsburgPress1901,newspaper-article,,"""Relics of a Vanished Race: Found On a Lonely Island of Califnoria.""","21,",39,9,Febraruy,1904,1904-02-09,,"Pittsburg, Pennsylvania",
194,The Pittsburg Press,"The Pittsburg Press (1887-1992) was a daily newspaper founded by Thomas Johnston Keenan Jr. out of Pittsburgh, Pennsylvania. The newspaper referred to itself and the city of Pittsburgh without the ""h"" until 1927. John S. Ritenour was the first editor of the Press, which was sold to Oliver S. Hershman in 1901. Both Keenan and Hershman were major sports fans, and the paper reflected this interest with large spreads on baseball, cycling, and boxing. Pittsburgh (pop. 321,616 in 1900) was an industrial city during the early twentieth century, and was especially known for its steel. The  Press was combined with the Pittsburgh Post-Gazette in 1992, and an online version was created in 2011.","""About The Pittsburg press. (Pittsburg, Pa.) 1887-1992),"" Chronicling America, accessed July 5, 2016. Brook Hays, ""25 Things You Should Know About Pittsburgh,"" Mental Floss, April 7, 2016, accessed July 5, 2016. Clarke M. Thomas, Front-Page Pittsburgh: Two Hundred Years of the Post-Gazette (Pittsburgh: University of Pittsburgh, 2011), accessed July 5, 2016, eBook. John William Leonard and Albert Nelson Marquis, eds., Who’s Who in America (Chicago: A. N. Marquis, 1905), accessed July 5, 2016, eBook. ""Pittsburgh Press,"" Info-List, accessed July 5, 2016. Rich Gigler, ""Did We Ever Have a Century!"" Pittsburgh Post-Gazette, June 24, 1984, accessed July 5, 2016. U.S. Census Bureau, ""1900 Census,"" accessed July 5, 2016, PDF.",ThePittsburgPress1904,newspaper-article,,"""Relics of a Vanished Race: Found On a Lonely Island of Califnoria.""","21,",39,9,Febraruy,1904,1904-02-09,,"Pittsburg, Pennsylvania",
195,Cleveland Plain Dealer,"The Plain Dealer (1842-current) is a daily newspaper founded by Joseph Gray out of Cleveland, Ohio; it was a weeklyfor its first three years of publication. Liberty Holden bought the newspaper in 1885 and hired Elbert Baker and Charles Kennedy to run it. Under Holden’s ownership, the Plain Dealer moved away from its previous Democratic. Cleveland (pop. 381,768) was an industrial city during the early twentieth century, with high oil and steel production.","""About Cleveland plain dealer. Colume : (Cleveland [Ohio]) 1885-1961,"" Chronicling America, accessed July 5, 2016. Cleveland Historical Team, ""Cleveland Plain Dealer,"" Cleveland Historical, accessed July 5, 2016. ""Cleveland, Ohio,"" Ohio History Central, accessed July 5, 2016. J. E. Vacha, ""Print Journalism,"" Encyclopedia of Cleveland History, accessed July 5, 2016. John Vacha, ""An Overview of Cleveland Journalism Since 1818,"" Teaching Cleveland, accessed July 5, 2016. U.S. Census Bureau, ""1900 Census,"" accessed July 5, 2016, PDF.",ClevelandPlainDealer1904,newspaper-article,,"""Relics of a Vanished Race. Found on a Lonely Island Off California.""","63rd year,",45,14,February,1904,1904-02-14,,"Cleveland, Ohio",
202,Philadelphia Public Ledger,"The Public Ledger (1836-1925) was a daily newspaper out of Philadelphia. Organized by William Swain and Arunah Abell, it was one of the first penny papers in the city, and it launched as an experiment with plans to shut down after one year if it proved unsuccessful. After just eight months, however, the paper was commanded a circulation of 10,000, and it grew to 20,000 less than a year later, outcompeting by thousands the dailies in the city. The politically neutral Ledger printed all sorts of national and local news, with everything from temperance to reprintings of poetry. In 1847, albeit under much skepticism, the Ledger acquired the first ever rotary printer, speeding up its press time and starting a new era in newspaper printing.","Eugene H. Munday, Historical Sketch of the Public Ledger of Philadelphia (Philadephia: Public Ledger, 1870), accessed February 28, 2016, eBook. Michael Schudson, Discovering the News (New York: Basic Books, 1978), 18, 32. Public Ledger Almanac (Philadelphia: Public Ledger, 1887), accessed February 28, 2016, eBook.",PublicLedger1847,newspaper-article,,"""A Female Robinson Crusoe.""","22,",98,16,January,1847,1847-01-16,,"Philadelphia, Pennsylvania","Washington L. Lane,"
293,Queanbeyan (AUS) Age,"The Queenbeyan Age (1860-current) is a daily newspaper founded by Rev. John Gale, out of Queanbeyan, New South Wales, Australia. The paper originally started as the Golden Age, in addition to many other titles, but landed on its current name in 1867. Queanbeyan had experienced a gold rush in the 1850s.","E. J. Lea-Scarlett, ""Gale, John (1831-1929),"" Australian Dictionary of Biography, National Centre of Biography, Australian National University, vol. 4 (1972), accessed October 6, 2016, http://adb.anu.edu.au/biography/gale-john-3586 ""Our History,"" Visit Queanbeyan, accessed October 6, 2016, http://www.visitqueanbeyan.com.au/queanbeyan-history.",TheQueanbeyanAge1879,newspaper-article,,"""A Female Crusoe,""",,,7,May,1879,1879-05-07,,"Queanbeyan, New South Wales",
323,Queensland (AUS) Times,"The Queensland Times (1859-current) is a newspaper originally founded out of Ipswich, Queensland, Australia, as the Ipswich Herald; the first editor of this weekly was J.C. Thompson. The paper originated as a means to advocate for the separation of present-day Queensland from New South Wales; however, the separation was formalized right before the first edition of the Ipswich Herald was printed. In 1861, Hugh Parkinson bought the paper, and changed its name to its current title. The Queensland Times reported primarily local and regional news. It became a daily paper in 1908. Ipswich was growing in the last half of the nineteenth century because of its connections to the railroad.","""About Us,"" Queensland Times, Australian Regional Media, accessed October 30, 2016, http://www.qt.com.au/aboutus/. ""History of the Queensland Times,"" Federation, Ipswich Library and Information Service, 2001, accessed October 30, 2016, http://qtproject.ipswich.qld.gov.au/history.html. ""Ipswich History Timeline,"" City of Ipswich, accessed October 30, 2016, PDF,",TheQueenslandTimes1879,newspaper-article,,"""A Female Crusoe,""",18,no. 2555,20,May,1879,1879-05-20,,"Ipswich, Queensland, Australia",
204,Reading (PA) Times and Dispatch,"The Reading Times and Dispatch (1870-1914) was a daily newspaper founded by Jacob Knabb out of Reading, Pennsylvania. He owned both the Evening Dispatch and the Reading Times, which he combined in 1870, dropping the Evening out of the Dispatch, to make the new paper. Thomas C. Zimmerman was the editor, and the paper  had a circulation of 3,000 in 1878. In 1881, the paper shortened its title to just the Reading Times. Reading was an industrial hub, with the Reading Railroad connecting the town to Philadelphia and from there, the rest of the country.","""About Reading times and dispatch. (Reading, Pa.) 1870-1881,"" Chronicling America, accessed March 29, 2016. ""About Reading times. (Reading, Pa.) 1881-1914,"" Chronicling America, accessed June 13, 2016. ""History of Reading Newspapers,"" History of Reading Newspapers, updated August 10, 2013, accessed March 29, 2016. Pettengill’s Newspaper Directory and Advertisers’ Hand-book for 1878 (New York: S.M. Pettengill, 1878), accessed March 29, 2016, eBook. Rob Engle, ""The Guilded Age in Reading Pennsylvania,"" Berks History Center, accessed March 29, 2016.",ReadingTimesAndDispatch1879,newspaper-article,,"""A Female Crusoe. On An Island In The Pacific. Wild Woman Found on the Isolated Island of San Nicholas Seventy Miles From the California Coast.""","42,",130,3,March,1879,1879-03-03,,"Reading, Pennsylvania",
205,Reading (PA) Times,"The Reading Times and Dispatch (1870-1914) was a daily newspaper founded by Jacob Knabb out of Reading, Pennsylvania. He owned both the Evening Dispatch and the Reading Times, which he combined in 1870, dropping the Evening out of the Dispatch, to make the new paper. Thomas C. Zimmerman was the editor, and the paper  had a circulation of 3,000 in 1878. In 1881, the paper shortened its title to just the Reading Times. Reading was an industrial hub, with the Reading Railroad connecting the town to Philadelphia and from there, the rest of the country.","""About Reading times and dispatch. (Reading, Pa.) 1870-1881,"" Chronicling America, accessed March 29, 2016. ""About Reading times. (Reading, Pa.) 1881-1914,"" Chronicling America, accessed June 13, 2016. ""History of Reading Newspapers,"" History of Reading Newspapers, updated August 10, 2013, accessed March 29, 2016. Pettengill’s Newspaper Directory and Advertisers’ Hand-book for 1878 (New York: S.M. Pettengill, 1878), accessed March 29, 2016, eBook. Rob Engle, ""The Guilded Age in Reading Pennsylvania,"" Berks History Center, accessed March 29, 2016.",ReadingTimes1885,newspaper-article,,"""A Feminine Crusoe. How She Lived Eighteen Years On A Desert Island. The Story of the Lost Woman of San Nicolas--Her Ingenuity and Fertility of Invention--A Wonderful History.""","56,",103,1,August,1885,1885-08-01,,"Reading, Pennsylvania",
208,"Rio Grande Republic (Las Cruces, NM)","The Rio Grande Republic (1881-1923) was a semi-weekly newspaper founded by James A. Spralding out of Las Cruces, New Mexico; it was originally called the Rio Grande Republican but was shortened to just the Republic in 1914. D. W. Bronson was the editor in 1922 when the newspaper had a circulation of 940. Las Cruces had a population of 3,989 in 1920.","""About Rio Grande republican. (Las Cruces, N.M.) 1881-1914,"" Chronicling America, accessed July 25, 2016. N.W. Ayer & Son’s American Newspaper Annual (Philadelphia: N.W. Ayer & Son, 1920), accessed July 24, 2016 eBook. U.S. Census Bureau, ""1920 Census,"" accessed July 25, 2016, PDF.",TheRioGrandeRepublic1922,newspaper-article,,"""Alone For Eighteen Years. Indian Woman, Abandoned on Desert Island, FInally Found by Party of Otter Hunters.""","41st year,",44,13,April,1922,1922-04-13,,"Las Cruces, New Mexico",
302,Hay (AUS) Riverine Grazier,"The Riverine Grazier (1873-current) is a newspaper out of Hay, New South Wales, Australia, founded by John Andrew. Hay was a prominent river port in the last half of the nineteenth century.","Hay Historical Society webpage, last updated May 12, 2010, accessed October 13, 2016. ""Riverine Grazier’s Facebook page,"" accessed October 13, 2016.",TheRiverineGrazier1880,newspaper-article,"[Emma C. Hardacre],","""Eighteen Years Alone. A Tale of the Pacific,""",,no. 551,29,December,1880,1880-12-29,,"Hay, New South Wales, Australia",
93,Rochester (NY) Democrat and Chronicle,"The Rochester Democrat and Chronicle (1870-current) is a daily and semi-weekly newspaper founded by the Rochester Printing Company; it was the combination of the Democrat and the Rochester Chronicle out of Rochester, New York. Despite its title, the paper was Republican in nature. William H. Matthews was the president of the publishing company. It had a circulation of 5,600 in 1873. It dropped the Rochester out of its name in 1884. Rochester was industrial at this time, especially known for its shoe manufacturing.","""About Rochester Democrat and chronicle. (Rochester, N.Y.) 1870-1884,"" Chronicling America, accessed April 3, 2016. ""Matthews Retires at 83,"" Editor and Publisher 53, no. 27-52 (1920): 29, eBook. Pettengill’s Newspaper Directory and Advertiser’s Hand-book for 1878 (New York: S.M. Pettengill, 1878), accessed April 3, 2016. Ruch Rosenberg-Napersteck, ""Two Centuries of Industry and Trade in Rochester, Rochester History LI, no. 4 (1989): 15, PDF. W. H. McIntosh, History of Monroe County, New York (New York: W.E. Morrison, 1876), accessed April 3, 2016, eBook.",Witter1885_DAC,newspaper-article,"Witter, Fred Spalding.","""Sanitarium of the West. Rambles About San Francisco and Down the Pacific Coast. Stories of Spanish Fathers. Barbara, the Saint--The Lost Woman of San Nicolas--Remains of the Old Museum--Traces of the Mound Builders. Golden Gate.""","53,",88,29,March,1885,1885-03-29,Rochester Print. Co.,"Rochester, New York",
93,Rochester (NY) Democrat and Chronicle,"The Rochester Democrat and Chronicle (1870-current) is a daily and semi-weekly newspaper founded by the Rochester Printing Company; it was the combination of the Democrat and the Rochester Chronicle out of Rochester, New York. Despite its title, the paper was Republican in nature. William H. Matthews was the president of the publishing company. It had a circulation of 5,600 in 1873. It dropped the Rochester out of its name in 1884. Rochester was industrial at this time, especially known for its shoe manufacturing.","""About Rochester Democrat and chronicle. (Rochester, N.Y.) 1870-1884,"" Chronicling America, accessed April 3, 2016. ""Matthews Retires at 83,"" Editor and Publisher 53, no. 27-52 (1920): 29, eBook. Pettengill’s Newspaper Directory and Advertiser’s Hand-book for 1878 (New York: S.M. Pettengill, 1878), accessed April 3, 2016. Ruch Rosenberg-Napersteck, ""Two Centuries of Industry and Trade in Rochester, Rochester History LI, no. 4 (1989): 15, PDF. W. H. McIntosh, History of Monroe County, New York (New York: W.E. Morrison, 1876), accessed April 3, 2016, eBook.",DemocratAndChronicle1892,newspaper-article,N/A                               N/A                                    N/A,"""Covered with Skeletons. The Story of San Nicolas Island and Its Last Inhabitant.""","60,",75,28,March,1892,1892-03-28,N/A                                                 N/A                                                         N/A,"Rochester, New York",
93,Rochester (NY) Democrat and Chronicle,"The Rochester Democrat and Chronicle (1870-current) is a daily and semi-weekly newspaper founded by the Rochester Printing Company; it was the combination of the Democrat and the Rochester Chronicle out of Rochester, New York. Despite its title, the paper was Republican in nature. William H. Matthews was the president of the publishing company. It had a circulation of 5,600 in 1873. It dropped the Rochester out of its name in 1884. Rochester was industrial at this time, especially known for its shoe manufacturing.","""About Rochester Democrat and chronicle. (Rochester, N.Y.) 1870-1884,"" Chronicling America, accessed April 3, 2016. ""Matthews Retires at 83,"" Editor and Publisher 53, no. 27-52 (1920): 29, eBook. Pettengill’s Newspaper Directory and Advertiser’s Hand-book for 1878 (New York: S.M. Pettengill, 1878), accessed April 3, 2016. Ruch Rosenberg-Napersteck, ""Two Centuries of Industry and Trade in Rochester, Rochester History LI, no. 4 (1989): 15, PDF. W. H. McIntosh, History of Monroe County, New York (New York: W.E. Morrison, 1876), accessed April 3, 2016, eBook.",DemocratAndChronicle1894,newspaper-article,N/A                               N/A                                    N/A,"""Romance of the Sea. Relics of a Lost Tribe of Indians Were Found.""","62,",364,30,December,1894,1894-12-30,N/A                                                 N/A                                                         N/A,"Rochester, New York",
93,Rochester (NY) Democrat and Chronicle,"The Rochester Democrat and Chronicle (1870-current) is a daily and semi-weekly newspaper founded by the Rochester Printing Company; it was the combination of the Democrat and the Rochester Chronicle out of Rochester, New York. Despite its title, the paper was Republican in nature. William H. Matthews was the president of the publishing company. It had a circulation of 5,600 in 1873. It dropped the Rochester out of its name in 1884. Rochester was industrial at this time, especially known for its shoe manufacturing.","""About Rochester Democrat and chronicle. (Rochester, N.Y.) 1870-1884,"" Chronicling America, accessed April 3, 2016. ""Matthews Retires at 83,"" Editor and Publisher 53, no. 27-52 (1920): 29, eBook. Pettengill’s Newspaper Directory and Advertiser’s Hand-book for 1878 (New York: S.M. Pettengill, 1878), accessed April 3, 2016. Ruch Rosenberg-Napersteck, ""Two Centuries of Industry and Trade in Rochester, Rochester History LI, no. 4 (1989): 15, PDF. W. H. McIntosh, History of Monroe County, New York (New York: W.E. Morrison, 1876), accessed April 3, 2016, eBook.",DemocratAndChronicle1901,newspaper-article,N/A                               N/A                                    N/A,"""Channel Islands Land of Romance. Homes of Lost Islanders to be Visited By Explorers. Rich Fields for Work. Questions as to the Archipelago Off the California Coast--Countless Skulls and One Live Woman of St. Nicholas.""",69th year,,7,January,1901,1901-01-07,N/A                                                 N/A                                                         N/A,"Rochester, New York",
209,Rochester (NY) Democrat and Chronicle,"The Rochester Democrat and Chronicle (1870-current) is a daily and semi-weekly newspaper founded by the Rochester Printing Company; it was the combination of the Democrat and the Rochester Chronicle out of Rochester, New York. Despite its title, the paper was Republican in nature. William H. Matthews was the president of the publishing company. It had a circulation of 5,600 in 1873. It dropped the Rochester out of its name in 1884. Rochester was industrial at this time, especially known for its shoe manufacturing.","""About Rochester Democrat and chronicle. (Rochester, N.Y.) 1870-1884,"" Chronicling America, accessed April 3, 2016. ""Matthews Retires at 83,"" Editor and Publisher 53, no. 27-52 (1920): 29, eBook. Pettengill’s Newspaper Directory and Advertiser’s Hand-book for 1878 (New York: S.M. Pettengill, 1878), accessed April 3, 2016. Ruch Rosenberg-Napersteck, ""Two Centuries of Industry and Trade in Rochester, Rochester History LI, no. 4 (1989): 15, PDF. W. H. McIntosh, History of Monroe County, New York (New York: W.E. Morrison, 1876), accessed April 3, 2016, eBook.",RochesterDemocratAndChronicle1879,newspaper-article,,"""A Woman Cruso[e]. An Almost Incredible Tale of the Pacific. Eighteen Years on a Lone Island Off Southern California.""","47,",41,17,February,1879,1879-02-17,,"Rochester, New York",
339,"Rocky Mountain News (Denver, CO)","The Rocky Mountain News (1859-2009) was a daily newspaper out of Denver, Colorado, founded by William Byers. The paper began circulating in the midst of Denver’s goldrush, and Byers was a city booster. The Rocky Mountain News had a circulation of 2,000 in 1878. In the 1880s, the population was 35,629, but growing with the local silver industry. By 1890, the News faced competition for circulation from five different newspapers, but continued to be profitable. The paper did not fold until  2009 when the recession–and internet news sources–took a toll on circulation numbers, ultimately closing down the oldest newspaper in the state.","Catherine Tsai, "" Scrappy Rocky Mountain News closing its doors,"" The San Diego Union-Tribune, The San Diego Union-Tribune, http://www.sandiegouniontribune.com/sdut-rocky-mountain-news-history-022609-2009feb26-story.html. Geo. P. Rowell’s American Newspaper Directory (New York: Geo. P. Rowell, 1878), accessed January 14, 2017, eBook. ""Mining History Association,"" Discover Mining History, Mining History Association, accessed January 16, 2017, http://www.mininghistoryassociation.org/Leadville.htm. ""Rocky Mountain News,"" Colorado Collections Connection, Center for Colorado & the West at Auraria Library, accessed January 14, 2017, https://collectioncare.auraria.edu/content/rocky-mountain-news-first-edition.",RockyMountainNews1885,newspaper-article,"[Fred Spalding Witter],","""A Feminine Crusoe. Eighteen Years on a Desert Island—How She Lived and Dressed,""",27,,22,May,1885,1885-05-22,,"Denver, Colorado",
307,Boston Sacred Heart Review,"The Sacred Heart Review (1888-1918) was a weekly newspaper founded by Father John O’Brien out of Boston. This paper catered to middle class Catholic families, and therefore included specific church related-material, in addition to local, national, and global news, and did not print any liquor ads. The Review (circ. 40,000 in 1880) employed many young Irish American women as writers.","Colleen McDannell, ""Catholic Domesticity,"" The Christian Home in Victorian America, 1840-1900 (Bloomington, IN: Indiana University Press, 1986), accessed October 16, 2016, eBook. ""Death of Monsignor O’Brien,"" Sacred Heart Review, 58, no. 7 (1917): 1, accessed October 16, 2016. Rosemary Skinner Keller and Rosemary Radford Ruether, eds., ""American Catholic Women in the Age of Progress,"" Encyclpedia of Women and Religion in North America (Bloomington, IN: Indiana University Press, 2006), accessed October 16, 2016, eBook. ""The Sacred Heart Review,"" Boston College, accessed October 16, 2016, http://newspapers.bc.edu/cgi-bin/bostonsh?a=cl&cl=CL1.BOSTONSH.",TheSacredHeartReview1898,newspaper-article,,"""The Farallones,""","20,",no. 21,19,November,1898,1898-11-19,,"Boston, Massachusetts",
214,Salem (NY) Weekly Review,"The Salem Weekly Review (1877-85) was a weekly newspaper founded by Daniel B. Cole out of Salem, New York. It was a Democratic paper that in 1885 was incorporated into the Press to become the Salem Review Press. Salem had a population of 3,707 in 1875, with farming as the main industry.","""About Salem weekly review. (Salem, N.Y.) 1877-1885,"" Chronicling America, accessed April 3, 2016. Crisfield Johnson, History of Washington Co., New York (Phildephia: Everts & Ensign, 1878), accessed April 3, 2016, eBook. William L. Stone, Wsahington County New York (Mt. Vernon, NY: New York History, 1901), accessed April 3, 2016, eBook.",SalemWeeklyReview1879,newspaper-article,,"""A Female Robinson Crusoe.""","2,",13,1,March,1879,1879-03-01,,"Salem, New York",
217,San Diego Union,"The San Diego Union (1868-1992) was a daily newspaper founded by William Jeff Gatewood out of San Diego, California. At its onset, circulation spanned Southern California, Arizona territory, and parts of northern Mexico. John D. Spreckles took over the paper in 1890;, and he increased circulation to around 4,000 by 1898, despite the economic downturn accompanying the Panic of 1893. In 1928, the Copley family bought the San Diego Union, and ran it until 2009. James Copley was in charge of the paper in the 1960s, when the city experienced another economic downturn. In 2009, the San Diego Union was combined with the San Diego Evening Tribune to form the Union-Tribune, which continues to be published today.","C.A. Cooke and Co.’s United States Newspaper Directory Revised (Chicago: n.p., 1881), accessed June 27, 2016, eBook. George P. Rowell’s American Newspaper Directory (New York: George P. Rowell, 1898), accessed June 27, 2016, eBook. ""James S. Copley,"" San Diego History Center, accessed June 27, 2016. Maribeth Mellin, Jane Onstott, Judith Devlin, Insiders’ Guide to San Diego (Guilford, CT: Insiders’ Guide, 2009), accessed June 27, 2016, eBook. ""San Diego History,"" San Diego Magazine, accessed June 27, 2016. Willia Ellsworth Smythe, San Diego and Imperial County, California (Chicago: S. J. Clarke, 1913), accessed June 27, 2016, eBook.",SanDiegoUnion1896,newspaper-article,,"""California Islands. Remarkable Finds Made on San Nicolas and Others. The Lone Woman of San Nicolas and Her Mysterious Race--Occupation by Peculiar Races of Indians--Monumnets of Bones--Interesting Finds.""",,,18,October,1896,1896-10-18,,"San Diego, California",
217,San Diego Union,"The San Diego Union (1868-1992) was a daily newspaper founded by William Jeff Gatewood out of San Diego, California. At its onset, circulation spanned Southern California, Arizona territory, and parts of northern Mexico. John D. Spreckles took over the paper in 1890;, and he increased circulation to around 4,000 by 1898, despite the economic downturn accompanying the Panic of 1893. In 1928, the Copley family bought the San Diego Union, and ran it until 2009. James Copley was in charge of the paper in the 1960s, when the city experienced another economic downturn. In 2009, the San Diego Union was combined with the San Diego Evening Tribune to form the Union-Tribune, which continues to be published today.","C.A. Cooke and Co.’s United States Newspaper Directory Revised (Chicago: n.p., 1881), accessed June 27, 2016, eBook. George P. Rowell’s American Newspaper Directory (New York: George P. Rowell, 1898), accessed June 27, 2016, eBook. ""James S. Copley,"" San Diego History Center, accessed June 27, 2016. Maribeth Mellin, Jane Onstott, Judith Devlin, Insiders’ Guide to San Diego (Guilford, CT: Insiders’ Guide, 2009), accessed June 27, 2016, eBook. ""San Diego History,"" San Diego Magazine, accessed June 27, 2016. Willia Ellsworth Smythe, San Diego and Imperial County, California (Chicago: S. J. Clarke, 1913), accessed June 27, 2016, eBook.",TheSanDiegoUnion1963_Aug3,newspaper-article,,"""Scott O'Dell Book Wins Top Award.""",,,3,August,1963,1963-08-03,,"San Diego, California",
217,San Diego Union,"The San Diego Union (1868-1992) was a daily newspaper founded by William Jeff Gatewood out of San Diego, California. At its onset, circulation spanned Southern California, Arizona territory, and parts of northern Mexico. John D. Spreckles took over the paper in 1890;, and he increased circulation to around 4,000 by 1898, despite the economic downturn accompanying the Panic of 1893. In 1928, the Copley family bought the San Diego Union, and ran it until 2009. James Copley was in charge of the paper in the 1960s, when the city experienced another economic downturn. In 2009, the San Diego Union was combined with the San Diego Evening Tribune to form the Union-Tribune, which continues to be published today.","C.A. Cooke and Co.’s United States Newspaper Directory Revised (Chicago: n.p., 1881), accessed June 27, 2016, eBook. George P. Rowell’s American Newspaper Directory (New York: George P. Rowell, 1898), accessed June 27, 2016, eBook. ""James S. Copley,"" San Diego History Center, accessed June 27, 2016. Maribeth Mellin, Jane Onstott, Judith Devlin, Insiders’ Guide to San Diego (Guilford, CT: Insiders’ Guide, 2009), accessed June 27, 2016, eBook. ""San Diego History,"" San Diego Magazine, accessed June 27, 2016. Willia Ellsworth Smythe, San Diego and Imperial County, California (Chicago: S. J. Clarke, 1913), accessed June 27, 2016, eBook.",Meade1964_Mar5,newspaper-article,"Meade, James.","""What's Happened to Family Films?""",,,5,March,1964,1964-03-05,,"San Diego, California",
217,San Diego Union,"The San Diego Union (1868-1992) was a daily newspaper founded by William Jeff Gatewood out of San Diego, California. At its onset, circulation spanned Southern California, Arizona territory, and parts of northern Mexico. John D. Spreckles took over the paper in 1890;, and he increased circulation to around 4,000 by 1898, despite the economic downturn accompanying the Panic of 1893. In 1928, the Copley family bought the San Diego Union, and ran it until 2009. James Copley was in charge of the paper in the 1960s, when the city experienced another economic downturn. In 2009, the San Diego Union was combined with the San Diego Evening Tribune to form the Union-Tribune, which continues to be published today.","C.A. Cooke and Co.’s United States Newspaper Directory Revised (Chicago: n.p., 1881), accessed June 27, 2016, eBook. George P. Rowell’s American Newspaper Directory (New York: George P. Rowell, 1898), accessed June 27, 2016, eBook. ""James S. Copley,"" San Diego History Center, accessed June 27, 2016. Maribeth Mellin, Jane Onstott, Judith Devlin, Insiders’ Guide to San Diego (Guilford, CT: Insiders’ Guide, 2009), accessed June 27, 2016, eBook. ""San Diego History,"" San Diego Magazine, accessed June 27, 2016. Willia Ellsworth Smythe, San Diego and Imperial County, California (Chicago: S. J. Clarke, 1913), accessed June 27, 2016, eBook.",Meade1964_Jul9,newspaper-article,"Meade, James.","""Varied Fare Due at City's Theaters.""",,,9,July,1964,1964-09-07,,"San Diego, California",
217,San Diego Union,"The San Diego Union (1868-1992) was a daily newspaper founded by William Jeff Gatewood out of San Diego, California. At its onset, circulation spanned Southern California, Arizona territory, and parts of northern Mexico. John D. Spreckles took over the paper in 1890;, and he increased circulation to around 4,000 by 1898, despite the economic downturn accompanying the Panic of 1893. In 1928, the Copley family bought the San Diego Union, and ran it until 2009. James Copley was in charge of the paper in the 1960s, when the city experienced another economic downturn. In 2009, the San Diego Union was combined with the San Diego Evening Tribune to form the Union-Tribune, which continues to be published today.","C.A. Cooke and Co.’s United States Newspaper Directory Revised (Chicago: n.p., 1881), accessed June 27, 2016, eBook. George P. Rowell’s American Newspaper Directory (New York: George P. Rowell, 1898), accessed June 27, 2016, eBook. ""James S. Copley,"" San Diego History Center, accessed June 27, 2016. Maribeth Mellin, Jane Onstott, Judith Devlin, Insiders’ Guide to San Diego (Guilford, CT: Insiders’ Guide, 2009), accessed June 27, 2016, eBook. ""San Diego History,"" San Diego Magazine, accessed June 27, 2016. Willia Ellsworth Smythe, San Diego and Imperial County, California (Chicago: S. J. Clarke, 1913), accessed June 27, 2016, eBook.",TheSanDiegoUnion1964_Jul19,newspaper-article,,"""War, Juvenile Films Offered in Openings.""",,,19,July,1964,1964-07-19,,"San Diego, California",
217,San Diego Union,"The San Diego Union (1868-1992) was a daily newspaper founded by William Jeff Gatewood out of San Diego, California. At its onset, circulation spanned Southern California, Arizona territory, and parts of northern Mexico. John D. Spreckles took over the paper in 1890;, and he increased circulation to around 4,000 by 1898, despite the economic downturn accompanying the Panic of 1893. In 1928, the Copley family bought the San Diego Union, and ran it until 2009. James Copley was in charge of the paper in the 1960s, when the city experienced another economic downturn. In 2009, the San Diego Union was combined with the San Diego Evening Tribune to form the Union-Tribune, which continues to be published today.","C.A. Cooke and Co.’s United States Newspaper Directory Revised (Chicago: n.p., 1881), accessed June 27, 2016, eBook. George P. Rowell’s American Newspaper Directory (New York: George P. Rowell, 1898), accessed June 27, 2016, eBook. ""James S. Copley,"" San Diego History Center, accessed June 27, 2016. Maribeth Mellin, Jane Onstott, Judith Devlin, Insiders’ Guide to San Diego (Guilford, CT: Insiders’ Guide, 2009), accessed June 27, 2016, eBook. ""San Diego History,"" San Diego Magazine, accessed June 27, 2016. Willia Ellsworth Smythe, San Diego and Imperial County, California (Chicago: S. J. Clarke, 1913), accessed June 27, 2016, eBook.",TheSanDiegoUnion1964_Jul20,newspaper-figure,,"(photo) ""A Friendly Seal.""",,,20,July,1964,1964-07-20,,"San Diego, California",
217,San Diego Union,"The San Diego Union (1868-1992) was a daily newspaper founded by William Jeff Gatewood out of San Diego, California. At its onset, circulation spanned Southern California, Arizona territory, and parts of northern Mexico. John D. Spreckles took over the paper in 1890;, and he increased circulation to around 4,000 by 1898, despite the economic downturn accompanying the Panic of 1893. In 1928, the Copley family bought the San Diego Union, and ran it until 2009. James Copley was in charge of the paper in the 1960s, when the city experienced another economic downturn. In 2009, the San Diego Union was combined with the San Diego Evening Tribune to form the Union-Tribune, which continues to be published today.","C.A. Cooke and Co.’s United States Newspaper Directory Revised (Chicago: n.p., 1881), accessed June 27, 2016, eBook. George P. Rowell’s American Newspaper Directory (New York: George P. Rowell, 1898), accessed June 27, 2016, eBook. ""James S. Copley,"" San Diego History Center, accessed June 27, 2016. Maribeth Mellin, Jane Onstott, Judith Devlin, Insiders’ Guide to San Diego (Guilford, CT: Insiders’ Guide, 2009), accessed June 27, 2016, eBook. ""San Diego History,"" San Diego Magazine, accessed June 27, 2016. Willia Ellsworth Smythe, San Diego and Imperial County, California (Chicago: S. J. Clarke, 1913), accessed June 27, 2016, eBook.",Meade1964_Jul24,review-film,"Meade, James.","""'Blue Dolphins' Is True to Novel.""",,,24,July,1964,1964-07-24,,"San Diego, California",
218,San Francisco Chronicle,"The San Francisco Chronicle (1865-current) is a daily newspaper founded by Charles and Michael de Young out of San Francisco and originally named the Dramatic Chronicle; in 1869, the drama section of the paper split off into the Daily Dramatic Review, leaving just the main  San Francisco Chronicle. This paper grew to 6,000 subscribers in its first year, and to 39,150 subscribers in its first decade. By 1867, it had dropped all political associations. In the early 1890s, the San Francisco Chronicle publishers held a counterpart to the Chicago’s World’s Fair, an event that attracted more than a million people to San Francisco, a city whose population was only 300,000; this increased the newspaper’s visibility. The San Francisco earthquake and fire of 1906 was a significant tragedy for the city, and it spurred the three main San Francisco papers (the Chronicle, Examiner, and Morning Call) to issue an emergency issue together. By 1961, the paper reached a circulation of 300,000 which was about half of the city’s population (740,316), even though it was still competing with the Examiner.","""About San Francisco chronicle. (San Francisco, Calif.) 1869-current,"" Chronicling America, accessed April 3, 2016. Chronicle Staff, ""A Brief Timeline of the San Francisco Chronicle,"" SF Gate, accessed April 3, 2016. James R. Smith, ""SF’s World’s Fair,"" Guidelines, accessed April 3, 2016. San Francisco Chronicle and Its History (San Francisco: 1879), accessed April 3, 2016, eBook. U.S. Census Bureau, ""1960 Census,"" accessed June 27, PDF.",SanFranciscoChronicle1879,newspaper-article,,"""Left Alone on a Dreary Desert Island for Eighteen Years. California's Feminine Crusoe. An Indian Mother's Devotion--The Solitary Inhabitant of the Island of San Nicholas.""","29,",18,2,February,1879,1879-02-02,Charles D. Young & Co,"San Francisco, California",Charles D. Young
218,San Francisco Chronicle,"The San Francisco Chronicle (1865-current) is a daily newspaper founded by Charles and Michael de Young out of San Francisco and originally named the Dramatic Chronicle; in 1869, the drama section of the paper split off into the Daily Dramatic Review, leaving just the main  San Francisco Chronicle. This paper grew to 6,000 subscribers in its first year, and to 39,150 subscribers in its first decade. By 1867, it had dropped all political associations. In the early 1890s, the San Francisco Chronicle publishers held a counterpart to the Chicago’s World’s Fair, an event that attracted more than a million people to San Francisco, a city whose population was only 300,000; this increased the newspaper’s visibility. The San Francisco earthquake and fire of 1906 was a significant tragedy for the city, and it spurred the three main San Francisco papers (the Chronicle, Examiner, and Morning Call) to issue an emergency issue together. By 1961, the paper reached a circulation of 300,000 which was about half of the city’s population (740,316), even though it was still competing with the Examiner.","""About San Francisco chronicle. (San Francisco, Calif.) 1869-current,"" Chronicling America, accessed April 3, 2016. Chronicle Staff, ""A Brief Timeline of the San Francisco Chronicle,"" SF Gate, accessed April 3, 2016. James R. Smith, ""SF’s World’s Fair,"" Guidelines, accessed April 3, 2016. San Francisco Chronicle and Its History (San Francisco: 1879), accessed April 3, 2016, eBook. U.S. Census Bureau, ""1960 Census,"" accessed June 27, PDF.",SanFranciscoChronicle1889,newspaper-article,,"""The Channel Isles. California's Solitary Archipelago. Cabrillo's Unkown Grave. History and Description of the Santa Barbara Islands.""","49,",47,8,March,1889,1889-03-03,,"San Francisco, California",
218,San Francisco Chronicle,"The San Francisco Chronicle (1865-current) is a daily newspaper founded by Charles and Michael de Young out of San Francisco and originally named the Dramatic Chronicle; in 1869, the drama section of the paper split off into the Daily Dramatic Review, leaving just the main  San Francisco Chronicle. This paper grew to 6,000 subscribers in its first year, and to 39,150 subscribers in its first decade. By 1867, it had dropped all political associations. In the early 1890s, the San Francisco Chronicle publishers held a counterpart to the Chicago’s World’s Fair, an event that attracted more than a million people to San Francisco, a city whose population was only 300,000; this increased the newspaper’s visibility. The San Francisco earthquake and fire of 1906 was a significant tragedy for the city, and it spurred the three main San Francisco papers (the Chronicle, Examiner, and Morning Call) to issue an emergency issue together. By 1961, the paper reached a circulation of 300,000 which was about half of the city’s population (740,316), even though it was still competing with the Examiner.","""About San Francisco chronicle. (San Francisco, Calif.) 1869-current,"" Chronicling America, accessed April 3, 2016. Chronicle Staff, ""A Brief Timeline of the San Francisco Chronicle,"" SF Gate, accessed April 3, 2016. James R. Smith, ""SF’s World’s Fair,"" Guidelines, accessed April 3, 2016. San Francisco Chronicle and Its History (San Francisco: 1879), accessed April 3, 2016, eBook. U.S. Census Bureau, ""1960 Census,"" accessed June 27, PDF.",SanFranciscoChronicle1893_Jul7,newspaper-article,,"""Peril on San Nicolas. A Tidal Wave and Heavy Earthquakes. The Old Harbor Filled With Sand. Electrical Storms Killed the Crawfish and Paralyzed the Kanakas.""","57,",178,7,July,1893,1893-07-07,,"San Francisco, California",
218,San Francisco Chronicle,"The San Francisco Chronicle (1865-current) is a daily newspaper founded by Charles and Michael de Young out of San Francisco and originally named the Dramatic Chronicle; in 1869, the drama section of the paper split off into the Daily Dramatic Review, leaving just the main  San Francisco Chronicle. This paper grew to 6,000 subscribers in its first year, and to 39,150 subscribers in its first decade. By 1867, it had dropped all political associations. In the early 1890s, the San Francisco Chronicle publishers held a counterpart to the Chicago’s World’s Fair, an event that attracted more than a million people to San Francisco, a city whose population was only 300,000; this increased the newspaper’s visibility. The San Francisco earthquake and fire of 1906 was a significant tragedy for the city, and it spurred the three main San Francisco papers (the Chronicle, Examiner, and Morning Call) to issue an emergency issue together. By 1961, the paper reached a circulation of 300,000 which was about half of the city’s population (740,316), even though it was still competing with the Examiner.","""About San Francisco chronicle. (San Francisco, Calif.) 1869-current,"" Chronicling America, accessed April 3, 2016. Chronicle Staff, ""A Brief Timeline of the San Francisco Chronicle,"" SF Gate, accessed April 3, 2016. James R. Smith, ""SF’s World’s Fair,"" Guidelines, accessed April 3, 2016. San Francisco Chronicle and Its History (San Francisco: 1879), accessed April 3, 2016, eBook. U.S. Census Bureau, ""1960 Census,"" accessed June 27, PDF.",SanFranciscoChronicle1893_Jul8,newspaper-article,,"""A Female Crusoe. Story Of The Lost Woman of San Nicolas. She Returned for Her Child and Spent Twenty Years on the Island.""","57,",174,8,July,1893,1893-07-08,,"San Francisco, California",
218,San Francisco Chronicle,"The San Francisco Chronicle (1865-current) is a daily newspaper founded by Charles and Michael de Young out of San Francisco and originally named the Dramatic Chronicle; in 1869, the drama section of the paper split off into the Daily Dramatic Review, leaving just the main  San Francisco Chronicle. This paper grew to 6,000 subscribers in its first year, and to 39,150 subscribers in its first decade. By 1867, it had dropped all political associations. In the early 1890s, the San Francisco Chronicle publishers held a counterpart to the Chicago’s World’s Fair, an event that attracted more than a million people to San Francisco, a city whose population was only 300,000; this increased the newspaper’s visibility. The San Francisco earthquake and fire of 1906 was a significant tragedy for the city, and it spurred the three main San Francisco papers (the Chronicle, Examiner, and Morning Call) to issue an emergency issue together. By 1961, the paper reached a circulation of 300,000 which was about half of the city’s population (740,316), even though it was still competing with the Examiner.","""About San Francisco chronicle. (San Francisco, Calif.) 1869-current,"" Chronicling America, accessed April 3, 2016. Chronicle Staff, ""A Brief Timeline of the San Francisco Chronicle,"" SF Gate, accessed April 3, 2016. James R. Smith, ""SF’s World’s Fair,"" Guidelines, accessed April 3, 2016. San Francisco Chronicle and Its History (San Francisco: 1879), accessed April 3, 2016, eBook. U.S. Census Bureau, ""1960 Census,"" accessed June 27, PDF.",SanFranciscoChronicle1893_Jul10,newspaper-article,,"""A Romance Of The Sea. Relics of a Lost Tribe of Indians. The Cruise of the Schooner Alexander. Upturned Graves of a Once Mighty People on San Nicolas Island.""","57,",176,10,July,1893,1893-07-10,,"San Francisco, California",
218,San Francisco Chronicle,"The San Francisco Chronicle (1865-current) is a daily newspaper founded by Charles and Michael de Young out of San Francisco and originally named the Dramatic Chronicle; in 1869, the drama section of the paper split off into the Daily Dramatic Review, leaving just the main  San Francisco Chronicle. This paper grew to 6,000 subscribers in its first year, and to 39,150 subscribers in its first decade. By 1867, it had dropped all political associations. In the early 1890s, the San Francisco Chronicle publishers held a counterpart to the Chicago’s World’s Fair, an event that attracted more than a million people to San Francisco, a city whose population was only 300,000; this increased the newspaper’s visibility. The San Francisco earthquake and fire of 1906 was a significant tragedy for the city, and it spurred the three main San Francisco papers (the Chronicle, Examiner, and Morning Call) to issue an emergency issue together. By 1961, the paper reached a circulation of 300,000 which was about half of the city’s population (740,316), even though it was still competing with the Examiner.","""About San Francisco chronicle. (San Francisco, Calif.) 1869-current,"" Chronicling America, accessed April 3, 2016. Chronicle Staff, ""A Brief Timeline of the San Francisco Chronicle,"" SF Gate, accessed April 3, 2016. James R. Smith, ""SF’s World’s Fair,"" Guidelines, accessed April 3, 2016. San Francisco Chronicle and Its History (San Francisco: 1879), accessed April 3, 2016, eBook. U.S. Census Bureau, ""1960 Census,"" accessed June 27, PDF.",SanFranciscoChronicle1894,newspaper-article,,"""A Female Crusoe On The Island Of Skulls.""","60,",145,7,December,1894,1894-12-07,,"San Francisco, California",
218,San Francisco Chronicle,"The San Francisco Chronicle (1865-current) is a daily newspaper founded by Charles and Michael de Young out of San Francisco and originally named the Dramatic Chronicle; in 1869, the drama section of the paper split off into the Daily Dramatic Review, leaving just the main  San Francisco Chronicle. This paper grew to 6,000 subscribers in its first year, and to 39,150 subscribers in its first decade. By 1867, it had dropped all political associations. In the early 1890s, the San Francisco Chronicle publishers held a counterpart to the Chicago’s World’s Fair, an event that attracted more than a million people to San Francisco, a city whose population was only 300,000; this increased the newspaper’s visibility. The San Francisco earthquake and fire of 1906 was a significant tragedy for the city, and it spurred the three main San Francisco papers (the Chronicle, Examiner, and Morning Call) to issue an emergency issue together. By 1961, the paper reached a circulation of 300,000 which was about half of the city’s population (740,316), even though it was still competing with the Examiner.","""About San Francisco chronicle. (San Francisco, Calif.) 1869-current,"" Chronicling America, accessed April 3, 2016. Chronicle Staff, ""A Brief Timeline of the San Francisco Chronicle,"" SF Gate, accessed April 3, 2016. James R. Smith, ""SF’s World’s Fair,"" Guidelines, accessed April 3, 2016. San Francisco Chronicle and Its History (San Francisco: 1879), accessed April 3, 2016, eBook. U.S. Census Bureau, ""1960 Census,"" accessed June 27, PDF.",Edwords1906,newspaper-article,"Edwords, Clarence E.","""Story has universal appeal.""","89,",170,30,December,1906,1906-12-30,,"San Francisco, California",
218,San Francisco Chronicle,"The San Francisco Chronicle (1865-current) is a daily newspaper founded by Charles and Michael de Young out of San Francisco and originally named the Dramatic Chronicle; in 1869, the drama section of the paper split off into the Daily Dramatic Review, leaving just the main  San Francisco Chronicle. This paper grew to 6,000 subscribers in its first year, and to 39,150 subscribers in its first decade. By 1867, it had dropped all political associations. In the early 1890s, the San Francisco Chronicle publishers held a counterpart to the Chicago’s World’s Fair, an event that attracted more than a million people to San Francisco, a city whose population was only 300,000; this increased the newspaper’s visibility. The San Francisco earthquake and fire of 1906 was a significant tragedy for the city, and it spurred the three main San Francisco papers (the Chronicle, Examiner, and Morning Call) to issue an emergency issue together. By 1961, the paper reached a circulation of 300,000 which was about half of the city’s population (740,316), even though it was still competing with the Examiner.","""About San Francisco chronicle. (San Francisco, Calif.) 1869-current,"" Chronicling America, accessed April 3, 2016. Chronicle Staff, ""A Brief Timeline of the San Francisco Chronicle,"" SF Gate, accessed April 3, 2016. James R. Smith, ""SF’s World’s Fair,"" Guidelines, accessed April 3, 2016. San Francisco Chronicle and Its History (San Francisco: 1879), accessed April 3, 2016, eBook. U.S. Census Bureau, ""1960 Census,"" accessed June 27, PDF.",Nichols1960,review-book,"Nichols, Luther.","""Story has universal appeal.""",,,18,March,1960,1960-03-18,,"San Francisco, California",
219,San Francisco Daily Herald,"The San Francisco Daily Herald (1850-56) was a Democratic newspaper founded by John Nugent in San Francisco. It was the most popular paper in the city until it printed a pro-Southern article, and its rival, the Alta, got the edge. San Francisco’s population was 30,000 in 1856, but quickly gaining with the gold rush.","""About The San Francisco daily herald. (San Francisco, Calif.) 1850-1856,"" Chronicling America, accessed March 8, 2016.  The Builders of a Great City (San Francisco, San Francisco Journal of Commerce, 1891), accessed March 8, 2016, eBook. ""San Francisco Facilities in the Early 1850’s,"" The Virtual Museum of the City of San Francisco, accessed March 8, 2016.",Santiago1853,newspaper-article,Santiago.,"""From Santa Barbara.""","4,",132,11,October,1853,1853-10-11,"Foy, Nugent & Co.","San Francisco, California",
109,San Francisco Examiner,"The San Francisco Examiner (1865-current) is a daily newspaper out of San Francisco, California. It was founded in 1863 as the Democratic Press and as a Civil War paper, it was a staunch supporter of the Confederate cause. After Lincoln’s assassination, protesters destroyed its offices. The paper was restarted as the Daily Examiner in 1865. George Hearst acquired the paper in 1880, but it was running at a loss until his son, William Randolph, took over in 1887. The junior Hearst’s goal was to acquire a large readership­–including members of the working class–over which he could exert political influence, in part through the technique of yellow journalism. The San Francisco had a population of 298,997 in 1890 and Examiner was the beginning of the Hearst media empire.","Dan Schreiber, ""For the past 150 years, The Examiner has recorded life in The City,"" San Francisco Examiner, last updated June 11, 2015, accessed June 21, 2016. ""Paris of the West,"" SF-info.org, accessed June 21, 2016. U.S. Census Bureau, ""1890 Census,"" accessed June 21, 2016, PDF.",SanFranciscoExaminer1892,newspaper-article,,"""Heard About Town.""","54,",58,27,February,1892,1892-02-27,,"San Francisco, California",
220,Sanitarian,"The Sanitarian (1873-1904) was a monthly magazine created by Dr. Bell out of New York. Dr. Bell was heavily involved in the American Public Health Association. The magazine focused on the health of the general public, both physical and mental. It had a circulation of 21,000 in 1878.","Frank Luther Mott, A History of American Magazines 1741-1850 (Cambridge: Harvard University Press, 1958), accessed 28 February 2016, eBook. Pettengill’s Newspaper Directory and Advertiser’s Hand-book for 1878 (New York: S.M. Pettengill, 1878), accessed April 11, 2016, eBook. Stephen Smith, ""The Practical Sanitarian,"" Agrippa Nelson Bell, ed., The Santiarian (Brooklyn, NY: editor, 1892), accessed April 11, 2016, eBook.",Stuart1880,magazine-article,"Stuart, Absalom B.","""An Indian Woman Eighteen Years Alone on the Island of San Nicolas, off the Coast of Southern California. Physical Condition Good; Recollected Events, but had Lost all Knowledge of the Computation of Time and the Dialect of her Tribe.""","8,",90,,September,1880,1880-09-01,,"New York, New York",
87,Santa Barbara (CA) Daily Press,"The Santa Barbara Daily Press (1872-1885) is a daily newspaper founded by Joseph Johnson out of Santa Barbara, California. He started the paper with the goals of sparking tourism in the area, promoting the white majority, and transforming the ranches into agricultural areas. Johnson had a fierce rivalry with Santa Barbara Times’ editor Jarrett Richards, especially when it came to the proposed subsidies that would bring the railroad to town. These tensions eventually escalated into a full-blown fistfight, which Johnson lost. General Otis took over the Santa Barbara Daily Press from 1876 to 1880, when Robert D. Bogart came into possession of it. Santa Barbara was increasingly becoming known as a tourist destination by this time.","""About Santa Barbara daily press. (Santa Barbara, Calif.) 1872-85,"" Chronicling America, accessed 21 March 2016. Edward S. Casey and Mary Watkins, Up Against the Wall (Austin, Texas: University of Texas Press, 2014), accessed 21 March 2016, eBook. Hugh J. Mohan, E. H. Clough, and John Paul Cosgrave, Pen Pictures of Our Representative Men (Sacramento, California: H.A. Weaver’s Valley Press Printing House, 1880), accessed 21 March 2016, eBook. National Cyclopaedia of American Biography (New York: James T. White & Company, 1910), accessed 21 March 2016, eBook.Neal Graffy, Historic Santa Barbara (San Antonio, Texas: Historical Publishing Network, 2010), accessed 21 March 2016, eBook. ""The Railroad War,"" Price, Postel & Parma LLP, accessed 21 March 2016.",Stuart1879_Jan28,newspaper-article,,"""A Female Crusoe. The Lone Woman of San Nicolas Island. A Wonderful Romance in Real Life---Eighteen Years Alone on the Island of San Nicolas, on teh Coast of Southern California.""","7,",162,28,January,1879,1879-01-28,,"Santa Barbara, California",
87,Santa Barbara (CA) Daily Press,"The Santa Barbara Daily Press (1872-1885) is a daily newspaper founded by Joseph Johnson out of Santa Barbara, California. He started the paper with the goals of sparking tourism in the area, promoting the white majority, and transforming the ranches into agricultural areas. Johnson had a fierce rivalry with Santa Barbara Times’ editor Jarrett Richards, especially when it came to the proposed subsidies that would bring the railroad to town. These tensions eventually escalated into a full-blown fistfight, which Johnson lost. General Otis took over the Santa Barbara Daily Press from 1876 to 1880, when Robert D. Bogart came into possession of it. Santa Barbara was increasingly becoming known as a tourist destination by this time.","""About Santa Barbara daily press. (Santa Barbara, Calif.) 1872-85,"" Chronicling America, accessed 21 March 2016. Edward S. Casey and Mary Watkins, Up Against the Wall (Austin, Texas: University of Texas Press, 2014), accessed 21 March 2016, eBook. Hugh J. Mohan, E. H. Clough, and John Paul Cosgrave, Pen Pictures of Our Representative Men (Sacramento, California: H.A. Weaver’s Valley Press Printing House, 1880), accessed 21 March 2016, eBook. National Cyclopaedia of American Biography (New York: James T. White & Company, 1910), accessed 21 March 2016, eBook.Neal Graffy, Historic Santa Barbara (San Antonio, Texas: Historical Publishing Network, 2010), accessed 21 March 2016, eBook. ""The Railroad War,"" Price, Postel & Parma LLP, accessed 21 March 2016.",Stuart1879_Jan29,newspaper-article,,"""A Female Crusoe. The Lone Woman of San Nicolas Island. A Wonderful Romance in Real Life---Eighteen Years Alone on the Island of San Nicolas, on teh Coast of Southern California.""","7,",163,29,January,1879,1879-01-29,,"Santa Barbara, California",
87,Santa Barbara (CA) Daily Press,"The Santa Barbara Daily Press (1872-1885) is a daily newspaper founded by Joseph Johnson out of Santa Barbara, California. He started the paper with the goals of sparking tourism in the area, promoting the white majority, and transforming the ranches into agricultural areas. Johnson had a fierce rivalry with Santa Barbara Times’ editor Jarrett Richards, especially when it came to the proposed subsidies that would bring the railroad to town. These tensions eventually escalated into a full-blown fistfight, which Johnson lost. General Otis took over the Santa Barbara Daily Press from 1876 to 1880, when Robert D. Bogart came into possession of it. Santa Barbara was increasingly becoming known as a tourist destination by this time.","""About Santa Barbara daily press. (Santa Barbara, Calif.) 1872-85,"" Chronicling America, accessed 21 March 2016. Edward S. Casey and Mary Watkins, Up Against the Wall (Austin, Texas: University of Texas Press, 2014), accessed 21 March 2016, eBook. Hugh J. Mohan, E. H. Clough, and John Paul Cosgrave, Pen Pictures of Our Representative Men (Sacramento, California: H.A. Weaver’s Valley Press Printing House, 1880), accessed 21 March 2016, eBook. National Cyclopaedia of American Biography (New York: James T. White & Company, 1910), accessed 21 March 2016, eBook.Neal Graffy, Historic Santa Barbara (San Antonio, Texas: Historical Publishing Network, 2010), accessed 21 March 2016, eBook. ""The Railroad War,"" Price, Postel & Parma LLP, accessed 21 March 2016.",GFM1881,newspaper-article,"M., G. F.","""An Earthly Paradise. A Stranger's View of Santa Barbara, and Her Surroundings.","9,",162,13,April,1881,1881-04-13,,"Santa Barbara, California",
87,Santa Barbara (CA) Daily Press,"The Santa Barbara Daily Press (1872-1885) is a daily newspaper founded by Joseph Johnson out of Santa Barbara, California. He started the paper with the goals of sparking tourism in the area, promoting the white majority, and transforming the ranches into agricultural areas. Johnson had a fierce rivalry with Santa Barbara Times’ editor Jarrett Richards, especially when it came to the proposed subsidies that would bring the railroad to town. These tensions eventually escalated into a full-blown fistfight, which Johnson lost. General Otis took over the Santa Barbara Daily Press from 1876 to 1880, when Robert D. Bogart came into possession of it. Santa Barbara was increasingly becoming known as a tourist destination by this time.","""About Santa Barbara daily press. (Santa Barbara, Calif.) 1872-85,"" Chronicling America, accessed 21 March 2016. Edward S. Casey and Mary Watkins, Up Against the Wall (Austin, Texas: University of Texas Press, 2014), accessed 21 March 2016, eBook. Hugh J. Mohan, E. H. Clough, and John Paul Cosgrave, Pen Pictures of Our Representative Men (Sacramento, California: H.A. Weaver’s Valley Press Printing House, 1880), accessed 21 March 2016, eBook. National Cyclopaedia of American Biography (New York: James T. White & Company, 1910), accessed 21 March 2016, eBook.Neal Graffy, Historic Santa Barbara (San Antonio, Texas: Historical Publishing Network, 2010), accessed 21 March 2016, eBook. ""The Railroad War,"" Price, Postel & Parma LLP, accessed 21 March 2016.",Rawlins1881_Jul27,newspaper-article,"Rawlins, J. H.","""The Heroine of San Nicholas. A Woman's Life for Eighteen Years on a Desert Island. A Modern Fact More Marvelous Than the Time-Honored Fiction of Robinson Crusoe.""","9,",263,27,July,1881,1881-07-27,,"Santa Barbara, California",
87,Santa Barbara (CA) Daily Press,"The Santa Barbara Daily Press (1872-1885) is a daily newspaper founded by Joseph Johnson out of Santa Barbara, California. He started the paper with the goals of sparking tourism in the area, promoting the white majority, and transforming the ranches into agricultural areas. Johnson had a fierce rivalry with Santa Barbara Times’ editor Jarrett Richards, especially when it came to the proposed subsidies that would bring the railroad to town. These tensions eventually escalated into a full-blown fistfight, which Johnson lost. General Otis took over the Santa Barbara Daily Press from 1876 to 1880, when Robert D. Bogart came into possession of it. Santa Barbara was increasingly becoming known as a tourist destination by this time.","""About Santa Barbara daily press. (Santa Barbara, Calif.) 1872-85,"" Chronicling America, accessed 21 March 2016. Edward S. Casey and Mary Watkins, Up Against the Wall (Austin, Texas: University of Texas Press, 2014), accessed 21 March 2016, eBook. Hugh J. Mohan, E. H. Clough, and John Paul Cosgrave, Pen Pictures of Our Representative Men (Sacramento, California: H.A. Weaver’s Valley Press Printing House, 1880), accessed 21 March 2016, eBook. National Cyclopaedia of American Biography (New York: James T. White & Company, 1910), accessed 21 March 2016, eBook.Neal Graffy, Historic Santa Barbara (San Antonio, Texas: Historical Publishing Network, 2010), accessed 21 March 2016, eBook. ""The Railroad War,"" Price, Postel & Parma LLP, accessed 21 March 2016.",Rawlins1881_Nov17,newspaper-article,"Rawlins, J. H.","""The Heroine of San Nicholas. A Woman's Life for Eighteen Years on a Desert Island. A Modern Fact More Marvelous Than the Time-Honored Fiction of Robinson Crusoe.""","10,",41,17,November,1881,1881-11-17,,"Santa Barbara, California",
87,Santa Barbara (CA) Daily Press,"The Santa Barbara Daily Press (1872-1885) is a daily newspaper founded by Joseph Johnson out of Santa Barbara, California. He started the paper with the goals of sparking tourism in the area, promoting the white majority, and transforming the ranches into agricultural areas. Johnson had a fierce rivalry with Santa Barbara Times’ editor Jarrett Richards, especially when it came to the proposed subsidies that would bring the railroad to town. These tensions eventually escalated into a full-blown fistfight, which Johnson lost. General Otis took over the Santa Barbara Daily Press from 1876 to 1880, when Robert D. Bogart came into possession of it. Santa Barbara was increasingly becoming known as a tourist destination by this time.","""About Santa Barbara daily press. (Santa Barbara, Calif.) 1872-85,"" Chronicling America, accessed 21 March 2016. Edward S. Casey and Mary Watkins, Up Against the Wall (Austin, Texas: University of Texas Press, 2014), accessed 21 March 2016, eBook. Hugh J. Mohan, E. H. Clough, and John Paul Cosgrave, Pen Pictures of Our Representative Men (Sacramento, California: H.A. Weaver’s Valley Press Printing House, 1880), accessed 21 March 2016, eBook. National Cyclopaedia of American Biography (New York: James T. White & Company, 1910), accessed 21 March 2016, eBook.Neal Graffy, Historic Santa Barbara (San Antonio, Texas: Historical Publishing Network, 2010), accessed 21 March 2016, eBook. ""The Railroad War,"" Price, Postel & Parma LLP, accessed 21 March 2016.",Blanco1882,newspaper-article,Blanco.,"""Santa Barbara. A Visitor's Views Regarding Its Climate and Attractions.""","10,",121,23,February,1882,1882-02-23,,"Santa Barbara, California",
221,Santa Barbara (CA) Gazette,"The Santa Barbara Gazette (1855-58) was a weekly newspaper founded by W.B. Keep and R.B. Hubbard out of Santa Barbara, California. Because the town’s population was very small, the paper originally published in both English and Spanish to attract enough readers to stay in business.","""About Santa Barbara gazette. (Santa Barbara [Calif.]) 1855-1858,"" Chronicling America, accessed 10 March 2016. Yda Addis Storke, A Memorial and Biographical History of the Counties of Santa Barbara, San Luis Obispo, and Ventura, California, accessed 10 March 2016, eBook.",SantaBarbaraGazette1856,newspaper-article,,"""The Lone Indian of San Nicolas.""","2,",30,11,December,1856,1856-12-11,W.B. Keep & Co.,"Santa Barbara, California",
223,Santa Barbara (CA) News-Press,"The Santa Barbara News-Press (1932-current) is a daily newspaper founded by Thomas Storke out of Santa Barbara, California; the paper was a merger between the Daily News and Independent (founded by Storke in 1913 and later sold) and the Santa Barbara Morning Press (founded in 1876). The newly created News-Press was then the only daily in the city. In 1962, Storke would becmme a Pulitzer Prize-winning journalist. Santa Barbara had a population of 34,958 in 1940.","John Reginald Southworth, Santa Barbara and Montecito: Past and Present (Santa Barbara, CA: Oreña Studios, 1920), accessed July 18, 2016. Lexi Pandell, ""The Legacy of Thomas M. Storke,"" Daily Nexus, July 31, 2011, accessed July 18, 2016. Neal Graffy, Historic Santa Barbara: An Illustrated History, (San Antonio, TX: Historical Publishing Network, 2010), accessed July 18, 2016, eBook. ""Timeline,"" City of Santa Babara, Last updated February 1, 2016, accessed July 26, 2016. U.S. Census Bureau, ""1940 Census,"" accessed July 26, 2016, PDF.",SantaBarbaraNewsPress1939,newspaper-article,,"""'Wild' Woman's Homesite Is Located.""","96,",298,22,August,1939,1939-08-22,,"Santa Barbara, California",
223,Santa Barbara (CA) News-Press,"The Santa Barbara News-Press (1932-current) is a daily newspaper founded by Thomas Storke out of Santa Barbara, California; the paper was a merger between the Daily News and Independent (founded by Storke in 1913 and later sold) and the Santa Barbara Morning Press (founded in 1876). The newly created News-Press was then the only daily in the city. In 1962, Storke would becmme a Pulitzer Prize-winning journalist. Santa Barbara had a population of 34,958 in 1940.","John Reginald Southworth, Santa Barbara and Montecito: Past and Present (Santa Barbara, CA: Oreña Studios, 1920), accessed July 18, 2016. Lexi Pandell, ""The Legacy of Thomas M. Storke,"" Daily Nexus, July 31, 2011, accessed July 18, 2016. Neal Graffy, Historic Santa Barbara: An Illustrated History, (San Antonio, TX: Historical Publishing Network, 2010), accessed July 18, 2016, eBook. ""Timeline,"" City of Santa Babara, Last updated February 1, 2016, accessed July 26, 2016. U.S. Census Bureau, ""1940 Census,"" accessed July 26, 2016, PDF.",SantaBarbaraNewsPress1944,newspaper-article,,"""'Woman of San Nicholas' Not Myth: New Proof Found at Old Mission.""","81,",112,20,February,1944,1944-02-20,,"Santa Barbara, California",
223,Santa Barbara (CA) News-Press,"The Santa Barbara News-Press (1932-current) is a daily newspaper founded by Thomas Storke out of Santa Barbara, California; the paper was a merger between the Daily News and Independent (founded by Storke in 1913 and later sold) and the Santa Barbara Morning Press (founded in 1876). The newly created News-Press was then the only daily in the city. In 1962, Storke would becmme a Pulitzer Prize-winning journalist. Santa Barbara had a population of 34,958 in 1940.","John Reginald Southworth, Santa Barbara and Montecito: Past and Present (Santa Barbara, CA: Oreña Studios, 1920), accessed July 18, 2016. Lexi Pandell, ""The Legacy of Thomas M. Storke,"" Daily Nexus, July 31, 2011, accessed July 18, 2016. Neal Graffy, Historic Santa Barbara: An Illustrated History, (San Antonio, TX: Historical Publishing Network, 2010), accessed July 18, 2016, eBook. ""Timeline,"" City of Santa Babara, Last updated February 1, 2016, accessed July 26, 2016. U.S. Census Bureau, ""1940 Census,"" accessed July 26, 2016, PDF.",Brantingham1993,newspaper-article,"Brantingham, Barney.","""Island Woman's Origins Still Hotly Debated.""",,,11,July,1993,1993-07-11,,"Santa Barbara, California",
225,Sarnia (Ontario) Observer,"The Sarnia Observer (1853-current) is a daily newspaper founded by James Gemmill, out of Sarnia, Ontario. Originally a weekly called the Lambton Observer and Western Advertiser, it covered agriculture and politics but also published fiction. Since its founding, the paper has changed its name six times but has maintained the Observer as part of its title throughout its history. Sarnia is known for its prominent oil industry.","Edward Phelps and Charles Whipp, Sarnia (Canada: Windsor, 1987), accessed June 28, 2016, eBook. George Matthewson, ""John Raeside Gemmill and the Sarnia Observer,"" Sarnia Historical Society, accessed June 28, 2016. ""Overview,"" Sarnia, Ontario, Canada, accessed June 28, 2016.",TheSarniaObserver1898,newspaper-article,,"""An Indian Mother. The Story of a Lone Woman on A Deserted Island. Jumped Into the Ocean and Swam Ashore to Find Her Babe--Failing to Recover the Child, She Lived Alone on the Islands For Eighteen Years.""","45,",5,4,February,1898,1898-02-04,,"Sarnia, Ontario",
226,Los Angeles Saturday Post,"The Saturday Post (1899-?) was founded by Abbot Kinney out of Los Angeles, California. Kinney was one of the founders of the resort town of Venice, California. The paper (circulation of 11,200 in 1901) published fiction for a family audience but also printed political articles; it had Democratic leanings. Los Angeles had a population of 102, 479 in 1900.","J. M. Guinn, Historical and Biographical Record of Los Angeles and Vicinity (Chicago: Chapman, 1901), accessed July 4, 2016, eBook. Pacific Monthly (Portland, OR: Pacific Monthly, 1905), accessed July 4, 2016, eBook. ""The Saturday Post Enjoys Rapid Growth,"" Los Angeles Herald, July 12, 1901, accessed July 4, 2016. U.S. Census Bureau, ""1900 Census,"" accessed July 4, 2016, PDF.",FHDudley1901,newspaper-article,"Dudley, Mrs. F. H.","""The Tragedy of San Nicholas Island.""","3,",22,1,June,1901,1901-06-01,,"Los Angeles, California",
228,Scientific American,"The Scientific American (1845-current) is a monthly magazine founded by Rufus Porter out of New York. In addition to articles about science, the first few issues included poetry and fiction. The publication of literary material was discontinued when the paper was sold to Orson Desaix Munn and Alfred Ely Beach. The paper flourished under Munn & Company, who brought the circulation up to 50,000 in the late 1880s. The paper attracted many different inventors and scientists, such as Samuel J. Morse and Thomas Edison; they were especially known for their role in setting up a patent office for their inventors. The Scientific American is the longest running magazine in the United States.","""About Scientific American,"" Scientific American, accessed June 29, 2016. Frank Luther Mott, American Journalism: A History of Newspapers in the United States Through 250 Years: 1690 to 1940 (New York: Macmillan, 1941), accessed June 29, 2016, eBook.",Holder1899,magazine-article,"Holder, Charles Frederick","""The Wind-Swept Isle of San Nicolas.""","81,",15,7,October,1899,1899-10-07,,"New York, New York",
232,Shipwrecked Mariner,"The Shipwrecked Mariner (1854-83) was a quarterly magazine founded by the Shipwrecked Mariners’ Society out of London, England, United Kingdom. The magazine featured stories of shipwrecks and reported on other maritime news. It was edited by George Morrish, and later by W.R. Buck. It had a circulation of about 9,500 in 1871.","Gospel Magazine and Protestant Beacon (London: W. H. Collingridge, 1859), accessed April 3, 2016, eBook.Nautical Magazine for 1871 (London: Simpkin, Marshall, 1871), accessed April 3, 2016, eBook. ""The Shipwrecked Mariner,"" HathiTrust, accessed April 3, 2016. W.R. Buck, ed., The Shipwrecked Mariner, Volume 32 (London: Fisher T. Unwin, 1885), accessed April 3, 2016, eBook.",ShipwreckedMariner1879,magazine-article,,"""A Female Crusoe.""",20,,,January,1879,1879-01-01,T.F. Unwin,"London, England, United Kingdom",
233,"Sierra Educational News (San Francisco, CA)","The Sierra Education News(1904-?) was a journal originally published by C. C. Boynton, Calvin Esterly, and Edward C. Boynton out of San Francisco, with another office in Southern Califonia. In 1909, the journal became the main publication of the California Teachers Association. Vaughan MacCaughey was the editor in the 1930s.","""Editorial Notes,"" Western Journal of Education 23 no. 3 (1917): 12, accessed July 26, 2016, eBook. ""Educator to Go on Radio,"" Ukiah Republican Press, April 14, 1937, accessed July 26, 2016. Los Angeles School Journal 13 (1929): 12, accessed July 26, 2016, eBook. Roy W. Cloud, ""Starting of the ‘Sierra Educational News,’"" Education in California (Standford: Stanford University Press, 1952), accessed July 26, 2016, eBook.",Woodward1931,journal-article,"Woodward, Arthur.","""An Indian Woman, San Nicolas Island, Santa Barbara Channel.""",,,,March,1931,1931-03-01,,"San Francisco, California",
234,Skaneateles (NY) Free Press,"The Skaneateles Free Press (1874-current) is a weekly newspaper founded by John C. Stevenson out of Skaneateles, New York. Stephenson still ran the paper in the early 1920s. The ""Free"" was dropped from the Skaneateles Press’s name in 1926. Skaneatles (pop. 4,247 in 1920), located in the Skaneateles Lake area southwest of Syracuse, was known for its tourism.","""About Skaneateles press. (Skaneateles, N.Y.) 1926-current,"" Chronicling America, accessed July 25, 2016. ""Cayuga County is Strong for Co-operation,"" Fourth Estate July 5, 1919, accessed July 25, 2016. Dwight Hall Bruce, ed., ""John C. Stephenson,"" Onondaga’s Centennial: Gleanings of a Century, Volume 2,"" (Boston: Boston History, 1896), accessed July 25, 2016. ""Skaneateles Town & Village History,"" Skaneateles Historical Society, accessed July 15, 2016. U.S. Census Bureau, ""1920 Census,"" accessed July 25, 2016, PDF.",SkaneatelesFreePress1921,newspaper-article,,"""Alone for Eighteen Years. Indian Woman, Abandoned on Desert Island, Finally Found by Party of Otter Hunters.""","48,",20,19,July,1921,1921-07-29,,"Skaneateles, New York",
235,Smithfield (NC) Herald,"The Smithfield Herald (1882-current) is a semi-weekly newspaper founded by F. T. Booker, E. G. Smith, and John W. Lassiter out of Smithfield, North Carolina. In 1885, the Herald had a circulation of about 1,000 and in 1890, Smithfield’s population registered at 550.","George P. Rowell & Co.’s American Newspaper Directory (New York: George P. Rowell, 1880), accessed June 22, 2016, eBook. Smithfield Herald, Twitter Feed, @heraldnc, accessed June 22, 2016. U.S. Census Bureau, ""1890 Census,"" accessed June 22, 2016, PDF. Wingate Lassiter, ""Smithfield Herald,"" NCpedia, last updated 2006, accessed June 22, 2016.",TheSmithfieldHerald1892,newspaper-article,,"""An Idyl Of The Pacific. In Island White with Skeletons of an Extinct Indian Race.""","10,",48,31,March,1892,1892-03-31,,"Smithfield, North Carolina",
294,South Australian Register (Adelaide),"The South Australian Register (1836-1931) was a newspaper founded by Robert Thomas and George Stevenson out of Adelaide, South Australia, Australia. The first issues were actually printed in London as a means of promoting the colony, before South Australia was officially founded, as a promotion for the colony. These initial issues were sporadically printed, but the South Australian Register became a regular daily in the 1850s. The outspokenness of its early editors provoked a number of libel suits against the paper. The Register primarily reported on local news, but it printed stories from all over the world, as its offices had a telegraph connection to London in the 1870s. Robert Kyffin Thomas was the editor from 1878 to 1910, when the Register’s main competitor was the South Australian Advertiser. Circulation was around 6,000 in 1884, and the region experienced a wheat boom in the 1870s and 1880s.","""History ofAdelaide City,"" Adelaide Hills, accessed October 6, 2016, http://www.adhills.com.au/tourism/towns/adelaidecity/history.html. ""Register,"" SA Newspapers, South Australian Press, Government of South Australia, accessed October 6, 2016, http://www.samemory.sa.gov.au/site/page.cfm?c=2564. ""Sixteen Leading Dailies of Australia,"" H.P. Hubbard’s Leading Newspapers (New Haven, CT: International Newspaper Agency, 1884), accessed October 6, 2016.",TheSouthAustralianRegister1879,newspaper-article,,"""Alone for Eighteen Years,""","44,",no. 10170,19,June,1879,1879-06-19,,"Adelaide, South Australia",
236,Batavia (NY) Spirit of the Times,"The Spirit of the Times (1819-1856) was a weekly newspaper out of Batavia, New York, founded by Oran Follett. In 1845, after changing hands multiple times, the Times came under the jurisdiction of William Seaver and his son. William Seaver is perhaps best known for publishing, with his brother, James, the story of Mary Jemison, a white settler who was taken captive by Seneca Indians and who lived with them for the majority of her life. James recorded Jemison’s story in 1823, although clearly with his own interpretation of the material, and published the first editions of her captivity narrative. After his death, William reworked the successful story and reprinted it from his own publishing house; by this time, Batavia was becoming more connected to the rest of the state via railroad and telegraph lines, and the story gained wider circulation. By 1850, Batavia had a population of just over 2,000 people, with multiple small and home businesses.","""About The Spirit of the Times. (Batavia [N.Y.]) 1833-1856,"" Chronicling America, accessed February 28, 2016. Frederick Follett, History of the Press of Western New-York (Rochester: Jerome & Brother, 1847), accessed February 28, 2016, eBook. J.H. French, Gazetteer of the State of New York (Syracuse, NY: Pearsall Smith, 1860), accessed February 28, 2016, eBook. June Namias, White Captives: Gender and Ethnicity on the American Frontier (Chapel Hill: University of North Carolina Press, 1993), accessed February 28, 2016, eBook. Larry D. Barnes, History of Batavia: 1801-2015 (Batavia: n.p., 2015), accessed February 28, 2016, eBook.",SpiritOfTheTimes1847,newspaper-article,,"""A Female Crusoe.""","28,",31,19,January,1847,1847-01-19,,"Batavia, New York",
238,Springfield (MA) Daily Republican,"The Springfield Daily Republican (1844-1946) was a daily newspaper originally founded as the weekly Republican by Samuel Bowles (1824) out of Springfield, Massachusetts. His son by the same name founded the daily version, although he had no subscribers at the onset. Launching a daily paper was risky because at the time, there were few in the state, outside of Boston. However, the paper turned into a long-running success. Bowles was friends with Emily Dickinson, who printed some of her work in the paper. The Republican’s name is misgiving as it was founded before the Republican Party began. Originally, the paper had Whig affiliations, but once Republican Party was founded and rose to prominence, the paper briefly followed it before dropping all political affiliations and becaming neutral. Springfield, Massachusetts had a population of 14,000 in 1850, the year it became incorporated into a city. It was known for its paper manufacturing.","Moses King and William Clogston, King’s Handbook of Springfield, Massachusetts (Springfield, Massachusetts: James D. Gill, 1884), accessed 8 March 2016, eBook. Staff Archivists, ""About the Daily Republican Newspaper,"" The Daily Republican, updated 2000, accessed 8 March 2016. U.S. Census Bureau, ""1850 Census,"" accessed 8 March 2016, PDF.",SpringfieldDailyRepublican1853,newspaper-article,,"""A Female Robinson Crusoe.""","10,",275,22,November,1853,1853-11-22,,"Springfield, Massachusetts",
239,St. Lawrence (NY) Plaindealer,"The St. Lawrence Plaindealer (1855-current) is a newspaper founded by Seth Pierre Remington and William B. Goodrich as a Republican organ out of Canton, New York. Gibert Manley became the publisher and editor in 1873, the first of three generations of Manleys to run the paper. The main industry of Canton during this time (pop. 6,018 in 1875) was agriculture, especially in the dairy sector.","""About The St. Lawrence plain dealer. (Canton, St. Lawrence County, N.Y.) 1856-1958,"" Chronicling America, accessed April 4, 2016. History of St. Lawrence Co., New York (Philadelphia: L.H. Everts, 1878), accessed April 4, 2016, eBook. Linda A. Cassery, Julie Sherman Grayson, and Judith C. Liscum, Canton (Charleston, SC: Arcadia, 2005), accessed April 4, 2016, eBook. Samuel W. Durant, Henry B. Peirce, and the Saint Lawrence County Historical Association, History of St. Lawrence Co., New York (Interlaken, NY: Heart of the Lakes, 1982), accessed April 4, 2016, eBook.",StLawrencePlaindealer1879,newspaper-article,,"""Female Crusoe. Alone on a Dreary Desert Island for Eighteen Years.""","23,",84,27,February,1879,1879-02-27,Gilbert B. Manley,"Canton, New York",Gilbert B. Manley
340,St. Louis (MO) Globe-Democrat,"The St. Louis Globe Democrat (1875-1986) was a daily newspaper out of St. Louis, Missouri; it materialized from the combination of rival papers The Globe and the Missouri Democrat. Its original editor was Joseph McCullagh. St. Louis was a railway hub with a population of 350,318 in 1880. The paper folded in 1986 due to low circulation.","Charles C. Clayton, Little Mack: Joseph B. McCullaph (Carbondale, IL: Southern Illinois University Press, 1969), accessed January 15, 2017, eBook. St. Louis: Becoming a City (1850-1900),"" National Park Service, U.S. Department of the Interior, accessed January 15, 2017, https://www.nps.gov/jeff/planyourvisit/becoming-a-city.htm. St. Louis City Plan Commision 1969, ""The Golden Age: 1865-1900,"" Physical Growth of the City of St. Louis, stlouis-mo.gov, accessed January 15, 2017, https://www.stlouis-mo.gov/archive/history-physical-growth-stlouis/#golden. William Cronin, Natures Metropolis (New York: Norton, 1992), accessed January 16, 2017, eBook. William H. Taft, Missouri Newspapers (Columbia, MO: University of Missouri Press, 1964), accessed January 16, 2017, eBook.",StLouisGlobeDemocrat1885,newspaper-article,"[Fred Spalding Witter],","""A Feminine Crusoe. Eighteen Years on a Desert Island—How She Lived and Dressed,""","10,",no. 361,19,May,1885,1885-05-19,,"St. Louis, Missouri",
240,St. Louis Post-Dispatch,"The St. Louis Post-Dispatch (1879-current) is a daily newspaper founded by Joseph Pulitzer out of St. Louis, Missouri. It is a merger of the two papers, the former St. Louis Dispatch (founded 1863) and St. Louis Post (founded 1875). During the early years of Pulitzer’s editorship at the Post-Dispatch, Pulitzer’s focus was on accurate reporting and the exposure of corruption. The Post-Dispatch had a healthy circulation of 22,000 in 1881. Later, however, Pulitzer’s newspaper, and especially the New York World, would become known for their yellow journalism, sensational resporting designed to increase readership, especialy in competition against rival papers.  St. Louis was a growing industrial city at the time with a population of 451,770 in 1890.","Editors of Encyclopedia Britannica, ""Saint Louis Post-Dispatch,"" Encyclopedia Britannica, accessed June 13, 2016. Laura R. Jolley, ""Joseph Pulitzer (1847-1911),"" Historic Missourians, accessed June 13, 2016. Physical Growth of the City of Saint Louis (St. Louis: St. Louis City Plan Commission, 1969), accessed June 13, 2016, eBook.",StLouisPostDispatch1885,newspaper-article,,"""A Feminine Crusoe; Eighteen Years On a Desert Island--How She Lived and Dressed.""","33,",285,23,May,1885,1885-05-23,,"St. Louis, Missouri",
242,St. Paul (MN) Daily News,"The St. Paul Daily News (1887-94) was a daily newspaper founded by W. R. Marshall, J. A. Wheelock, and N. Bradley out of St. Paul, Minnesota; it was the consolidation of the Times and the Minnesotian. Harlan P. Hall was the owner and editor in 1891. The paper eventually became the leading Republican paper in the state, with a circulation of about 14,000 in 1892. St. Paul (pop. 133,156 in 1890) was an industrial center, especially known for its meat-packing industries.","""About The St. Paul daily news. (St. Paul, Minn.) 1887-1894,"" Chronicling America, accessed June 22, 2016. ""Harlan P. Hall,"" Inland Printer 8 (1891): 653, eBook. Henry A. Casltle, History of St. Paul and Vicinity (Chicago: Lewis, 1912), accessed June 22, 2016, eBook. ""St. Paul Daily and Weekly News,"" Printers’ Ink 7, no. 20 (1892): 654, accessed June 22, 2016, eBook. U.S. Census Bureau, ""1890 Census,"" accessed June 22, 2016, PDF.",TheStPaulDailyNews1892,newspaper-article,,"""Covered with Skeletons. The Story of San Nicolas Island and Its Last Inhabitant.""","5th year,",,13,April,1892,1892-04-13,,"Saint Paul, Minnesota",
296,Christchurch (NZL) Star,"The Star (1868-current) is a newspaper founded by William Reeves, W.J.W. Hamilton, and T.W. Maude out of Christchurch, New Zealand; the paper was an evening edition for most of its life. In 1935, the Star combined with the Sun and became the Sun-Star. In 1938, the paper was back to being called the Star, and in 1991, it stopped daily publication, and is now a biweekly free paper. In 1876, Christchurch had a combined city/suburb population of 22,000, and its main industry was agriculture.","""Chirstchurch History,"" Christchurch and Canterbury, New Zealand, Christchurch and Canterbury Tourism 2012, accessed October 7, 2016, http://www.christchurchnz.com/destinations/christchurch/past/. ""Early Christchurch-A Brief History,"" Christchurch City Libraries, accessed October 7, 2016, Christchurch City Council, http://my.christchurchcitylibraries.com/christchurch-brief-history/#To-1900. Nick Tolerton, ""Vibrant Servant of the City and its People,"" The Star, Isuu, accessed October 7, 2016, https://issuu.com/the.star/docs/108275cs/2. ""The Star,"" Papers Past, National Library of New Zealand Te Puna Matauranga o Aotearoa, New Zealand Government, accessed October 7, 2016.",TheStar1879_Jun9,newspaper-article,,"""A Female Crusoe,""",,no. 3482,9,June,1879,1879-06-09,,"Christchurch, South Island, New Zealand",
296,Christchurch (NZL) Star,"The Star (1868-current) is a newspaper founded by William Reeves, W.J.W. Hamilton, and T.W. Maude out of Christchurch, New Zealand; the paper was an evening edition for most of its life. In 1935, the Star combined with the Sun and became the Sun-Star. In 1938, the paper was back to being called the Star, and in 1991, it stopped daily publication, and is now a biweekly free paper. In 1876, Christchurch had a combined city/suburb population of 22,000, and its main industry was agriculture.","""Chirstchurch History,"" Christchurch and Canterbury, New Zealand, Christchurch and Canterbury Tourism 2012, accessed October 7, 2016, http://www.christchurchnz.com/destinations/christchurch/past/. ""Early Christchurch-A Brief History,"" Christchurch City Libraries, accessed October 7, 2016, Christchurch City Council, http://my.christchurchcitylibraries.com/christchurch-brief-history/#To-1900. Nick Tolerton, ""Vibrant Servant of the City and its People,"" The Star, Isuu, accessed October 7, 2016, https://issuu.com/the.star/docs/108275cs/2. ""The Star,"" Papers Past, National Library of New Zealand Te Puna Matauranga o Aotearoa, New Zealand Government, accessed October 7, 2016.",TheStar1879_Oct25,newspaper-article,,"""A Female Crusoe,""",,no. 3601,25,October,1879,1879-10-25,,"Christchurch, South Island, New Zealand",
244,Steuben (NY) Farmers' Advocate,"The Steuben Farmers’ Advocate (1816-1938) was a weekly newspaper founded by Captain Benjamin Smead out of Bath, Steuben County, New York; it was originally named Steuben and Allegany Patriot. In 1822, the paper became the Farmer’s Advocate and Steuben Advertiser, and then adopted to its final name when it was sold to Perry S. Donahe in 1857. By 1860, Donahe had already sold the paper again, this time to Anthony L. Underhill, who remained connected to the paper for the next forty years. Underhill was a booster for the Democratic Party, and the paper followed suit. During Underhill’s reign, the paper was innovative in its printing techniques, becoming the first local paper to use the cylinder press, and the first to use steam power for both printing and folding. In 1880, the population of Bath was 7,396, and the main industries were agriculture and lumbering.","""About Steuben farmers’ advocate. (Bath, Steuben Co., N.Y.) 183?-1920,"" Chronicling America, accessed April 4, 2016. ""History,"" Town of Bath, accessed April 4, 2016. Irvin W. Near, A History of Steuben County, New York and its People (Chicago: Lewis, 1911), accessed April 4, 2016, eBook. U.S. Census Bureau, ""1880 Census,"" accessed April 4, 2016, PDF.",SteubenFarmersAdvocate1879,newspaper-article,,"""A Female Crusoe.""","64,",23,6,June,1879,1879-06-06,,"Bath, New York",
246,Suffolk County (NY) News,"The Suffolk County News (1884-current) is a weekly newspaper founded by Walter Burling out of Sayville, Suffolk County, New York; it was originally called the Sayville Weekly News but the name was changed in 1888. Long Island (NY)’s Suffolk County (pop. 110,246 in 1920) was known for its agriculture in the 1920s.","""About The Suffolk County news. (Sayville, N.Y.) 1888-current,"" Chronicling America, accessed July 25, 2016. ""About Us,"" Suffolk County News, accessed July 25, 2016. ""Suffolk County Profile,"" Rootsweb, accessed July 25, 2016. U.S. Census Bureau, ""1920 Census,"" accessed July 25, 2016, PDF.",TheSuffolkCountyNews1921,newspaper-article,,"""Alone for Eighteen Years. Indian Woman, Abandoned on Desert Island, Finally Found by Party of Otter Hunters.""","37,","9 (whole no. 1,900)",15,July,1921,1921-07-15,,"Sayville, New York",
247,Parsons (KS) Sun,"The Sun (1871-current) is a daily newspaper founded by Milton W. Reynolds and Leslie J. Perry out of Parsons, Kansas; for its first nine years, the Sun was printed as a weekly. H. H. Lusk was the editor and owner of the paper in the early 1900s. The town of Parsons was founded in 1871 when the railroad came through southeast Kansas; the railroad remained the town’s most significant employer into the first part of the twentieth century. Parsons had a population of 7,682 in 1900.","""About Us,"" Parsons Sun, accessed July 4, 2016. J. H. Leonard, ""Milton W. Reynolds,"" Kansas Memory, accessed July 4, 2016. Nelson Case, History of Labette County, Kansas (Topeka, KS: Crane, 1893), accessed July 4, 2016, eBook. Portrait and Biographical Record of Southeastern Kansas (Chicago: Biographical, 1894), accessed July 4, 2016, eBook. U.S. Census Bureau, ""1900 Census,"" accessed July 4, 2016, PDF.",Julian1901_TS,newspaper-article,"Julian, Edward.","""Stories Of Riches. They Came from All Parts of Our Wonderful Country. New Deposits of Precious Metals and Minerals Discovered in the Far West--The Wonders of San Nicolas.""","23,",219,21,November,1901,1901-11-21,,"Parsons, Kansas",
250,Elmira (NY) Telegram,"The Telegram (1879-1923) was a weekly Sunday newspaper founded by Charles Hazzard, James Hill, and Harry J. Brooks out of Elmira, New York. The Telegram was successful because the Sunday editions of the big New York City papers did not arrive in the region in time for the weekend. In the early 1900s, Telegram had an average circulation of 200,000. The southern New York town of Elmira had a population of 37,176 in 1901.","Jim Hare, ""Elmira History: Fire Destroyed Newspaper Building,"" Stargazzette, May 9, 2016, accessed July 17, 2016. U.S. Census Bureau, ""1910 Census,"" accessed July 17, 2016, PDF.",TheTelegram1913,newspaper-article,,"""Beautiful Santa Barbara an Out-of-Door Paradise.""",,,2,March,1913,1913-03-02,,"Elmira, New York",
251,Macon (GA) Telegraph And Messenger,"The Telegraph and Messenger (1869-85) was a weekly newspaper out of Macon, Georgia, originally edited by Joseph Clisby. It was formed by merging the Macon Telegraph (founded 1926) and the Journal and Messenger (founding date unclear). Striving for neutrality in its columns, the Republican Telegraph and Messenger stood directly opposed to the Democratic Atlanta Constitution. The Telegraph and Messenger had a weekly circulation of 1,728 in 1878. In the 1880s, Harry Stillwell Edwards took over the editorship and John Fletcher Hanson took over the ownership. Together they called for technical college in Georgia, which eventually led to the founding of the Georgia Institute of Technology. Macon had a population of 12,749 in 1880, and textile mills and agriculture (particularly peaches) were the main industries.","""About Daily journal and messenger. (Macon, Ga.) 18?? -1865,"" Chronicling America, accessed July 17, 2016. ""About the Macon Telegraph Archive,"" Georgia Historic Newspapers, accessed June 13, 2016. Joseph M. Flora, Amber Vogel eds., Southern Writers: A New Biographical Dictionary (Baton Rouge: Louisiana State University Press, 2006), accessed June 13, 2016, eBook. Nancy Briska Anderson, ""Macon,"" New Georgia Encyclopedia, last updated May 31, 2016, accessed June 13, 2016. .Pettengill’s Newspaper Directory and Advertisers’ Hand-book for 1878 (New York: S.M. Pettengill, 1878), accessed June 13, 2016, eBook. U.S. Census Bureau, ""1880 Census,"" accessed June 13, 2016, PDF. World Heritage Encyclopedia, ""John Fletcher Hanson,"" Kindle eBook Library, accessed June 13, 2016.",TheTelegraphAndMessenger1885,newspaper-article,,"""A Feminine Crusoe. Eighteen Years on a Dessert Island--How She Lived and Dressed.""","59,",26,29,May,1885,1885-05-29,,"Macon, Georgia",
297,Thames (NZL) Advertiser,"The Thames Advertiser and Miners’ News (1868-1912) was a newspaper founded by Englishmen William Wilkinson and Claude Corlett out of Thames, North Island, New Zealand; it started off with issues distributed tri-weekly, but soon switched to daily. The paper was targeted mainly at miners, as Thames was experiencing a gold rush in the late 1860s and early 1870s, and also at the general public who was flocking to Thames because of its prominence as a place of commerce.","""The Thames Advertiser,"" Papers Past, National Library of New Zealand Te Puna Matauranga o Aotearoa, New Zealand Government, accessed October 10, 2016.",ThamesAdvertiser1879,newspaper-article,,"""A Castaway,""","12,",no. 3356,2,July,1879,1879-07-02,,"Thames, North Island, New Zealand",
297,Thames (NZL) Advertiser,"The Thames Advertiser and Miners’ News (1868-1912) was a newspaper founded by Englishmen William Wilkinson and Claude Corlett out of Thames, North Island, New Zealand; it started off with issues distributed tri-weekly, but soon switched to daily. The paper was targeted mainly at miners, as Thames was experiencing a gold rush in the late 1860s and early 1870s, and also at the general public who was flocking to Thames because of its prominence as a place of commerce.","""The Thames Advertiser,"" Papers Past, National Library of New Zealand Te Puna Matauranga o Aotearoa, New Zealand Government, accessed October 10, 2016.",ThamesAdvertiser1892,newspaper-article,,"""The Isle of Skulls,""","25,",no. 7266,12,July,1892,1879-07-02,,"Thames, North Island, New Zealand",
306,Timaru (NZL) Herald,"The Timaru Herald (1864-current) is a daily newspaper founded by Alfred George Horton and Ingram Shrimpton out of Timaru, New Zealand; it was originally a weekly, became a biweekly when the telegraph reached town in 1865, and finally was printed daily in 1876. Scotsman Edward George Kerr ran the paper in the 1890s, and it had a circulation of around 3,100 in the early 1900s. Timaru is known for its portand local agriculture.","John Wilson, ""South Canterbury Region-Timaru and its Port,"" Te Ara: Encyclopedia of New Zealand, New Zealand Government, accessed October 16, 2016, http://www.teara.govt.nz/en/south-canterbury-region/page-6. Patrick Adam Day, ""Timaru Herald,"" The Making of the New Zealand Press (Wellington, NZ: Victoria University Press, 1990), accessed October 16, 2016, eBook. ""Press,"" Cyclopedia of New Zealand (Christchurch, NZ: Cyclopedia, 1903), accessed October 16, 2016, eBook. ""The Timaru Herald,"" Papers Past, National Library of New Zealand Te Puna Matauranga o Aotearoa, New Zealand Government, accessed October 16, 2016. ""Timeline of The Timaru Herald,"" The Timaru Herald, Fairfax Media, last updated September 10, 2013, accessed October 16, 2016, http://www.stuff.co.nz/timaru-herald/contact-us/about-us/7924419/Timeline-of-The-Timaru-Herald.",TheTimaruHerald1892,newspaper-article,,"""The Isle of Skulls,""","55,",no. 5455,4,July,1892,1892-07-04,,"Timaru, Canterbury, New Zealand",
299,Times of India,"The Times of India (1861-current) is a daily newspaper founded by Robert Knight out of Mumbai, India. It was a merger between the Bombay Times and Journal of Commerce (founded in 1838) and other papers in the city. In the late nineteenth century, the Times employed around 800 people. In the 1870s, Mumbai (then Bombay) was a prominent trade hub. The paper was British-owned until the 1940s.","""3rd November 1838: The Times of India, the Newspaper, was Founded,"" Maps of India, accessed October 12, 2016, http://www.mapsofindia.com/on-this-day/3rd-november-1838-the-times-of-india-the-newspaper-was-founded. Robin Jeffrey and Ronojoy Sen, Media at Work in China and India (New Delhi: SAGE Publications India, 2015), accessed October 12, 2016, eBook. ""Times of India,"" Encyclopedia Britannica, accessed October 12, 2016. ""Mumbai,"" Encyclopedia Britannica, accessed October 12, 2016.",TimesOfIndia1879,newspaper-article,,"""A Female Crusoe,""",,,27,March,1879,1879-03-27,,"Mumbai, Maharashtra, India",
299,Times of India,"The Times of India (1861-current) is a daily newspaper founded by Robert Knight out of Mumbai, India. It was a merger between the Bombay Times and Journal of Commerce (founded in 1838) and other papers in the city. In the late nineteenth century, the Times employed around 800 people. In the 1870s, Mumbai (then Bombay) was a prominent trade hub. The paper was British-owned until the 1940s.","""3rd November 1838: The Times of India, the Newspaper, was Founded,"" Maps of India, accessed October 12, 2016, http://www.mapsofindia.com/on-this-day/3rd-november-1838-the-times-of-india-the-newspaper-was-founded. Robin Jeffrey and Ronojoy Sen, Media at Work in China and India (New Delhi: SAGE Publications India, 2015), accessed October 12, 2016, eBook. ""Times of India,"" Encyclopedia Britannica, accessed October 12, 2016. ""Mumbai,"" Encyclopedia Britannica, accessed October 12, 2016.",TimesOfIndia1892,newspaper-article,,"""The Isle of Skulls,""",,,13,June,1892,1892-06-13,,"Mumbai, Maharashtra, India",
257,Alexandria (IN) Times-Tribune,"The Times-Tribune (1903-current) is a newspaper originally out of Alexandria, Indiana, a town just north of Indianapolis. The newspaper was formed when the Times Company combined the Times (founded in 1885) and the Tribune (founded in 1898) to form the new paper, both of which were founded by Thomas French. French was instrumental in encouraging natural gas speculation in the area, which which ultimately drew manufacturors, including glassmakers, to set up business in the area. A population boom followed as the city grew from  from 715 in 1890 to 7,221 in 1900. Today, the Times-Tribune is a weekly published out of Elwood, Indiana, ten miles west of Alexandria.","""About The Alexandria times-tribune. (Elwood, IN) 1992-current,"" Chronicling America, accessed July 11, 2016. ""Alexandria Times-Tribune,"" Indiana Historical Society, accessed July 11, 2016, PDF. ""Glass History,"" Glass Trail, accessed July 11, 2016. U.S. Census Bureau, ""1890 Census,"" accessed July 11, 2016, PDF. U.S. Census Bureau, ""1900 Census,"" accessed July 11, 2016, PDF.",Gassaway1905_TTT,newspaper-article,"Gassaway, Frank.","""Story of a Woman Crusoe.""","5th year,",291,7,August,1905,1905-08-07,,"Elwood, Indiana",
254,Times (London),"The Times (1785-current) is a daily newspaper out of London, England, United Kingdom, founded by John Walter; it was originally called the The Daily Universal Register, but the paper changed names in 1788. The Times had remarkable editors throughout the 1800s: from Thomas Barnes (1817-41), who brought the independent paper into the public eye, to John T. Delane, who changed the way newspapers cover war by creating a war correspondent position. The circulation of the paper increased during the first half of the nineteenth century to 40,000 in 1850, but the last half of the century produced a decline in circulation. Today, the London Times is considered a newspaper of record.","Editors of Enclyopædia Britannica, ""The Times,"" Enclyopædia Britannica, accessed April 12, 2016. John Simkin, ""The Times,"" Spartacus Educational, accessed April 12, 2016.",TheTimes1879,newspaper-article,,"""A Female Crusoe.""",,"29,506",4,March,1879,1879-03-04,,"London, England, United Kingdom",
255,Philadelphia Times,"The Times (1875-1902) was a daily newspaper founded by Alexander McClure and Frank McLaughlin out of Philadelphia, Pennsylvania. Though McClure was a strong Republican during the Civil War, supporting Lincoln and holding various political offices himself, the paper did not have a political affiliation. The Times had a circulation of 40,000 in 1878. Philadelphia (pop. 847,170 in 1880) was becoming known for its many different manufacturing industries in the latter part of the 19th century.","""About The times. (Philadelphia, Pa.) 1875-1902,"" Chronicling America, accessed June 14, 2016. .Damon M. Laabs, ""McClure,Alexander Kelly,"" Pennsylvania Center for the Book, last updated 2006, accessed June 4, 2016. Pettengill’s Newspaper Directory and Advertisers’ Hand-book for 1878 (New York: S.M. Pettengill, 1878), accessed June 14, 2016, eBook. Philip B. Scranton, ""Philadelphia’s Industrial History: Context and Overview,"" Workshop of the World–Philadelphia, last updated 1990, accessed June 14, 2016. U.S. Census Bureau, ""1880 Census,"" accessed June 14, 2016, PDF.",TheTimes1885,newspaper-article,,"""A Feminine Crusoe. Eighteen Years on a Desert Island--How She Lived and Dressed.""",,"3,532",16,May,1885,1885-05-16,,"Philadelphia, Pennsylvania",
255,Philadelphia Times,"The Times (1875-1902) was a daily newspaper founded by Alexander McClure and Frank McLaughlin out of Philadelphia, Pennsylvania. Though McClure was a strong Republican during the Civil War, supporting Lincoln and holding various political offices himself, the paper did not have a political affiliation. The Times had a circulation of 40,000 in 1878. Philadelphia (pop. 847,170 in 1880) was becoming known for its many different manufacturing industries in the latter part of the 19th century.","""About The times. (Philadelphia, Pa.) 1875-1902,"" Chronicling America, accessed June 14, 2016. .Damon M. Laabs, ""McClure,Alexander Kelly,"" Pennsylvania Center for the Book, last updated 2006, accessed June 4, 2016. Pettengill’s Newspaper Directory and Advertisers’ Hand-book for 1878 (New York: S.M. Pettengill, 1878), accessed June 14, 2016, eBook. Philip B. Scranton, ""Philadelphia’s Industrial History: Context and Overview,"" Workshop of the World–Philadelphia, last updated 1990, accessed June 14, 2016. U.S. Census Bureau, ""1880 Census,"" accessed June 14, 2016, PDF.",TheTimes1899,newspaper-article,,"""To Explore the Channel Islands.""",,"8,610",30,April,1899,1899-04-30,,"Philadelphia, Pennsylvania",
259,Topeka (KS) Daily Capital,"The Topeka Daily Captial (1879-1980) was a daily newspaper founded by Joseph Kennedy Hudson and E. E. Ewing. They used the first electric motor printing press in the country. Arthur Capper had taken over the Daily Capital by 1904. The paper had a circulation of 30,000 by 1909. Topeka was growing as a railroad city during the beginning of the Topeka Daily Captial; its population increased from just 15,452 in 1880 to 43,684 in 1910.","""The Capital-Journal’s Roots Run Deep,"" Topeka Capital-Journal, last updated June 1, 2003, accessed June 14, 2016. ""History of Topeka, Kansas,"" United States History, accessed June 14, 2016. Jan Biles, ""Arthur Capper: His legacy lives on,"" Topeka Capital-Journal, last updated October 5, 2003, accessed June 14, 2016. Kansas State Historical Society, Biennial Report, Volume 20 (Topeka: Society, 1916) accessed June 14, 2016, eBook. Marketing Communications, Volume 66 (n.p.: n.p., 1909), accessed June 14, 2016, eBook. U.S. Census Bureau, ""1880 Census,"" accessed June 14, 2016, PDF. U.S. Census Bureau, ""1910 Census,"" accessed June 14, 2016, PDF.",TheTopekaDailyCapital1885,newspaper-article,,"""A Feminine Crusoe. How She Lived Eighteen Years On A Desert Island. The Story of the Lost Woman of San Nicolas--Her Ingenuity and Fertility of Invention--A Wonderful History.""","7,",142,17,June,1885,1885-06-17,,"Topeka, Kansas",
259,Topeka (KS) Daily Capital,"The Topeka Daily Captial (1879-1980) was a daily newspaper founded by Joseph Kennedy Hudson and E. E. Ewing. They used the first electric motor printing press in the country. Arthur Capper had taken over the Daily Capital by 1904. The paper had a circulation of 30,000 by 1909. Topeka was growing as a railroad city during the beginning of the Topeka Daily Captial; its population increased from just 15,452 in 1880 to 43,684 in 1910.","""The Capital-Journal’s Roots Run Deep,"" Topeka Capital-Journal, last updated June 1, 2003, accessed June 14, 2016. ""History of Topeka, Kansas,"" United States History, accessed June 14, 2016. Jan Biles, ""Arthur Capper: His legacy lives on,"" Topeka Capital-Journal, last updated October 5, 2003, accessed June 14, 2016. Kansas State Historical Society, Biennial Report, Volume 20 (Topeka: Society, 1916) accessed June 14, 2016, eBook. Marketing Communications, Volume 66 (n.p.: n.p., 1909), accessed June 14, 2016, eBook. U.S. Census Bureau, ""1880 Census,"" accessed June 14, 2016, PDF. U.S. Census Bureau, ""1910 Census,"" accessed June 14, 2016, PDF.",Gassaway1905_TTDC,newspaper-article,"Gassaway, Frank.","""Woman Crusoe Dies Insane.""","29,",174,23,July,1905,1905-07-23,,"Topeka, Kansas",
261,St. Joseph (MI) Traveler-Herald,"The Traveler-Herald (1874-85) was a weekly Republican newspaper founded by Horace W. Guernsey in St. Joseph, Michigan; he merged two local papers, the Herald and Traveler. Leonard J. Merchant was the editor and publisher in 1882, when the paper had a circulation of over 500. The population in St. Joseph at this time was 2,994. The town was known as a resort as it sat on the coastline of Lake Michigan, and also had a very prominent fruit packaging industry.","""About St. Joseph traveler and herald. (St. Joseph, Mich.) 1874-1885,"" Chronicling America, accessed April 17, 2016. Damon A. Winslow, History of St. Joseph, Michigan (St. Joseph, MI: A.B. Morse), accessed April 17, 2016, eBook. Elaine Cotsirilos Thomopoulos, St. Joseph and Benton Harbor (Charleston, SC: Arcadia, 2003), accessed April 17, 2016, eBook.George P. Rowell & CO’s American Newspaper Directory (New York: George P. Rowell, 1882), accessed April 17, 2016, eBook. ""The Riviera of the Midwest,"" City of St. Joseph, accessed April 17, 2016.",Hardacre1880_TH,newspaper-article,"Hardacre, Emma.","""Eighteen Years Alone. A Tale of the Pacific.""",,,18,September,1880,1880-09-18,,"Saint Joseph, Michigan",
262,Troy (NY) Daily Times,"The Troy Daily Times (1851-1903) was a daily Republican newspaper founded by John Morgan Francis out of Troy, New York. Its primary focus was state and local news, and it had a circulation of around 3,000 in 1878. Troy (pop. 56,747 in 1880) was a transportation hub located on the Hudson River and had a prominent cuff and collar industry.","""About The Troy daily times. (Troy [N.Y.]) 1851-1903,"" Chronicling America, accssed April 17, 2016. Irving Browne, ed., The Albany Law Journal (Albany: Weed, Parsons, 1879), accessed April 17, 2016, eBook. James S. Corsaro and Kathleen D. Roe, Gerald Zahavi and Susan McCormick, eds., ""Labor and Industry in Troy and Cohoes: A Brief History,"" University at Albany, accessed April 17, 2016. Michael A. Esposito, Troy’s Little Italy (Charleston, SC: Arcadia, 2009), accessed April 17, 2016, eBook. Pettengill’s Newspaper Directory and Advertiser’s Hand-book for 1878 (New York: S.M. Pettengill, 1878), accessed April 17, 2016, eBook. ""Troy History,"" Conservatory, accessed April 17, 2016. U.S. Census Bureau, ""1880 Census,"" accessed April 17, 2016, PDF.",Hardacre1880_TTDT,newspaper-article,"Hardacre, Emma Chamberlain.","""Eighteen Years Alone. A Tale of the Pacific.""","30,",67,11,September,1880,1880-09-11,,"Troy, New York",
263,Troy (NY) Record,"The Troy Record (1896-current) is a daily newspaper founded by the Troy Record Company out of Troy, New York. Dwight Marvin was the editor from 1915 until 1958. Troy, a city just northeast of Albany, had a population of 72,311 in 1950.","""About The record. (Troy, N.Y.) 1988-current,"" Chronicling America, accessed August 2, 2016.  A.L. Miller, ""The Editorial Page of Tomorrow,"" Univeristy of Michigan Official Publication 41, no. 68 (1940): 32, accessed August 2, 2016, eBook. ""Dwight Marvin Had Outstanding Career,"" The Troy Record, April 12, 1971, accessed August 1, 2016. George Baker Anderson, Landmarks of Rensselaer County, New York (Syracruse, NY: D. Mason, 1897), accessed August 2, 2016, eBook. U.S. Census Bureau, ""1950 Census,"" accessed August 2, 2016, PDF.",TheTroyRecord1953,newspaper-article,,"""California Island Yields Indian Lore.""","Series 1953,",240,7,October,1953,1953-10-07,,"Troy, New York",
264,"Upper Des Moines (Algona, IA)","The Upper Des Moines (1865-current) is a weekly newspaper founded by Lizzie Read out of Algona, Iowa; however, she was soon bought out by J. H. Warren. Harvey Ingham was the editor and owner in the 1890s until 1902 when he sold the paper to merge it with the Republican to form the Upper Des Moines Republican. Today, the paper goes by the name Algona Upper Des Moines. Algona had a population of 2,068 in 1890.","""About The Algona upper Des Moines. (Algona, Iowa) 1933-current,"" Chronicling America, accessed June 22, 2016. Benjamin F. Reed, History of Kossuth County, Iowa (Chicago: S. J. Clarke, 1913), accessed June 22, 2016, eBook. History of Kossuth, Hancock and Winnebago Counties, Iowa (Springfield, IL: Union, 1894), accessed August 2, 1060, eBook. Johnson Brigham, Des Moines (Chicago, S. J. Clarke, 1911), accessed June 22, 2016. U.S. Census Bureau, ""1890 Census,"" accessed June 22, 2016, PDF.",TheUpperDesMoines1892,newspaper-article,,"""The Isle Of Skulls. A Woman's Lonely Life--Surrounded by the Bones of Her Tribe.""","27,",5,27,April,1892,1892-04-27,,"Algona, Iowa",
265,Utica (NY) Daily Observer,"The Utica Daily Observer (1848-84) was a daily paper founded by Eliasaph Dorchester out of Utica, New York. The paper originated as the weekly  Observer, but the daily was created in 1848. Dewitt C. Grove became the editor in 1852 when the Observer combined with the Democrat, and he held that position for the next thirty years. During this time, he also took on E. Prentiss Bailey as a partner, and Bailey succeeded him as editor. During the next 75 years, Baileys would work for the Utica Daily Observer. The paper had a circulation of 3,500 in 1876; the city was known as a trade hub.","""About Utica daily observer. (Utica, N.Y.) 848-1884,"" Chronicling America, accessed April 4, 2016. Bob Mundrick, ed., A History of the Observer Dispatch, accessed April 5, 2016, PDF. C. A. Cook & Co.’s United States Newspaper Directory (Chicago: C. A. Cook, 1876), accessed April 5, 2016, eBook. M.M. Bagg, ed., Memorial History of Utica (Syracuse, NY: D. Mason, 1892), accessed April 5, 2016, eBook.",UticaDailyObserver1879,newspaper-article,,"""A Feminine Crusoe. A Strange Tale from the Pacific Ocean.""","31,",245,19,February,1879,1879-02-19,Grove & Bailey,"Utica, New York",Harold Frederic
265,Utica (NY) Daily Observer,"The Utica Daily Observer (1848-84) was a daily paper founded by Eliasaph Dorchester out of Utica, New York. The paper originated as the weekly  Observer, but the daily was created in 1848. Dewitt C. Grove became the editor in 1852 when the Observer combined with the Democrat, and he held that position for the next thirty years. During this time, he also took on E. Prentiss Bailey as a partner, and Bailey succeeded him as editor. During the next 75 years, Baileys would work for the Utica Daily Observer. The paper had a circulation of 3,500 in 1876; the city was known as a trade hub.","""About Utica daily observer. (Utica, N.Y.) 848-1884,"" Chronicling America, accessed April 4, 2016. Bob Mundrick, ed., A History of the Observer Dispatch, accessed April 5, 2016, PDF. C. A. Cook & Co.’s United States Newspaper Directory (Chicago: C. A. Cook, 1876), accessed April 5, 2016, eBook. M.M. Bagg, ed., Memorial History of Utica (Syracuse, NY: D. Mason, 1892), accessed April 5, 2016, eBook.",UticaObserver1885,newspaper-article,,"""A Feminine Crusoe. How She Lived Eighteen Years On a Desert Island. The Story of the Lost Woman of San Nicolas--Her Ingenuity and Fertility of Invention--A Wonderful History.""","38,",42,13,June,1885,1885-06-13,E.P. Bailey & Co.,"Utica, New York",
300,Wagga Wagga (AUS) Advertiser,"The Wagga Wagga Advertiser or Daily Advertiser (1868-current) is a newspaper founded by Thomas Darlow and Auber George Jones, both rich pastoralists, out of Wagga Wagga, New South Wales, Australia. The paper was originially a biweekly but progressed to a daily in 1910. The paper was founded to promote Wagga Wagga, provide local agricultural news, and to inform the public about broader world news in general, which was provided via telegraph. Another appeal of the Advertiser was the high quality paper it was printed on. The railway reached Wagga Wagga in 1879, which allowed the town to expand.","""About Us,"" The Advertiser, Fairfax Media, accessed October 12, 2016, http://www.dailyadvertiser.com.au/about-us/. ""History Timeline,"" Wagga Wagga, Wagga Wagga City Council website, accessed October 12, 2016. ""The Wagga Daily Advertiser Pty Ltd.,"" Charles Sturt University, Regional Archives Online Guide, accessed October 12, 2016, https://www.csu.edu.au/research/archives/collection/regional/agencies/dailyadv.",TheWaggaWaggaAdvertiser1879,newspaper-supplement-article,,"""A Female Crusoe,""","9,",no. 414,7,May,1879,1879-05-07,,"Wagga Wagga, New South Wales, Australia",
301,Warwick (AUS) Examiner and Times,"The Warwick Examiner and Times (1864-1919) was a newspaper founded by George Clark out of Warwick, Queensland, Australia; it was originally a tri-weekly, but changed to printing biweekly in the 1880s. Clark started the paper in order to espouse his pro-squatter views locally. The paper was merged with the Warwick Argus in 1919 to form the Dily News. The Warwick area, and founder George Clark, were known for prominence in wool production.","""About Us,"" Warwick Daily News, Australian Regional Media, accessed October 12, 2016, http://www.warwickdailynews.com.au/aboutus/. Pugh’s Queensland’s Almanac (Brisbane, Queensland: William Thorne, 1887), accessed October 12, 2016, eBook. ""Talgai Homestead,"" Australian e-Heritage Portal, University of Queensland, accessed October 12, 2016, http://eheritage.metadata.net/record/QLD-600006.",TheWarwickExaminerAndTimes1879,newspaper-article,,"""A Female Crusoe,""","13,",no. 624,24,May,1879,1879-05-24,,"Warwick, Queensland, Australia",
269,Washington Post,"The Washington Post (1877-current) is a daily newspaper founded by Stilson Hutchins out of Washington, D. C.; it was originally used to promote the Democratic Party, but it had dropped political associations by 1888. Frank Hatton and Beriah Wilkins bought the Washington Post in 1889, increasing the reputation and circulation of the paper. They hired John Philips Sousa to write the ""Washington Post March"" for an essay contest that they sponsored The Washington Post had a circulation of about 16,000 every day and 20,000 weekly during the l890s. In 1905, the paper was sold to John R. McLean, who printed many sensational stories. Today, the Washington Post is one of the nation’s leading newspapers and has won over 40 Pulitzer Prizes.","Editors of the Encyclopedia Britannica, ""The Washington Post,"" Encyclopedia Britannica, accessed July 4, 2016. John Kelly, ""Answer Man: The Melodious Newspaper,"" The Washington Post, July 26, 2004, accessed July 4, 2016. ""The Washington Post Company,"" Encyclopedia.com, last updated 2006, accessed July 4, 2016.",Tinsley1901,newspaper-article,"Tinsley, Henry G.","""Island of Mystery. San Nicolas, One of the Channel Islands, Pacific Coast. Little Of It Known to World.""",,"9,255",13,October,1901,1901-10-13,,"Washington, DC",
269,Washington Post,"The Washington Post (1877-current) is a daily newspaper founded by Stilson Hutchins out of Washington, D. C.; it was originally used to promote the Democratic Party, but it had dropped political associations by 1888. Frank Hatton and Beriah Wilkins bought the Washington Post in 1889, increasing the reputation and circulation of the paper. They hired John Philips Sousa to write the ""Washington Post March"" for an essay contest that they sponsored The Washington Post had a circulation of about 16,000 every day and 20,000 weekly during the l890s. In 1905, the paper was sold to John R. McLean, who printed many sensational stories. Today, the Washington Post is one of the nation’s leading newspapers and has won over 40 Pulitzer Prizes.","Editors of the Encyclopedia Britannica, ""The Washington Post,"" Encyclopedia Britannica, accessed July 4, 2016. John Kelly, ""Answer Man: The Melodious Newspaper,"" The Washington Post, July 26, 2004, accessed July 4, 2016. ""The Washington Post Company,"" Encyclopedia.com, last updated 2006, accessed July 4, 2016.",TheWashingtonPost1905,newspaper-article,,"""Story of a Woman Crusoe.""",,,2,July,1905,1905-07-02,,"Washington, DC.",
270,"Watkins (Watkins Glen, NY) Express","The Watkins Express (1854-1988) was a weekly newspaper founded by S. M. Taylor out of Watkins Glen (formerly Watkins), New York. Levi M. Gano was the editor in 1877 when the Republican paper had a circulation of 1,450. Schuyler County had a population of 18,928 in 1875. Manufacturing and mining were the main industries during this time, and tourism was growing, especially to Watkins Glen, a natural gorge just outside of Watkins.","""About Watkins express. (Watkins, N.Y.) 1854-1988,"" Chronicling America, accessed April 5, 2016. Hamilton Child, ed., Gazetteer and Business Directory of Chemung and Schuyler Counties, N.Y., for 1868-9 (Syracuse, NY: Journal Office, 1869), accessed April 10, 2016, eBook. History of Tioga, Chemung, Tompkins, and Schuyler Counties, New York (Philadelphia: Everts & Ensign, 1879), accessed April 5, 2016, eBook. Pettengill’s Newspaper Directory and Advertiser’s Hand-book for 1878 (New York: S.M. Pettengill, 1878), accessed April 10, 2016, eBook.",WatkinsExpress1879,newspaper-article,,"""A Feminine Crusoe. Alone on a Dreary Desert Island for Eighteen Years.""","25,",41,27,February,1879,1879-02-27,Levi M. Gano,"Watkins Glen, New York",Levi M. Gano
270,"Watkins (Watkins Glen, NY) Express","The Watkins Express (1854-1988) was a weekly newspaper founded by S. M. Taylor out of Watkins Glen (formerly Watkins), New York. Levi M. Gano was the editor in 1877 when the Republican paper had a circulation of 1,450. Schuyler County had a population of 18,928 in 1875. Manufacturing and mining were the main industries during this time, and tourism was growing, especially to Watkins Glen, a natural gorge just outside of Watkins.","""About Watkins express. (Watkins, N.Y.) 1854-1988,"" Chronicling America, accessed April 5, 2016. Hamilton Child, ed., Gazetteer and Business Directory of Chemung and Schuyler Counties, N.Y., for 1868-9 (Syracuse, NY: Journal Office, 1869), accessed April 10, 2016, eBook. History of Tioga, Chemung, Tompkins, and Schuyler Counties, New York (Philadelphia: Everts & Ensign, 1879), accessed April 5, 2016, eBook. Pettengill’s Newspaper Directory and Advertiser’s Hand-book for 1878 (New York: S.M. Pettengill, 1878), accessed April 10, 2016, eBook.",Hardacre1880_WE,newspaper-article,"Hardacre, Emma.","""Eighteen Years Alone: A Tale of the Pacific.""","27,",16,2,September,1880,1880-09-02,Levi M. Gano,"Watkins Glen, New York",Levi M. Gano
271,Ventura (CA) Weekly Free Press,"The Weekly Free Press (1875-1925) was a weekly newspaper founded by O.P. Hoddy out of Ventura, California. The paper changed names in 1894 to the Ventura Free Press. Ventura had a population of 2,320 in 1890.","""About Ventura free press. (Ventura, Calif.) 1894-1925,"" Chronicling America, accessed June 19, 2016. James Miller Guinn, History and Biographical Record of Southern California (Chicago: Chapman, 1902), accessed June 19, 2016, eBook. U.S. Census Bureau, ""1890 Census,"" accessed June 17, 2016, PDF.",TheWeeklyFreePress1891,newspaper-article,,"""Miles of Human Bones. Discoveries of a Party Who Went to San Nickolas.""","8,",34,28,August,1891,1891-08-28,,"Ventura, California",
273,Auburn (NY) Weekly News and Democrat,"The Weekly News and Democrat (1872-97) is a weekly newspaper founded by the Auburn Printing Company, out of Auburn, New York. William J. Moses was president in 1881 when the paper reached a circulation of 950. Auburn had a population of 21,924 in 1880 and had many industries, including the manufacturing of starch and farm equipment.","""About Weekly news and Democrat. (Auburn, N.Y.) 1874-1897,"" Chronicling America, accessed June 16, 2016.  C.A. Cooke, C.A. Cooke and Co.’s United States Newspaper Directory Revised (Chicago: n.p., 1881), accessed March 22, 2016, eBook.  Cayuga County Historical Society, History of Cayuga County, New York (Auburn, NY: n.p., 1908), accessed June 16, 2016, eBook. U.S. Census Bureau, ""1880 Census,"" accessed June 16, 2016, PDF.",WeeklyNewsAndDemocrat1885,newspaper-article,,"""A Feminine Crusoe. How She Was Abandoned--Eighteen Years on a Desert Island--How She Lived and Dressed.""","14,",27,11,June,1885,1885-06-11,,"Auburn, New York",
280,Weekly Wisconsin,"The Weekly Wisconsin (1847-1900) was a weekly newspaper out of Milwaukee, Wisconsin founded by W.E. Cramer. Cramer and his partner, a man named Curtis, produced the paper throughout most of the nineteenth century. Milwaukee (pop. 20,061), a new trade hub in the 1850s, had a large population of German immigrants.","""About Weekly Wisconsin. (Milwaukee, Wis.) 1847-1900,"" Chronicling America, accessed September 19, 2016. Ellen M. Rohr, ""Milwaukee County Newspapers 1833-1957,"" Milwaukee County, accessed September 19, 2016. ""Milwaukee Timeline,"" Milwaukee County Historical Society, accessed September 19, 2016. ""Survey of Historical Activities,"" Wisconsin Magazine of History 2 (1918-19): 111, accessed September 19, 2016, eBook. U.S. Census Bureau, ""1850 Census,"" accessed September 19, 2016, PDF.",WeeklyWisconsin1853,newspaper-article,,"""A Female Robinson Crusoe,""","7,",no. 26,16,November,1853,1853-11-16,,"Milwaukee, Wisconsin",
318,Charlotte (NC) Western Democrat,"The Western Democrat (1852-81) was founded by Robert P. Waring and Rufus M. Herron out of Charlotte, North Carolina. William James Yates took over the paper in 1857, succeeding John J. Palmer. The Western Democrat was an organ of the Democratic party, and also was a family general interest paper. Charlotte (pop. 2,265 in 1860) was growing in the 1850s because of the newly established railroad.","""About The Charlotte Democrat. (Charlotte, N.C. 1870-1881,"" Chronicling America, accessed October 30, 2016. ""Communication and Transportation,"" Charlotte-Meckleburg Story, Charlotte Mecklenburg Library, accessed October 30, 2016. Edwin H. Mammen, ""Newspapers,"" NCpedia, State Library of North Carolina, 2006, accessed October 30, 2016, http://ncpedia.org/newspapers-part-2-political. Robert M. Topkins, ""Yates, William James,"" NCpedia, State Library of North Carolina, 1996, accessed October 2016. Thomas W. Hanchett, ""The Growth of Charlotte: A History,"" Charlotte-Mecklenburg Historic Landmarks Commission, accessed October 30, 2016, http://www.cmhpf.org/educhargrowth.htm. U.S. Census Bureau, ""1860 Census,"" accessed October 30, 2016, PDF.",WesternDemocrat1857,newspaper-article,"C. J. W. Russell,","""A California Cruise [Crusoe]. Narrative of a Woman Who Lived Eighteen Years Alone Upon the Island of San Nicholas,""",5,no. 33,17,February,1857,1857-02-17,,"Charlotte, North Carolina",William J. Yates; E. A. Yates
275,Wilson (NC) Mirror,"The Wilson Mirror (1881-?) was a Democratic weekly newspaper out of Wilson, North Carolina, a county seat. Henry W. Blount was the editor in the late 1880s, when the paper had a circulation of 1,026. Wilson had a population of 2,126 in 1890 and was known for tobacco; it is located in eastern North Carolina, on the coastal plains.","""About The Wilson Mirr. (Wilson, N.C.) 188?-18??,"" Chronicling America, accessed June 26, 2016. Charles H. Darden High School, The Trojan [1959] (Wilson, NC: n.p., 1959), accessed June 26, 2016, eBook.George P. Rowell & Co.’s American Newspaper Directory (New York: George P. Rowell, 1880), accessed June 26, 2016, eBook. ""The History of Wilson County: An Overview,"" Wilson County, North Carolina, accessed June 26, 2016. L. Branson, Branson’s North Carolina (Raleigh, NC: n.p., 1889), accessed June 26, 2016, eBook. U.S. Census Bureau, ""1890 Census,"" accessed June 26, 2016, PDF.",TheWilsonMirror1893,newspaper-article,,"""A Female Crusoe.""","12,",22,6,September,1893,1893-09-06,,"Wilson, North Carolina",
276,Winona (MN) Daily Republican,"The Winona Daily Republican (1859-1901) was a Republican newspaper out of Winona, Minnesota, founded as a joint venture by various stockholders, with Walter G. Dye as business manager. Winona, a mill town, had a population of 10,187 in 1880.","""About The Winona daily Republican. (Winona, Minn.) 1859-1901,"" Chronicling America, accessed 14 March 2016. History of Winona County (Chicago: H. H. Hill and Company, 1883), accessed 14 March 2016, eBook.",Stuart1878,newspaper-article,"Stuart, Absalom B.","""A Female Robinson Crusoe. A Wonderful Romance In Real Life--Eighteen Years Alone On the Island of San Nicholas, ON the Coast of Southern California.""","19,","5,865",30,December,1878,1878-12-30,,"Winona, Minnesota",
278,New York World,"The World (1860-1931) was a daily newspaper founded by Alexander Cummings out of New York. Originally a religious broadside, it switched to Republican affiliations and then to Democratic as it changed owners. Once Joseph Pulitzer acquired the paper, all associations were dropped and the World became entangled in the now famous rivalry with William Randolph Hearst’s New York Journal, ushering in the era of Yellow Journalism. Both papers went to extraordinary lengths to encourage and then cover the Spanish-American War, chartering boats to send reporters to Cuba to cover the story. Though this brought the World’s circulation to 1.5 million, the paper was running a deficit and had to scale back. In 1931, the World merged with the New York Evening Telegram to form the World-Telegram.","Editors of the Encyclopedia Britannica, ""New York World,"" Encyclopedia Britannica, accessed June 29, 2016. Frank Luther Mott, American Journalism: A History of Newspapers in the United States Through 250 Years: 1690 to 1940 (New York: The Macmillan Company, 1941), 350-1, 527-38. Jack Shafer, ""The Lost World of Joseph Pulitzer,"" Slate, accessed June 29, 2016.",TheWorld1899,newspaper-article,,"""Expedition to Clear Up the Mystery of the Wild Woman of San Nicolas Island.""","40,","14,012",31,December,1899,1900-01-01,,"New York, New York",
279,Boston Youth's Companion,"The Youth’s Companion (1827-1929) was a weekly magazine founded by Nathaniel Willis out of Boston. The periodical originally had a narrowly religious focus, but once Daniel Sharp Ford took over in 1857, the magazine expanded its content to include various materials and short story serials written by popular writers including Harriet Beecher Stowe, Mark Twain, and Jack London. The changed focus was reflected in the decision to drop the Youth’s from the title. As a general interest family magazine, the Companion still censored its content to avoid references about tobacco and alcohol. It reached a circulation of 385,000 in 1885. It is also credited for being the first to print the Pledge of Allegiance, in 1892.","Frank Luther Mott, A History of American Magazines 1741-1850 (Cambridge: Harvard University Press, 1958), accessed February 28, 2016, eBook. John W. Baer, ""The Youth’s Companion Pledge,"" The Pledge of Allegiance, A Revised History and Analysis, 2007 (Annapolis, MD: Free State, 2007), accessed April 17, 2016, eBook.",TheYouthsCompanion1880,newspaper-article,,"""A Female Crusoe.""","53,",40,30,September,1880,1880-09-30,,"Boston, Massachusetts",
53,"Cayuga Chief (Fort Atkinson, WI)","The Cayuga Chief (1849-57) was a weekly temperance journal founded by Thurlow Weed Brown and his sister, Emma, out of Auburn, New York. He brought the journal to a circulation of around 3,000. After eight years, the Browns moved to Fort Atkinson, Wisconsin, for health reasons and a fascination for the West. The paper moved with them, and its name was changed soon after to The Wisconsin Chief, which ran from 1857-1889. Once moved, the paper seldom reached a circulation of higher than 2,000, and many of those readers were still following the paper from New York. Thurlow did most of the writing, while Emma did the printing.","""About Cayuga chief. (Auburn, N.Y.) 1849-1857,"" Chronicling America, accessed April 10, 2016. ""About The Wisconsin chief. (Fort Atkinson, Wis.) 1857-1889,"" Chronicling America, accessed April 10, 2016. Genevieve G. McBride, On Wisconsin Women (Madison: University of Wisconsin Press, 1993), accessed April 10, 2016, eBook.",Russell1857_CC,newspaper-article,"Russell, C. J. W.","""A Female Crusoe.""","8,",51,29,May,1857,1857-05-20,,"Fort Atkinson, Wisconsin",
77,Newburyport (MA) Daily Herald,"The Daily Herald (1832-65) was a daily Whig newspaper founded by Ephraim W. Allen out of Newburyport, Massachusetts. Soon after its founding, Allen sold the paper to Joseph Morse and William Brewster, who had ownership of the paper until the mid 1850s. Newburyport had a population of 12,866 in 1852, and its main industries were fishing, iron, and goods manufacturing.","John J. Currier, History of Newburyport, Mass. 1764-1905 (Newburyport, Mass.: John J. Currier, 1906), accessed February 9, 2016, eBook. The Massachusetts Register for the Year 1855 (Boston: George Adams, 1855), accessed February 9, 2016, eBook.",TheDailyHerald1853,newspaper-article,C.,"""Correspondence of the Herald.""","22,",94,20,October,1853,1853-10-20,,"Newburyport, Massachusetts",
145,"Long-Islander (Huntington, NY)","The Long-Islander (1838-present) is a weekly newspaper founded in Huntington, New York, by nineteen-year-old Walt Whitman. Although financed by business partners, Whitman did all the writing, editing, printing, and delivering himself. This, and the fact that Whitman accepted various household goods such as potatoes as payment, led to sporadic deliveries; circulation never exceeded 200. Luckily for the longevity of the paper, Whitman sold the paper, after less than a year, to E. O. Crowell, who regularized and popularized the paper over the next ten years. In the mid-nineteenth century, Long Island was primarily agricultural with shipping and fishing industries. The railroad came through in the 1840s, connecting the region to New York City.","""19th Century Industry,"" Town of Huntington, Long Island, New York, Town of Huntington, accessed November 6, 2016. ""About The Long-Islander. (Huntington [N.Y.]) 1839-current,"" Chronicling America, accessed November 6, 2016. ""About Us,"" Long-Islander News, accessed November 6, 2016, http://www.longislandernews.com/about-us/. Catherine Reef, ""A First Rate Loafer,"" Walt Whitman (New York: Clarion, 1995), accessed November 6, 2016, eBook. David S. Reynolds, ""Dark Passages, Teaching and Early Authorship,"" Walt Whitman’s America, A Cultural Biography (New York: Vintage, 1995), accessed November 6, 2016, eBook. Karen Karbiener, ""Long Islander,"" Commentary: Selected Criticism, The Walt Whitman Archive, accessed November 6, 2016, http://www.whitmanarchive.org/criticism/current/encyclopedia/entry_31.html.",LongIslander1848,newspaper-article,,"""A Female Crusoe.""","9,",24  (whole no. 441),21,January,1848,1848-01-21,,"Huntington, New York",
267,Vermont Journal,"The Vermont Journal (1844-1965) was a weekly newspaper out of Windsor, Vermont, originally founded by Alden Spooner in 1783 as The Vermont Journal and Universal Advertiser. The Republican paper switched names as often as it switched editors until Charles Merrifield, Spooner’s grandson, settled upon its final title. Windsor had a population of 2,500 in 1849, and the major industry was rifle making.","""About Vermont journal. (Windsor, VT.) 1844-1965,"" Chronicling America, accessed February 9, 2016. George P. Rowell & Co’s American Newspaper Directory (New York: George P. Rowell, 1880), accessed February 9, 2016, eBook. Katherine E Conlin, Wilma Burnham Paronto, and Stella Vitty Henry, Chronicles of Windsor (Taftsville, VT.: The Countryman Press, 1977), 48-9, 237.",TheVermontJournal1847,newspaper-article,,"""A Female Crusoe.""","4,",12,10,September,1847,1847-09-10,,"Windsor, Vermont",
277,Wisconsin Herald,"The Wisconsin Herald (1843-?), originally the Grant County Herald, was a weekly paper out of Lancaster, Wisconsin. James M. Goodhue became the editor in 1845 when the circulation was only 250, adding local color to the paper’s previously purely reprinted material. Readership increased. Originally, the paper had no party affiliations, but by 1847, Goodhue’s Whig support was showing through in the columns. Lancaster was a small but growing community as the seat of Grant County, with a population of 933 in 1848. Agriculture was the main industry, but there were also many mining communities surrounding the town.","""About Wisconsin herald. (Lancaster, Wis.) 1846-1849,"" Chronicling America, accessed February 9, 2016. Castello N. Holford, History of Grant County Wisconsin (Lancaster, WI: The Teller Print, 1900), accessed February 9, 2016, eBook. Mary Wheelhouse Brethel, Horns of Thunder (St. Paul, MN: Minnesota Historical Society, 1948), 11-20.",WisconsinHerald1847,newspaper-article,,"""A Female Crusoe.""","5,",1,13,March,1847,1847-03-13,,"Lancaster, Wisconsin",
64,Corsicana (TX) Daily Sun,"TheCorsicana Daily Sun (1895-current) is a newspaper out of Corsicana, Texas; Albert A. Wortham and Lowry Martin became the proprietors in the early 1900s and continued in this enterprise until Wortham’s death in 1924. Corsicana (pop. 11,356 in 1920) was known in the 1920s for its oil fields and cotton production.","""Obituaries from Navarro County, Texas,"" The USGenWeb Project, accessed July 18, 2016. Christopher Long, ""Corsicana, TX,"" Handbook of Texas, May 19, 2013, accessed July 18, 2016, PDF. C. L. Jester, History of Navarro County, Texas (Corsicana, TX: Corsicana Daily Sun, 1922), accessed July 18, 2016, eBook. Tommy Stringer, Corsicana (Charleston, SC: Arcadia, 2010), accessed July 18, 2016, eBook. U.S. Census Bureau, ""1920 Census,"" accessed July 18, 2016, PDF.",CorsicanaDailySun1921,newspaper-article,,"""Alone For Eighteen Years. Indian Woman, Abandoned on Desert Island, Finally Found by Party of Otter Hunters.""","23,",266,20,June,1921,1921-06-20,,"Corsicana, Texas",
341,The New Hampshire Sentinel,"The New Hampshire Sentinel (1799-current) is a weekly newspaper founded by John Prentiss out of Keene, New Hampshire. Prentiss was 21 when he started the paper, which had just 70 subscribers at the onset. He accepted various forms of household goods as payment. The paper switched owners multiple times after Prentiss’ retirement in 1849 until his grandson William H. Prentiss purchased the paper in 1880. During its earliest years, the New Hampshire Sentinel was identified first as a Federalist, then as a Whig and Republican paper. The Sentinel had a circulation of 3,800 in 1878. Keene (pop. of 6,786 in 1880) had prominent chair making and milling industries.","John Weeks Moore, Moore’s Historical, Biographical, and Miscellaneous Gatherings (Concord, NH: Republican Press, 1886), accessed June 13, 2016, eBook. Keene History Committee, ""Upper Ashuelot"" (Keene: City of Keene, N.H., 1968), accessed June 13, 2016, eBook. New England Historic Genealogical Society Staff, The New England Historical and Genealogical Register (n.p.: Heritage Books, 1995), accessed June 13, 2016, eBook. Pettengill’s Newspaper Directory (New York: S. M. Pettengill, 1878), accessed June 13, 2016, eBook. Simon Goodell Griffen, A History of the Town of Keene (Keene, NH: Sentinel, 1904), accessed June 13, 2016, eBook.",NewhampshireSentinel1885,newspaper-article,Fred Spalding Witter,"""A Feminine Crusoe. Eighteen Years Alone on a Desert Seventy Miles from Shore""",,,10,June,1885,1885-06-10,,"Keene, New Hampshire",
